{
  "freeze_path": "/Users/yashnilmohanty/Desktop/HABs_Research/Data/Derived/HAB_convLSTM_core_v1_clean.nc",
  "ckpt_path": "/Users/yashnilmohanty/HAB_Models/convLSTM_best.pt",
  "seq": 6,
  "lead": 1,
  "global": [
    {
      "subset": "train",
      "rmse_log_model": 1.005672574043274,
      "rmse_log_pers": 0.8926737308502197,
      "mae_log_model": 0.7999715805053711,
      "mae_log_pers": 0.6173958778381348,
      "rmse_mg_model": 7.3622307777404785,
      "rmse_mg_pers": 6.298438549041748,
      "mae_mg_model": 3.658115863800049,
      "mae_mg_pers": 2.6225931644439697,
      "skill_log_pct": -12.658464908599854,
      "skill_mg_pct": -16.889774799346924
    },
    {
      "subset": "val",
      "rmse_log_model": 0.962378978729248,
      "rmse_log_pers": 0.8542553782463074,
      "mae_log_model": 0.7641534805297852,
      "mae_log_pers": 0.5965567231178284,
      "rmse_mg_model": 6.909951210021973,
      "rmse_mg_pers": 5.800528049468994,
      "mae_mg_model": 3.4155280590057373,
      "mae_mg_pers": 2.3842711448669434,
      "skill_log_pct": -12.657058238983154,
      "skill_mg_pct": -19.126248359680176
    },
    {
      "subset": "test",
      "rmse_log_model": 0.9744494557380676,
      "rmse_log_pers": 0.888878345489502,
      "mae_log_model": 0.7715914249420166,
      "mae_log_pers": 0.6242852807044983,
      "rmse_mg_model": 6.918678283691406,
      "rmse_mg_pers": 6.138978958129883,
      "mae_mg_model": 3.509410858154297,
      "mae_mg_pers": 2.6397693157196045,
      "skill_log_pct": -9.62686538696289,
      "skill_mg_pct": -12.700796127319336
    },
    {
      "subset": "all",
      "rmse_log_model": 0.9945089221000671,
      "rmse_log_pers": 0.8859940767288208,
      "mae_log_model": 0.790259599685669,
      "mae_log_pers": 0.6149302124977112,
      "rmse_mg_model": 7.2309184074401855,
      "rmse_mg_pers": 6.198110580444336,
      "mae_mg_model": 3.598259687423706,
      "mae_mg_pers": 2.5860097408294678,
      "skill_log_pct": -12.247812747955322,
      "skill_mg_pct": -16.663265228271484
    }
  ],
  "quartiles": [
    {
      "bin": 0,
      "rmse_log_model": 1.00148344039917,
      "rmse_log_pers": 0.8006047010421753,
      "mae_log_model": 0.7933699488639832,
      "mae_log_pers": 0.5344692468643188,
      "rmse_mg_model": 5.884637832641602,
      "rmse_mg_pers": 4.77523946762085,
      "mae_mg_model": 2.7107489109039307,
      "mae_mg_pers": 1.6707139015197754,
      "skill_log_pct": -25.09087324142456,
      "skill_mg_pct": -23.23230504989624,
      "bin_label": "<Q1(1.13)"
    },
    {
      "bin": 1,
      "rmse_log_model": 0.9948346614837646,
      "rmse_log_pers": 0.8332163095474243,
      "mae_log_model": 0.7992035746574402,
      "mae_log_pers": 0.5748496651649475,
      "rmse_mg_model": 6.765682697296143,
      "rmse_mg_pers": 5.524281024932861,
      "mae_mg_model": 3.2842214107513428,
      "mae_mg_pers": 2.162837266921997,
      "skill_log_pct": -19.39692497253418,
      "skill_mg_pct": -22.4717378616333,
      "bin_label": "Q1-Q2(1.13-1.44)"
    },
    {
      "bin": 2,
      "rmse_log_model": 1.0063449144363403,
      "rmse_log_pers": 0.9267339706420898,
      "mae_log_model": 0.7943891286849976,
      "mae_log_pers": 0.6502275466918945,
      "rmse_mg_model": 7.646925449371338,
      "rmse_mg_pers": 6.571290016174316,
      "mae_mg_model": 3.850285291671753,
      "mae_mg_pers": 2.8209986686706543,
      "skill_log_pct": -8.590483665466309,
      "skill_mg_pct": -16.36871099472046,
      "bin_label": "Q2-Q3(1.44-1.97)"
    },
    {
      "bin": 3,
      "rmse_log_model": 0.9751805067062378,
      "rmse_log_pers": 0.9721777439117432,
      "mae_log_model": 0.7741519808769226,
      "mae_log_pers": 0.6997717618942261,
      "rmse_mg_model": 8.377408981323242,
      "rmse_mg_pers": 7.554830551147461,
      "mae_mg_model": 4.543304920196533,
      "mae_mg_pers": 3.684283494949341,
      "skill_log_pct": -0.3088712692260742,
      "skill_mg_pct": -10.888111591339111,
      "bin_label": ">=Q3(1.97)"
    }
  ],
  "month": [
    {
      "month": 1,
      "rmse_log_model": 0.7970314025878906,
      "rmse_log_pers": 0.6525371074676514,
      "mae_log_model": 0.6603527665138245,
      "mae_log_pers": 0.461897075176239,
      "rmse_mg_model": 2.708372116088867,
      "rmse_mg_pers": 2.3998560905456543,
      "mae_mg_model": 1.631199598312378,
      "mae_mg_pers": 1.0260599851608276,
      "skill_log_pct": -22.14345932006836,
      "skill_mg_pct": -12.85560131072998
    },
    {
      "month": 2,
      "rmse_log_model": 0.8524943590164185,
      "rmse_log_pers": 0.7216746211051941,
      "mae_log_model": 0.7007285952568054,
      "mae_log_pers": 0.5204848051071167,
      "rmse_mg_model": 3.3910861015319824,
      "rmse_mg_pers": 3.14674711227417,
      "mae_mg_model": 1.9531694650650024,
      "mae_mg_pers": 1.3155046701431274,
      "skill_log_pct": -18.12725067138672,
      "skill_mg_pct": -7.7648162841796875
    },
    {
      "month": 3,
      "rmse_log_model": 0.979335606098175,
      "rmse_log_pers": 0.9348431825637817,
      "mae_log_model": 0.7931559681892395,
      "mae_log_pers": 0.6700605154037476,
      "rmse_mg_model": 5.880008697509766,
      "rmse_mg_pers": 6.028149127960205,
      "mae_mg_model": 3.3407328128814697,
      "mae_mg_pers": 2.734046220779419,
      "skill_log_pct": -4.759347438812256,
      "skill_mg_pct": 2.4574756622314453
    },
    {
      "month": 4,
      "rmse_log_model": 1.1495380401611328,
      "rmse_log_pers": 1.0761381387710571,
      "mae_log_model": 0.937640368938446,
      "mae_log_pers": 0.7813391089439392,
      "rmse_mg_model": 8.936636924743652,
      "rmse_mg_pers": 8.275324821472168,
      "mae_mg_model": 5.059406280517578,
      "mae_mg_pers": 4.047085285186768,
      "skill_log_pct": -6.8206787109375,
      "skill_mg_pct": -7.991373538970947
    },
    {
      "month": 5,
      "rmse_log_model": 1.1930283308029175,
      "rmse_log_pers": 1.0764200687408447,
      "mae_log_model": 0.9704777002334595,
      "mae_log_pers": 0.7648000121116638,
      "rmse_mg_model": 9.88279914855957,
      "rmse_mg_pers": 8.621326446533203,
      "mae_mg_model": 5.465785026550293,
      "mae_mg_pers": 4.043747901916504,
      "skill_log_pct": -10.83296537399292,
      "skill_mg_pct": -14.631998538970947
    },
    {
      "month": 6,
      "rmse_log_model": 1.1352566480636597,
      "rmse_log_pers": 1.0214977264404297,
      "mae_log_model": 0.9118658304214478,
      "mae_log_pers": 0.7146593928337097,
      "rmse_mg_model": 9.725601196289062,
      "rmse_mg_pers": 8.037057876586914,
      "mae_mg_model": 5.149012088775635,
      "mae_mg_pers": 3.6016805171966553,
      "skill_log_pct": -11.136484146118164,
      "skill_mg_pct": -21.009469032287598
    },
    {
      "month": 7,
      "rmse_log_model": 1.0752530097961426,
      "rmse_log_pers": 0.9213747978210449,
      "mae_log_model": 0.8432199358940125,
      "mae_log_pers": 0.626061201095581,
      "rmse_mg_model": 8.588850021362305,
      "rmse_mg_pers": 6.74639892578125,
      "mae_mg_model": 4.185838222503662,
      "mae_mg_pers": 2.7467942237854004,
      "skill_log_pct": -16.70093536376953,
      "skill_mg_pct": -27.310144901275635
    },
    {
      "month": 8,
      "rmse_log_model": 0.9822534322738647,
      "rmse_log_pers": 0.8989185094833374,
      "mae_log_model": 0.7670015692710876,
      "mae_log_pers": 0.6047715544700623,
      "rmse_mg_model": 7.639219760894775,
      "rmse_mg_pers": 6.471224308013916,
      "mae_mg_model": 3.6973674297332764,
      "mae_mg_pers": 2.596508264541626,
      "skill_log_pct": -9.270572662353516,
      "skill_mg_pct": -18.04906129837036
    },
    {
      "month": 9,
      "rmse_log_model": 0.9709333181381226,
      "rmse_log_pers": 0.8833903670310974,
      "mae_log_model": 0.7510321736335754,
      "mae_log_pers": 0.6203683018684387,
      "rmse_mg_model": 8.293128967285156,
      "rmse_mg_pers": 6.439484119415283,
      "mae_mg_model": 4.155427932739258,