metric,hits,miss,false_alarm,POD,FAR,CSI
bloom_≥5mg,224212,44446,246032,0.8345629015328007,0.52320072132765,0.43562532786725905
