lead_days,rmse_log
8,0.8142449855804443
16,0.8140442371368408
24,0.8138628602027893
32,0.8134632706642151
