/Users/yashnilmohanty/Desktop/habs-forecast/pinn/pinn_model.py:46: FutureWarning: `torch.cuda.amp.GradScaler(args...)` is deprecated. Please use `torch.amp.GradScaler('cuda', args...)` instead.
  SCALER    = GradScaler(enabled=MIXED_PREC)
/Users/yashnilmohanty/miniforge3/lib/python3.12/site-packages/torch/utils/data/dataloader.py:683: UserWarning: 'pin_memory' argument is set as true but not supported on MPS now, then device pinned memory won't be used.
  warnings.warn(warn_msg)
Using device: cpu

======================================================================
KAPPA (κ) ABLATION STUDY
======================================================================
Testing κ values: [1.0, 5.0, 10.0, 25.0, 50.0, 100.0, 500.0]
Fixed λ = 5.0
Epochs per run: 30


[1/7] Training with κ_init = 1.0
/Users/yashnilmohanty/Desktop/habs-forecast/pinn/pinn_model.py:46: FutureWarning: `torch.cuda.amp.GradScaler(args...)` is deprecated. Please use `torch.amp.GradScaler('cuda', args...)` instead.
  SCALER    = GradScaler(enabled=MIXED_PREC)
/Users/yashnilmohanty/Desktop/habs-forecast/pinn/pinn_model.py:46: FutureWarning: `torch.cuda.amp.GradScaler(args...)` is deprecated. Please use `torch.amp.GradScaler('cuda', args...)` instead.
  SCALER    = GradScaler(enabled=MIXED_PREC)
/Users/yashnilmohanty/Desktop/habs-forecast/pinn/pinn_model.py:46: FutureWarning: `torch.cuda.amp.GradScaler(args...)` is deprecated. Please use `torch.amp.GradScaler('cuda', args...)` instead.
  SCALER    = GradScaler(enabled=MIXED_PREC)
/Users/yashnilmohanty/Desktop/habs-forecast/pinn/pinn_model.py:46: FutureWarning: `torch.cuda.amp.GradScaler(args...)` is deprecated. Please use `torch.amp.GradScaler('cuda', args...)` instead.
  SCALER    = GradScaler(enabled=MIXED_PREC)
/Users/yashnilmohanty/Desktop/habs-forecast/pinn/ablation_studies.py:89: FutureWarning: `torch.cuda.amp.autocast(args...)` is deprecated. Please use `torch.amp.autocast('cuda', args...)` instead.
  with autocast(enabled=MIXED_PREC):
Using device: cpu
Using device: cpu
Using device: cpu
Using device: cpu
/Users/yashnilmohanty/Desktop/habs-forecast/pinn/pinn_model.py:46: FutureWarning: `torch.cuda.amp.GradScaler(args...)` is deprecated. Please use `torch.amp.GradScaler('cuda', args...)` instead.
  SCALER    = GradScaler(enabled=MIXED_PREC)
/Users/yashnilmohanty/Desktop/habs-forecast/pinn/pinn_model.py:46: FutureWarning: `torch.cuda.amp.GradScaler(args...)` is deprecated. Please use `torch.amp.GradScaler('cuda', args...)` instead.
  SCALER    = GradScaler(enabled=MIXED_PREC)
/Users/yashnilmohanty/Desktop/habs-forecast/pinn/ablation_studies.py:158: FutureWarning: `torch.cuda.amp.autocast(args...)` is deprecated. Please use `torch.amp.autocast('cuda', args...)` instead.
  with autocast(enabled=MIXED_PREC):
Using device: cpu
Using device: cpu
/Users/yashnilmohanty/Desktop/habs-forecast/pinn/pinn_model.py:46: FutureWarning: `torch.cuda.amp.GradScaler(args...)` is deprecated. Please use `torch.amp.GradScaler('cuda', args...)` instead.
  SCALER    = GradScaler(enabled=MIXED_PREC)
/Users/yashnilmohanty/Desktop/habs-forecast/pinn/pinn_model.py:46: FutureWarning: `torch.cuda.amp.GradScaler(args...)` is deprecated. Please use `torch.amp.GradScaler('cuda', args...)` instead.
  SCALER    = GradScaler(enabled=MIXED_PREC)
/Users/yashnilmohanty/Desktop/habs-forecast/pinn/pinn_model.py:46: FutureWarning: `torch.cuda.amp.GradScaler(args...)` is deprecated. Please use `torch.amp.GradScaler('cuda', args...)` instead.
  SCALER    = GradScaler(enabled=MIXED_PREC)
/Users/yashnilmohanty/Desktop/habs-forecast/pinn/pinn_model.py:46: FutureWarning: `torch.cuda.amp.GradScaler(args...)` is deprecated. Please use `torch.amp.GradScaler('cuda', args...)` instead.
  SCALER    = GradScaler(enabled=MIXED_PREC)
Using device: cpu
Using device: cpu
Using device: cpu
Using device: cpu
/Users/yashnilmohanty/Desktop/habs-forecast/pinn/pinn_model.py:46: FutureWarning: `torch.cuda.amp.GradScaler(args...)` is deprecated. Please use `torch.amp.GradScaler('cuda', args...)` instead.
  SCALER    = GradScaler(enabled=MIXED_PREC)
/Users/yashnilmohanty/Desktop/habs-forecast/pinn/pinn_model.py:46: FutureWarning: `torch.cuda.amp.GradScaler(args...)` is deprecated. Please use `torch.amp.GradScaler('cuda', args...)` instead.
  SCALER    = GradScaler(enabled=MIXED_PREC)
Using device: cpu
Using device: cpu
/Users/yashnilmohanty/Desktop/habs-forecast/pinn/pinn_model.py:46: FutureWarning: `torch.cuda.amp.GradScaler(args...)` is deprecated. Please use `torch.amp.GradScaler('cuda', args...)` instead.
  SCALER    = GradScaler(enabled=MIXED_PREC)
/Users/yashnilmohanty/Desktop/habs-forecast/pinn/pinn_model.py:46: FutureWarning: `torch.cuda.amp.GradScaler(args...)` is deprecated. Please use `torch.amp.GradScaler('cuda', args...)` instead.
  SCALER    = GradScaler(enabled=MIXED_PREC)
/Users/yashnilmohanty/Desktop/habs-forecast/pinn/pinn_model.py:46: FutureWarning: `torch.cuda.amp.GradScaler(args...)` is deprecated. Please use `torch.amp.GradScaler('cuda', args...)` instead.
  SCALER    = GradScaler(enabled=MIXED_PREC)
/Users/yashnilmohanty/Desktop/habs-forecast/pinn/pinn_model.py:46: FutureWarning: `torch.cuda.amp.GradScaler(args...)` is deprecated. Please use `torch.amp.GradScaler('cuda', args...)` instead.
  SCALER    = GradScaler(enabled=MIXED_PREC)
Using device: cpu
Using device: cpu
Using device: cpu
Using device: cpu
/Users/yashnilmohanty/Desktop/habs-forecast/pinn/pinn_model.py:46: FutureWarning: `torch.cuda.amp.GradScaler(args...)` is deprecated. Please use `torch.amp.GradScaler('cuda', args...)` instead.
  SCALER    = GradScaler(enabled=MIXED_PREC)
/Users/yashnilmohanty/Desktop/habs-forecast/pinn/pinn_model.py:46: FutureWarning: `torch.cuda.amp.GradScaler(args...)` is deprecated. Please use `torch.amp.GradScaler('cuda', args...)` instead.
  SCALER    = GradScaler(enabled=MIXED_PREC)
Using device: cpu
Using device: cpu
/Users/yashnilmohanty/Desktop/habs-forecast/pinn/pinn_model.py:46: FutureWarning: `torch.cuda.amp.GradScaler(args...)` is deprecated. Please use `torch.amp.GradScaler('cuda', args...)` instead.
  SCALER    = GradScaler(enabled=MIXED_PREC)
/Users/yashnilmohanty/Desktop/habs-forecast/pinn/pinn_model.py:46: FutureWarning: `torch.cuda.amp.GradScaler(args...)` is deprecated. Please use `torch.amp.GradScaler('cuda', args...)` instead.
  SCALER    = GradScaler(enabled=MIXED_PREC)
/Users/yashnilmohanty/Desktop/habs-forecast/pinn/pinn_model.py:46: FutureWarning: `torch.cuda.amp.GradScaler(args...)` is deprecated. Please use `torch.amp.GradScaler('cuda', args...)` instead.
  SCALER    = GradScaler(enabled=MIXED_PREC)
/Users/yashnilmohanty/Desktop/habs-forecast/pinn/pinn_model.py:46: FutureWarning: `torch.cuda.amp.GradScaler(args...)` is deprecated. Please use `torch.amp.GradScaler('cuda', args...)` instead.
  SCALER    = GradScaler(enabled=MIXED_PREC)
Using device: cpu
Using device: cpu
Using device: cpu
Using device: cpu
/Users/yashnilmohanty/Desktop/habs-forecast/pinn/pinn_model.py:46: FutureWarning: `torch.cuda.amp.GradScaler(args...)` is deprecated. Please use `torch.amp.GradScaler('cuda', args...)` instead.
  SCALER    = GradScaler(enabled=MIXED_PREC)
/Users/yashnilmohanty/Desktop/habs-forecast/pinn/pinn_model.py:46: FutureWarning: `torch.cuda.amp.GradScaler(args...)` is deprecated. Please use `torch.amp.GradScaler('cuda', args...)` instead.
  SCALER    = GradScaler(enabled=MIXED_PREC)
Using device: cpu
Using device: cpu
/Users/yashnilmohanty/Desktop/habs-forecast/pinn/pinn_model.py:46: FutureWarning: `torch.cuda.amp.GradScaler(args...)` is deprecated. Please use `torch.amp.GradScaler('cuda', args...)` instead.
  SCALER    = GradScaler(enabled=MIXED_PREC)
/Users/yashnilmohanty/Desktop/habs-forecast/pinn/pinn_model.py:46: FutureWarning: `torch.cuda.amp.GradScaler(args...)` is deprecated. Please use `torch.amp.GradScaler('cuda', args...)` instead.
  SCALER    = GradScaler(enabled=MIXED_PREC)
/Users/yashnilmohanty/Desktop/habs-forecast/pinn/pinn_model.py:46: FutureWarning: `torch.cuda.amp.GradScaler(args...)` is deprecated. Please use `torch.amp.GradScaler('cuda', args...)` instead.
  SCALER    = GradScaler(enabled=MIXED_PREC)
/Users/yashnilmohanty/Desktop/habs-forecast/pinn/pinn_model.py:46: FutureWarning: `torch.cuda.amp.GradScaler(args...)` is deprecated. Please use `torch.amp.GradScaler('cuda', args...)` instead.
  SCALER    = GradScaler(enabled=MIXED_PREC)
Using device: cpu
Using device: cpu
Using device: cpu
Using device: cpu
/Users/yashnilmohanty/Desktop/habs-forecast/pinn/pinn_model.py:46: FutureWarning: `torch.cuda.amp.GradScaler(args...)` is deprecated. Please use `torch.amp.GradScaler('cuda', args...)` instead.
  SCALER    = GradScaler(enabled=MIXED_PREC)
/Users/yashnilmohanty/Desktop/habs-forecast/pinn/pinn_model.py:46: FutureWarning: `torch.cuda.amp.GradScaler(args...)` is deprecated. Please use `torch.amp.GradScaler('cuda', args...)` instead.
  SCALER    = GradScaler(enabled=MIXED_PREC)
Using device: cpu
Using device: cpu
E05  val RMSE=0.7812  κ=1.00  λ=0.0000
/Users/yashnilmohanty/Desktop/habs-forecast/pinn/pinn_model.py:46: FutureWarning: `torch.cuda.amp.GradScaler(args...)` is deprecated. Please use `torch.amp.GradScaler('cuda', args...)` instead.
  SCALER    = GradScaler(enabled=MIXED_PREC)
/Users/yashnilmohanty/Desktop/habs-forecast/pinn/pinn_model.py:46: FutureWarning: `torch.cuda.amp.GradScaler(args...)` is deprecated. Please use `torch.amp.GradScaler('cuda', args...)` instead.
  SCALER    = GradScaler(enabled=MIXED_PREC)
/Users/yashnilmohanty/Desktop/habs-forecast/pinn/pinn_model.py:46: FutureWarning: `torch.cuda.amp.GradScaler(args...)` is deprecated. Please use `torch.amp.GradScaler('cuda', args...)` instead.
  SCALER    = GradScaler(enabled=MIXED_PREC)
/Users/yashnilmohanty/Desktop/habs-forecast/pinn/pinn_model.py:46: FutureWarning: `torch.cuda.amp.GradScaler(args...)` is deprecated. Please use `torch.amp.GradScaler('cuda', args...)` instead.
  SCALER    = GradScaler(enabled=MIXED_PREC)
Using device: cpu
Using device: cpu
Using device: cpu
Using device: cpu
/Users/yashnilmohanty/Desktop/habs-forecast/pinn/pinn_model.py:46: FutureWarning: `torch.cuda.amp.GradScaler(args...)` is deprecated. Please use `torch.amp.GradScaler('cuda', args...)` instead.
  SCALER    = GradScaler(enabled=MIXED_PREC)
/Users/yashnilmohanty/Desktop/habs-forecast/pinn/pinn_model.py:46: FutureWarning: `torch.cuda.amp.GradScaler(args...)` is deprecated. Please use `torch.amp.GradScaler('cuda', args...)` instead.
  SCALER    = GradScaler(enabled=MIXED_PREC)
Using device: cpu
Using device: cpu
/Users/yashnilmohanty/Desktop/habs-forecast/pinn/pinn_model.py:46: FutureWarning: `torch.cuda.amp.GradScaler(args...)` is deprecated. Please use `torch.amp.GradScaler('cuda', args...)` instead.
  SCALER    = GradScaler(enabled=MIXED_PREC)
/Users/yashnilmohanty/Desktop/habs-forecast/pinn/pinn_model.py:46: FutureWarning: `torch.cuda.amp.GradScaler(args...)` is deprecated. Please use `torch.amp.GradScaler('cuda', args...)` instead.
  SCALER    = GradScaler(enabled=MIXED_PREC)
/Users/yashnilmohanty/Desktop/habs-forecast/pinn/pinn_model.py:46: FutureWarning: `torch.cuda.amp.GradScaler(args...)` is deprecated. Please use `torch.amp.GradScaler('cuda', args...)` instead.
  SCALER    = GradScaler(enabled=MIXED_PREC)
/Users/yashnilmohanty/Desktop/habs-forecast/pinn/pinn_model.py:46: FutureWarning: `torch.cuda.amp.GradScaler(args...)` is deprecated. Please use `torch.amp.GradScaler('cuda', args...)` instead.
  SCALER    = GradScaler(enabled=MIXED_PREC)
Using device: cpu
Using device: cpu
Using device: cpu
Using device: cpu
/Users/yashnilmohanty/Desktop/habs-forecast/pinn/pinn_model.py:46: FutureWarning: `torch.cuda.amp.GradScaler(args...)` is deprecated. Please use `torch.amp.GradScaler('cuda', args...)` instead.
  SCALER    = GradScaler(enabled=MIXED_PREC)
/Users/yashnilmohanty/Desktop/habs-forecast/pinn/pinn_model.py:46: FutureWarning: `torch.cuda.amp.GradScaler(args...)` is deprecated. Please use `torch.amp.GradScaler('cuda', args...)` instead.
  SCALER    = GradScaler(enabled=MIXED_PREC)
Using device: cpu
Using device: cpu
/Users/yashnilmohanty/Desktop/habs-forecast/pinn/pinn_model.py:46: FutureWarning: `torch.cuda.amp.GradScaler(args...)` is deprecated. Please use `torch.amp.GradScaler('cuda', args...)` instead.
  SCALER    = GradScaler(enabled=MIXED_PREC)
/Users/yashnilmohanty/Desktop/habs-forecast/pinn/pinn_model.py:46: FutureWarning: `torch.cuda.amp.GradScaler(args...)` is deprecated. Please use `torch.amp.GradScaler('cuda', args...)` instead.
  SCALER    = GradScaler(enabled=MIXED_PREC)
/Users/yashnilmohanty/Desktop/habs-forecast/pinn/pinn_model.py:46: FutureWarning: `torch.cuda.amp.GradScaler(args...)` is deprecated. Please use `torch.amp.GradScaler('cuda', args...)` instead.
  SCALER    = GradScaler(enabled=MIXED_PREC)
/Users/yashnilmohanty/Desktop/habs-forecast/pinn/pinn_model.py:46: FutureWarning: `torch.cuda.amp.GradScaler(args...)` is deprecated. Please use `torch.amp.GradScaler('cuda', args...)` instead.
  SCALER    = GradScaler(enabled=MIXED_PREC)
Using device: cpu
Using device: cpu
Using device: cpu
Using device: cpu
/Users/yashnilmohanty/Desktop/habs-forecast/pinn/pinn_model.py:46: FutureWarning: `torch.cuda.amp.GradScaler(args...)` is deprecated. Please use `torch.amp.GradScaler('cuda', args...)` instead.
  SCALER    = GradScaler(enabled=MIXED_PREC)
/Users/yashnilmohanty/Desktop/habs-forecast/pinn/pinn_model.py:46: FutureWarning: `torch.cuda.amp.GradScaler(args...)` is deprecated. Please use `torch.amp.GradScaler('cuda', args...)` instead.
  SCALER    = GradScaler(enabled=MIXED_PREC)
Using device: cpu
Using device: cpu
/Users/yashnilmohanty/Desktop/habs-forecast/pinn/pinn_model.py:46: FutureWarning: `torch.cuda.amp.GradScaler(args...)` is deprecated. Please use `torch.amp.GradScaler('cuda', args...)` instead.
  SCALER    = GradScaler(enabled=MIXED_PREC)
/Users/yashnilmohanty/Desktop/habs-forecast/pinn/pinn_model.py:46: FutureWarning: `torch.cuda.amp.GradScaler(args...)` is deprecated. Please use `torch.amp.GradScaler('cuda', args...)` instead.
  SCALER    = GradScaler(enabled=MIXED_PREC)
/Users/yashnilmohanty/Desktop/habs-forecast/pinn/pinn_model.py:46: FutureWarning: `torch.cuda.amp.GradScaler(args...)` is deprecated. Please use `torch.amp.GradScaler('cuda', args...)` instead.
  SCALER    = GradScaler(enabled=MIXED_PREC)
/Users/yashnilmohanty/Desktop/habs-forecast/pinn/pinn_model.py:46: FutureWarning: `torch.cuda.amp.GradScaler(args...)` is deprecated. Please use `torch.amp.GradScaler('cuda', args...)` instead.
  SCALER    = GradScaler(enabled=MIXED_PREC)
Using device: cpu
Using device: cpu
Using device: cpu
Using device: cpu
/Users/yashnilmohanty/Desktop/habs-forecast/pinn/pinn_model.py:46: FutureWarning: `torch.cuda.amp.GradScaler(args...)` is deprecated. Please use `torch.amp.GradScaler('cuda', args...)` instead.
  SCALER    = GradScaler(enabled=MIXED_PREC)
/Users/yashnilmohanty/Desktop/habs-forecast/pinn/pinn_model.py:46: FutureWarning: `torch.cuda.amp.GradScaler(args...)` is deprecated. Please use `torch.amp.GradScaler('cuda', args...)` instead.
  SCALER    = GradScaler(enabled=MIXED_PREC)
Using device: cpu
Using device: cpu
/Users/yashnilmohanty/Desktop/habs-forecast/pinn/pinn_model.py:46: FutureWarning: `torch.cuda.amp.GradScaler(args...)` is deprecated. Please use `torch.amp.GradScaler('cuda', args...)` instead.
  SCALER    = GradScaler(enabled=MIXED_PREC)
/Users/yashnilmohanty/Desktop/habs-forecast/pinn/pinn_model.py:46: FutureWarning: `torch.cuda.amp.GradScaler(args...)` is deprecated. Please use `torch.amp.GradScaler('cuda', args...)` instead.
  SCALER    = GradScaler(enabled=MIXED_PREC)
/Users/yashnilmohanty/Desktop/habs-forecast/pinn/pinn_model.py:46: FutureWarning: `torch.cuda.amp.GradScaler(args...)` is deprecated. Please use `torch.amp.GradScaler('cuda', args...)` instead.
  SCALER    = GradScaler(enabled=MIXED_PREC)
/Users/yashnilmohanty/Desktop/habs-forecast/pinn/pinn_model.py:46: FutureWarning: `torch.cuda.amp.GradScaler(args...)` is deprecated. Please use `torch.amp.GradScaler('cuda', args...)` instead.
  SCALER    = GradScaler(enabled=MIXED_PREC)
Using device: cpu
Using device: cpu
Using device: cpu
Using device: cpu
/Users/yashnilmohanty/Desktop/habs-forecast/pinn/pinn_model.py:46: FutureWarning: `torch.cuda.amp.GradScaler(args...)` is deprecated. Please use `torch.amp.GradScaler('cuda', args...)` instead.
  SCALER    = GradScaler(enabled=MIXED_PREC)
/Users/yashnilmohanty/Desktop/habs-forecast/pinn/pinn_model.py:46: FutureWarning: `torch.cuda.amp.GradScaler(args...)` is deprecated. Please use `torch.amp.GradScaler('cuda', args...)` instead.
  SCALER    = GradScaler(enabled=MIXED_PREC)
Using device: cpu
Using device: cpu
E10  val RMSE=0.7728  κ=1.00  λ=0.0000
/Users/yashnilmohanty/Desktop/habs-forecast/pinn/pinn_model.py:46: FutureWarning: `torch.cuda.amp.GradScaler(args...)` is deprecated. Please use `torch.amp.GradScaler('cuda', args...)` instead.
  SCALER    = GradScaler(enabled=MIXED_PREC)
/Users/yashnilmohanty/Desktop/habs-forecast/pinn/pinn_model.py:46: FutureWarning: `torch.cuda.amp.GradScaler(args...)` is deprecated. Please use `torch.amp.GradScaler('cuda', args...)` instead.
  SCALER    = GradScaler(enabled=MIXED_PREC)
/Users/yashnilmohanty/Desktop/habs-forecast/pinn/pinn_model.py:46: FutureWarning: `torch.cuda.amp.GradScaler(args...)` is deprecated. Please use `torch.amp.GradScaler('cuda', args...)` instead.
  SCALER    = GradScaler(enabled=MIXED_PREC)
/Users/yashnilmohanty/Desktop/habs-forecast/pinn/pinn_model.py:46: FutureWarning: `torch.cuda.amp.GradScaler(args...)` is deprecated. Please use `torch.amp.GradScaler('cuda', args...)` instead.
  SCALER    = GradScaler(enabled=MIXED_PREC)
Using device: cpu
Using device: cpu
Using device: cpu
Using device: cpu
/Users/yashnilmohanty/Desktop/habs-forecast/pinn/pinn_model.py:46: FutureWarning: `torch.cuda.amp.GradScaler(args...)` is deprecated. Please use `torch.amp.GradScaler('cuda', args...)` instead.
  SCALER    = GradScaler(enabled=MIXED_PREC)
/Users/yashnilmohanty/Desktop/habs-forecast/pinn/pinn_model.py:46: FutureWarning: `torch.cuda.amp.GradScaler(args...)` is deprecated. Please use `torch.amp.GradScaler('cuda', args...)` instead.
  SCALER    = GradScaler(enabled=MIXED_PREC)
Using device: cpu
Using device: cpu
/Users/yashnilmohanty/Desktop/habs-forecast/pinn/pinn_model.py:46: FutureWarning: `torch.cuda.amp.GradScaler(args...)` is deprecated. Please use `torch.amp.GradScaler('cuda', args...)` instead.
  SCALER    = GradScaler(enabled=MIXED_PREC)
/Users/yashnilmohanty/Desktop/habs-forecast/pinn/pinn_model.py:46: FutureWarning: `torch.cuda.amp.GradScaler(args...)` is deprecated. Please use `torch.amp.GradScaler('cuda', args...)` instead.
  SCALER    = GradScaler(enabled=MIXED_PREC)
/Users/yashnilmohanty/Desktop/habs-forecast/pinn/pinn_model.py:46: FutureWarning: `torch.cuda.amp.GradScaler(args...)` is deprecated. Please use `torch.amp.GradScaler('cuda', args...)` instead.
  SCALER    = GradScaler(enabled=MIXED_PREC)
/Users/yashnilmohanty/Desktop/habs-forecast/pinn/pinn_model.py:46: FutureWarning: `torch.cuda.amp.GradScaler(args...)` is deprecated. Please use `torch.amp.GradScaler('cuda', args...)` instead.
  SCALER    = GradScaler(enabled=MIXED_PREC)
Using device: cpu
Using device: cpu
Using device: cpu
Using device: cpu
/Users/yashnilmohanty/Desktop/habs-forecast/pinn/pinn_model.py:46: FutureWarning: `torch.cuda.amp.GradScaler(args...)` is deprecated. Please use `torch.amp.GradScaler('cuda', args...)` instead.
  SCALER    = GradScaler(enabled=MIXED_PREC)
/Users/yashnilmohanty/Desktop/habs-forecast/pinn/pinn_model.py:46: FutureWarning: `torch.cuda.amp.GradScaler(args...)` is deprecated. Please use `torch.amp.GradScaler('cuda', args...)` instead.
  SCALER    = GradScaler(enabled=MIXED_PREC)
Using device: cpu
Using device: cpu
/Users/yashnilmohanty/Desktop/habs-forecast/pinn/pinn_model.py:46: FutureWarning: `torch.cuda.amp.GradScaler(args...)` is deprecated. Please use `torch.amp.GradScaler('cuda', args...)` instead.
  SCALER    = GradScaler(enabled=MIXED_PREC)
/Users/yashnilmohanty/Desktop/habs-forecast/pinn/pinn_model.py:46: FutureWarning: `torch.cuda.amp.GradScaler(args...)` is deprecated. Please use `torch.amp.GradScaler('cuda', args...)` instead.
  SCALER    = GradScaler(enabled=MIXED_PREC)
/Users/yashnilmohanty/Desktop/habs-forecast/pinn/pinn_model.py:46: FutureWarning: `torch.cuda.amp.GradScaler(args...)` is deprecated. Please use `torch.amp.GradScaler('cuda', args...)` instead.
  SCALER    = GradScaler(enabled=MIXED_PREC)
/Users/yashnilmohanty/Desktop/habs-forecast/pinn/pinn_model.py:46: FutureWarning: `torch.cuda.amp.GradScaler(args...)` is deprecated. Please use `torch.amp.GradScaler('cuda', args...)` instead.
  SCALER    = GradScaler(enabled=MIXED_PREC)
Using device: cpu
Using device: cpu
Using device: cpu
Using device: cpu
/Users/yashnilmohanty/Desktop/habs-forecast/pinn/pinn_model.py:46: FutureWarning: `torch.cuda.amp.GradScaler(args...)` is deprecated. Please use `torch.amp.GradScaler('cuda', args...)` instead.
  SCALER    = GradScaler(enabled=MIXED_PREC)
/Users/yashnilmohanty/Desktop/habs-forecast/pinn/pinn_model.py:46: FutureWarning: `torch.cuda.amp.GradScaler(args...)` is deprecated. Please use `torch.amp.GradScaler('cuda', args...)` instead.
  SCALER    = GradScaler(enabled=MIXED_PREC)
Using device: cpu
Using device: cpu
/Users/yashnilmohanty/Desktop/habs-forecast/pinn/pinn_model.py:46: FutureWarning: `torch.cuda.amp.GradScaler(args...)` is deprecated. Please use `torch.amp.GradScaler('cuda', args...)` instead.
  SCALER    = GradScaler(enabled=MIXED_PREC)
/Users/yashnilmohanty/Desktop/habs-forecast/pinn/pinn_model.py:46: FutureWarning: `torch.cuda.amp.GradScaler(args...)` is deprecated. Please use `torch.amp.GradScaler('cuda', args...)` instead.
  SCALER    = GradScaler(enabled=MIXED_PREC)
/Users/yashnilmohanty/Desktop/habs-forecast/pinn/pinn_model.py:46: FutureWarning: `torch.cuda.amp.GradScaler(args...)` is deprecated. Please use `torch.amp.GradScaler('cuda', args...)` instead.
  SCALER    = GradScaler(enabled=MIXED_PREC)
/Users/yashnilmohanty/Desktop/habs-forecast/pinn/pinn_model.py:46: FutureWarning: `torch.cuda.amp.GradScaler(args...)` is deprecated. Please use `torch.amp.GradScaler('cuda', args...)` instead.
  SCALER    = GradScaler(enabled=MIXED_PREC)
Using device: cpu
Using device: cpu
Using device: cpu
Using device: cpu
/Users/yashnilmohanty/Desktop/habs-forecast/pinn/pinn_model.py:46: FutureWarning: `torch.cuda.amp.GradScaler(args...)` is deprecated. Please use `torch.amp.GradScaler('cuda', args...)` instead.
  SCALER    = GradScaler(enabled=MIXED_PREC)
/Users/yashnilmohanty/Desktop/habs-forecast/pinn/pinn_model.py:46: FutureWarning: `torch.cuda.amp.GradScaler(args...)` is deprecated. Please use `torch.amp.GradScaler('cuda', args...)` instead.
  SCALER    = GradScaler(enabled=MIXED_PREC)
Using device: cpu
Using device: cpu
/Users/yashnilmohanty/Desktop/habs-forecast/pinn/pinn_model.py:46: FutureWarning: `torch.cuda.amp.GradScaler(args...)` is deprecated. Please use `torch.amp.GradScaler('cuda', args...)` instead.
  SCALER    = GradScaler(enabled=MIXED_PREC)
/Users/yashnilmohanty/Desktop/habs-forecast/pinn/pinn_model.py:46: FutureWarning: `torch.cuda.amp.GradScaler(args...)` is deprecated. Please use `torch.amp.GradScaler('cuda', args...)` instead.
  SCALER    = GradScaler(enabled=MIXED_PREC)
/Users/yashnilmohanty/Desktop/habs-forecast/pinn/pinn_model.py:46: FutureWarning: `torch.cuda.amp.GradScaler(args...)` is deprecated. Please use `torch.amp.GradScaler('cuda', args...)` instead.
  SCALER    = GradScaler(enabled=MIXED_PREC)
/Users/yashnilmohanty/Desktop/habs-forecast/pinn/pinn_model.py:46: FutureWarning: `torch.cuda.amp.GradScaler(args...)` is deprecated. Please use `torch.amp.GradScaler('cuda', args...)` instead.
  SCALER    = GradScaler(enabled=MIXED_PREC)
Using device: cpu
Using device: cpu
Using device: cpu
Using device: cpu
/Users/yashnilmohanty/Desktop/habs-forecast/pinn/pinn_model.py:46: FutureWarning: `torch.cuda.amp.GradScaler(args...)` is deprecated. Please use `torch.amp.GradScaler('cuda', args...)` instead.
  SCALER    = GradScaler(enabled=MIXED_PREC)
/Users/yashnilmohanty/Desktop/habs-forecast/pinn/pinn_model.py:46: FutureWarning: `torch.cuda.amp.GradScaler(args...)` is deprecated. Please use `torch.amp.GradScaler('cuda', args...)` instead.
  SCALER    = GradScaler(enabled=MIXED_PREC)
Using device: cpu
Using device: cpu
E15  val RMSE=0.7654  κ=1.00  λ=5.0000
/Users/yashnilmohanty/Desktop/habs-forecast/pinn/pinn_model.py:46: FutureWarning: `torch.cuda.amp.GradScaler(args...)` is deprecated. Please use `torch.amp.GradScaler('cuda', args...)` instead.
  SCALER    = GradScaler(enabled=MIXED_PREC)
/Users/yashnilmohanty/Desktop/habs-forecast/pinn/pinn_model.py:46: FutureWarning: `torch.cuda.amp.GradScaler(args...)` is deprecated. Please use `torch.amp.GradScaler('cuda', args...)` instead.
  SCALER    = GradScaler(enabled=MIXED_PREC)
/Users/yashnilmohanty/Desktop/habs-forecast/pinn/pinn_model.py:46: FutureWarning: `torch.cuda.amp.GradScaler(args...)` is deprecated. Please use `torch.amp.GradScaler('cuda', args...)` instead.
  SCALER    = GradScaler(enabled=MIXED_PREC)
/Users/yashnilmohanty/Desktop/habs-forecast/pinn/pinn_model.py:46: FutureWarning: `torch.cuda.amp.GradScaler(args...)` is deprecated. Please use `torch.amp.GradScaler('cuda', args...)` instead.
  SCALER    = GradScaler(enabled=MIXED_PREC)
Using device: cpu
Using device: cpu
Using device: cpu
Using device: cpu
/Users/yashnilmohanty/Desktop/habs-forecast/pinn/pinn_model.py:46: FutureWarning: `torch.cuda.amp.GradScaler(args...)` is deprecated. Please use `torch.amp.GradScaler('cuda', args...)` instead.
  SCALER    = GradScaler(enabled=MIXED_PREC)
/Users/yashnilmohanty/Desktop/habs-forecast/pinn/pinn_model.py:46: FutureWarning: `torch.cuda.amp.GradScaler(args...)` is deprecated. Please use `torch.amp.GradScaler('cuda', args...)` instead.
  SCALER    = GradScaler(enabled=MIXED_PREC)
Using device: cpu
Using device: cpu
/Users/yashnilmohanty/Desktop/habs-forecast/pinn/pinn_model.py:46: FutureWarning: `torch.cuda.amp.GradScaler(args...)` is deprecated. Please use `torch.amp.GradScaler('cuda', args...)` instead.
  SCALER    = GradScaler(enabled=MIXED_PREC)
/Users/yashnilmohanty/Desktop/habs-forecast/pinn/pinn_model.py:46: FutureWarning: `torch.cuda.amp.GradScaler(args...)` is deprecated. Please use `torch.amp.GradScaler('cuda', args...)` instead.
  SCALER    = GradScaler(enabled=MIXED_PREC)
/Users/yashnilmohanty/Desktop/habs-forecast/pinn/pinn_model.py:46: FutureWarning: `torch.cuda.amp.GradScaler(args...)` is deprecated. Please use `torch.amp.GradScaler('cuda', args...)` instead.
  SCALER    = GradScaler(enabled=MIXED_PREC)
/Users/yashnilmohanty/Desktop/habs-forecast/pinn/pinn_model.py:46: FutureWarning: `torch.cuda.amp.GradScaler(args...)` is deprecated. Please use `torch.amp.GradScaler('cuda', args...)` instead.
  SCALER    = GradScaler(enabled=MIXED_PREC)
Using device: cpu
Using device: cpu
Using device: cpu
Using device: cpu
/Users/yashnilmohanty/Desktop/habs-forecast/pinn/pinn_model.py:46: FutureWarning: `torch.cuda.amp.GradScaler(args...)` is deprecated. Please use `torch.amp.GradScaler('cuda', args...)` instead.
  SCALER    = GradScaler(enabled=MIXED_PREC)
/Users/yashnilmohanty/Desktop/habs-forecast/pinn/pinn_model.py:46: FutureWarning: `torch.cuda.amp.GradScaler(args...)` is deprecated. Please use `torch.amp.GradScaler('cuda', args...)` instead.
  SCALER    = GradScaler(enabled=MIXED_PREC)
Using device: cpu
Using device: cpu
/Users/yashnilmohanty/Desktop/habs-forecast/pinn/pinn_model.py:46: FutureWarning: `torch.cuda.amp.GradScaler(args...)` is deprecated. Please use `torch.amp.GradScaler('cuda', args...)` instead.
  SCALER    = GradScaler(enabled=MIXED_PREC)
/Users/yashnilmohanty/Desktop/habs-forecast/pinn/pinn_model.py:46: FutureWarning: `torch.cuda.amp.GradScaler(args...)` is deprecated. Please use `torch.amp.GradScaler('cuda', args...)` instead.
  SCALER    = GradScaler(enabled=MIXED_PREC)
/Users/yashnilmohanty/Desktop/habs-forecast/pinn/pinn_model.py:46: FutureWarning: `torch.cuda.amp.GradScaler(args...)` is deprecated. Please use `torch.amp.GradScaler('cuda', args...)` instead.
  SCALER    = GradScaler(enabled=MIXED_PREC)
/Users/yashnilmohanty/Desktop/habs-forecast/pinn/pinn_model.py:46: FutureWarning: `torch.cuda.amp.GradScaler(args...)` is deprecated. Please use `torch.amp.GradScaler('cuda', args...)` instead.
  SCALER    = GradScaler(enabled=MIXED_PREC)
Using device: cpu
Using device: cpu
Using device: cpu
Using device: cpu
/Users/yashnilmohanty/Desktop/habs-forecast/pinn/pinn_model.py:46: FutureWarning: `torch.cuda.amp.GradScaler(args...)` is deprecated. Please use `torch.amp.GradScaler('cuda', args...)` instead.
  SCALER    = GradScaler(enabled=MIXED_PREC)
/Users/yashnilmohanty/Desktop/habs-forecast/pinn/pinn_model.py:46: FutureWarning: `torch.cuda.amp.GradScaler(args...)` is deprecated. Please use `torch.amp.GradScaler('cuda', args...)` instead.
  SCALER    = GradScaler(enabled=MIXED_PREC)
Using device: cpu
Using device: cpu
/Users/yashnilmohanty/Desktop/habs-forecast/pinn/pinn_model.py:46: FutureWarning: `torch.cuda.amp.GradScaler(args...)` is deprecated. Please use `torch.amp.GradScaler('cuda', args...)` instead.
  SCALER    = GradScaler(enabled=MIXED_PREC)
/Users/yashnilmohanty/Desktop/habs-forecast/pinn/pinn_model.py:46: FutureWarning: `torch.cuda.amp.GradScaler(args...)` is deprecated. Please use `torch.amp.GradScaler('cuda', args...)` instead.
  SCALER    = GradScaler(enabled=MIXED_PREC)
/Users/yashnilmohanty/Desktop/habs-forecast/pinn/pinn_model.py:46: FutureWarning: `torch.cuda.amp.GradScaler(args...)` is deprecated. Please use `torch.amp.GradScaler('cuda', args...)` instead.
  SCALER    = GradScaler(enabled=MIXED_PREC)
/Users/yashnilmohanty/Desktop/habs-forecast/pinn/pinn_model.py:46: FutureWarning: `torch.cuda.amp.GradScaler(args...)` is deprecated. Please use `torch.amp.GradScaler('cuda', args...)` instead.
  SCALER    = GradScaler(enabled=MIXED_PREC)
Using device: cpu
Using device: cpu
Using device: cpu
Using device: cpu
/Users/yashnilmohanty/Desktop/habs-forecast/pinn/pinn_model.py:46: FutureWarning: `torch.cuda.amp.GradScaler(args...)` is deprecated. Please use `torch.amp.GradScaler('cuda', args...)` instead.
  SCALER    = GradScaler(enabled=MIXED_PREC)
/Users/yashnilmohanty/Desktop/habs-forecast/pinn/pinn_model.py:46: FutureWarning: `torch.cuda.amp.GradScaler(args...)` is deprecated. Please use `torch.amp.GradScaler('cuda', args...)` instead.
  SCALER    = GradScaler(enabled=MIXED_PREC)
Using device: cpu
Using device: cpu
/Users/yashnilmohanty/Desktop/habs-forecast/pinn/pinn_model.py:46: FutureWarning: `torch.cuda.amp.GradScaler(args...)` is deprecated. Please use `torch.amp.GradScaler('cuda', args...)` instead.
  SCALER    = GradScaler(enabled=MIXED_PREC)
/Users/yashnilmohanty/Desktop/habs-forecast/pinn/pinn_model.py:46: FutureWarning: `torch.cuda.amp.GradScaler(args...)` is deprecated. Please use `torch.amp.GradScaler('cuda', args...)` instead.
  SCALER    = GradScaler(enabled=MIXED_PREC)
/Users/yashnilmohanty/Desktop/habs-forecast/pinn/pinn_model.py:46: FutureWarning: `torch.cuda.amp.GradScaler(args...)` is deprecated. Please use `torch.amp.GradScaler('cuda', args...)` instead.
  SCALER    = GradScaler(enabled=MIXED_PREC)
/Users/yashnilmohanty/Desktop/habs-forecast/pinn/pinn_model.py:46: FutureWarning: `torch.cuda.amp.GradScaler(args...)` is deprecated. Please use `torch.amp.GradScaler('cuda', args...)` instead.
  SCALER    = GradScaler(enabled=MIXED_PREC)
Using device: cpu
Using device: cpu
Using device: cpu
Using device: cpu
/Users/yashnilmohanty/Desktop/habs-forecast/pinn/pinn_model.py:46: FutureWarning: `torch.cuda.amp.GradScaler(args...)` is deprecated. Please use `torch.amp.GradScaler('cuda', args...)` instead.
  SCALER    = GradScaler(enabled=MIXED_PREC)
/Users/yashnilmohanty/Desktop/habs-forecast/pinn/pinn_model.py:46: FutureWarning: `torch.cuda.amp.GradScaler(args...)` is deprecated. Please use `torch.amp.GradScaler('cuda', args...)` instead.
  SCALER    = GradScaler(enabled=MIXED_PREC)
Using device: cpu
Using device: cpu
E20  val RMSE=0.7255  κ=1.00  λ=5.0000
/Users/yashnilmohanty/Desktop/habs-forecast/pinn/pinn_model.py:46: FutureWarning: `torch.cuda.amp.GradScaler(args...)` is deprecated. Please use `torch.amp.GradScaler('cuda', args...)` instead.
  SCALER    = GradScaler(enabled=MIXED_PREC)
/Users/yashnilmohanty/Desktop/habs-forecast/pinn/pinn_model.py:46: FutureWarning: `torch.cuda.amp.GradScaler(args...)` is deprecated. Please use `torch.amp.GradScaler('cuda', args...)` instead.
  SCALER    = GradScaler(enabled=MIXED_PREC)
/Users/yashnilmohanty/Desktop/habs-forecast/pinn/pinn_model.py:46: FutureWarning: `torch.cuda.amp.GradScaler(args...)` is deprecated. Please use `torch.amp.GradScaler('cuda', args...)` instead.
  SCALER    = GradScaler(enabled=MIXED_PREC)
/Users/yashnilmohanty/Desktop/habs-forecast/pinn/pinn_model.py:46: FutureWarning: `torch.cuda.amp.GradScaler(args...)` is deprecated. Please use `torch.amp.GradScaler('cuda', args...)` instead.
  SCALER    = GradScaler(enabled=MIXED_PREC)
Using device: cpu
Using device: cpu
Using device: cpu
Using device: cpu
/Users/yashnilmohanty/Desktop/habs-forecast/pinn/pinn_model.py:46: FutureWarning: `torch.cuda.amp.GradScaler(args...)` is deprecated. Please use `torch.amp.GradScaler('cuda', args...)` instead.
  SCALER    = GradScaler(enabled=MIXED_PREC)
/Users/yashnilmohanty/Desktop/habs-forecast/pinn/pinn_model.py:46: FutureWarning: `torch.cuda.amp.GradScaler(args...)` is deprecated. Please use `torch.amp.GradScaler('cuda', args...)` instead.
  SCALER    = GradScaler(enabled=MIXED_PREC)
Using device: cpu
Using device: cpu
/Users/yashnilmohanty/Desktop/habs-forecast/pinn/pinn_model.py:46: FutureWarning: `torch.cuda.amp.GradScaler(args...)` is deprecated. Please use `torch.amp.GradScaler('cuda', args...)` instead.
  SCALER    = GradScaler(enabled=MIXED_PREC)
/Users/yashnilmohanty/Desktop/habs-forecast/pinn/pinn_model.py:46: FutureWarning: `torch.cuda.amp.GradScaler(args...)` is deprecated. Please use `torch.amp.GradScaler('cuda', args...)` instead.
  SCALER    = GradScaler(enabled=MIXED_PREC)
/Users/yashnilmohanty/Desktop/habs-forecast/pinn/pinn_model.py:46: FutureWarning: `torch.cuda.amp.GradScaler(args...)` is deprecated. Please use `torch.amp.GradScaler('cuda', args...)` instead.
  SCALER    = GradScaler(enabled=MIXED_PREC)
/Users/yashnilmohanty/Desktop/habs-forecast/pinn/pinn_model.py:46: FutureWarning: `torch.cuda.amp.GradScaler(args...)` is deprecated. Please use `torch.amp.GradScaler('cuda', args...)` instead.
  SCALER    = GradScaler(enabled=MIXED_PREC)
Using device: cpu
Using device: cpu
Using device: cpu
Using device: cpu
/Users/yashnilmohanty/Desktop/habs-forecast/pinn/pinn_model.py:46: FutureWarning: `torch.cuda.amp.GradScaler(args...)` is deprecated. Please use `torch.amp.GradScaler('cuda', args...)` instead.
  SCALER    = GradScaler(enabled=MIXED_PREC)
/Users/yashnilmohanty/Desktop/habs-forecast/pinn/pinn_model.py:46: FutureWarning: `torch.cuda.amp.GradScaler(args...)` is deprecated. Please use `torch.amp.GradScaler('cuda', args...)` instead.
  SCALER    = GradScaler(enabled=MIXED_PREC)
Using device: cpu
Using device: cpu
/Users/yashnilmohanty/Desktop/habs-forecast/pinn/pinn_model.py:46: FutureWarning: `torch.cuda.amp.GradScaler(args...)` is deprecated. Please use `torch.amp.GradScaler('cuda', args...)` instead.
  SCALER    = GradScaler(enabled=MIXED_PREC)
/Users/yashnilmohanty/Desktop/habs-forecast/pinn/pinn_model.py:46: FutureWarning: `torch.cuda.amp.GradScaler(args...)` is deprecated. Please use `torch.amp.GradScaler('cuda', args...)` instead.
  SCALER    = GradScaler(enabled=MIXED_PREC)
/Users/yashnilmohanty/Desktop/habs-forecast/pinn/pinn_model.py:46: FutureWarning: `torch.cuda.amp.GradScaler(args...)` is deprecated. Please use `torch.amp.GradScaler('cuda', args...)` instead.
  SCALER    = GradScaler(enabled=MIXED_PREC)
/Users/yashnilmohanty/Desktop/habs-forecast/pinn/pinn_model.py:46: FutureWarning: `torch.cuda.amp.GradScaler(args...)` is deprecated. Please use `torch.amp.GradScaler('cuda', args...)` instead.
  SCALER    = GradScaler(enabled=MIXED_PREC)
Using device: cpu
Using device: cpu
Using device: cpu
Using device: cpu
/Users/yashnilmohanty/Desktop/habs-forecast/pinn/pinn_model.py:46: FutureWarning: `torch.cuda.amp.GradScaler(args...)` is deprecated. Please use `torch.amp.GradScaler('cuda', args...)` instead.
  SCALER    = GradScaler(enabled=MIXED_PREC)
/Users/yashnilmohanty/Desktop/habs-forecast/pinn/pinn_model.py:46: FutureWarning: `torch.cuda.amp.GradScaler(args...)` is deprecated. Please use `torch.amp.GradScaler('cuda', args...)` instead.
  SCALER    = GradScaler(enabled=MIXED_PREC)
Using device: cpu
Using device: cpu
/Users/yashnilmohanty/Desktop/habs-forecast/pinn/pinn_model.py:46: FutureWarning: `torch.cuda.amp.GradScaler(args...)` is deprecated. Please use `torch.amp.GradScaler('cuda', args...)` instead.
  SCALER    = GradScaler(enabled=MIXED_PREC)
/Users/yashnilmohanty/Desktop/habs-forecast/pinn/pinn_model.py:46: FutureWarning: `torch.cuda.amp.GradScaler(args...)` is deprecated. Please use `torch.amp.GradScaler('cuda', args...)` instead.
  SCALER    = GradScaler(enabled=MIXED_PREC)
/Users/yashnilmohanty/Desktop/habs-forecast/pinn/pinn_model.py:46: FutureWarning: `torch.cuda.amp.GradScaler(args...)` is deprecated. Please use `torch.amp.GradScaler('cuda', args...)` instead.
  SCALER    = GradScaler(enabled=MIXED_PREC)
/Users/yashnilmohanty/Desktop/habs-forecast/pinn/pinn_model.py:46: FutureWarning: `torch.cuda.amp.GradScaler(args...)` is deprecated. Please use `torch.amp.GradScaler('cuda', args...)` instead.
  SCALER    = GradScaler(enabled=MIXED_PREC)
Using device: cpu
Using device: cpu
Using device: cpu
Using device: cpu
/Users/yashnilmohanty/Desktop/habs-forecast/pinn/pinn_model.py:46: FutureWarning: `torch.cuda.amp.GradScaler(args...)` is deprecated. Please use `torch.amp.GradScaler('cuda', args...)` instead.
  SCALER    = GradScaler(enabled=MIXED_PREC)
/Users/yashnilmohanty/Desktop/habs-forecast/pinn/pinn_model.py:46: FutureWarning: `torch.cuda.amp.GradScaler(args...)` is deprecated. Please use `torch.amp.GradScaler('cuda', args...)` instead.
  SCALER    = GradScaler(enabled=MIXED_PREC)
Using device: cpu
Using device: cpu
/Users/yashnilmohanty/Desktop/habs-forecast/pinn/pinn_model.py:46: FutureWarning: `torch.cuda.amp.GradScaler(args...)` is deprecated. Please use `torch.amp.GradScaler('cuda', args...)` instead.
  SCALER    = GradScaler(enabled=MIXED_PREC)
/Users/yashnilmohanty/Desktop/habs-forecast/pinn/pinn_model.py:46: FutureWarning: `torch.cuda.amp.GradScaler(args...)` is deprecated. Please use `torch.amp.GradScaler('cuda', args...)` instead.
  SCALER    = GradScaler(enabled=MIXED_PREC)
/Users/yashnilmohanty/Desktop/habs-forecast/pinn/pinn_model.py:46: FutureWarning: `torch.cuda.amp.GradScaler(args...)` is deprecated. Please use `torch.amp.GradScaler('cuda', args...)` instead.
  SCALER    = GradScaler(enabled=MIXED_PREC)
/Users/yashnilmohanty/Desktop/habs-forecast/pinn/pinn_model.py:46: FutureWarning: `torch.cuda.amp.GradScaler(args...)` is deprecated. Please use `torch.amp.GradScaler('cuda', args...)` instead.
  SCALER    = GradScaler(enabled=MIXED_PREC)
Using device: cpu
Using device: cpu
Using device: cpu
Using device: cpu
/Users/yashnilmohanty/Desktop/habs-forecast/pinn/pinn_model.py:46: FutureWarning: `torch.cuda.amp.GradScaler(args...)` is deprecated. Please use `torch.amp.GradScaler('cuda', args...)` instead.
  SCALER    = GradScaler(enabled=MIXED_PREC)
/Users/yashnilmohanty/Desktop/habs-forecast/pinn/pinn_model.py:46: FutureWarning: `torch.cuda.amp.GradScaler(args...)` is deprecated. Please use `torch.amp.GradScaler('cuda', args...)` instead.
  SCALER    = GradScaler(enabled=MIXED_PREC)
Using device: cpu
Using device: cpu
E25  val RMSE=0.7102  κ=1.00  λ=5.0000
/Users/yashnilmohanty/Desktop/habs-forecast/pinn/pinn_model.py:46: FutureWarning: `torch.cuda.amp.GradScaler(args...)` is deprecated. Please use `torch.amp.GradScaler('cuda', args...)` instead.
  SCALER    = GradScaler(enabled=MIXED_PREC)
/Users/yashnilmohanty/Desktop/habs-forecast/pinn/pinn_model.py:46: FutureWarning: `torch.cuda.amp.GradScaler(args...)` is deprecated. Please use `torch.amp.GradScaler('cuda', args...)` instead.
  SCALER    = GradScaler(enabled=MIXED_PREC)
/Users/yashnilmohanty/Desktop/habs-forecast/pinn/pinn_model.py:46: FutureWarning: `torch.cuda.amp.GradScaler(args...)` is deprecated. Please use `torch.amp.GradScaler('cuda', args...)` instead.
  SCALER    = GradScaler(enabled=MIXED_PREC)
/Users/yashnilmohanty/Desktop/habs-forecast/pinn/pinn_model.py:46: FutureWarning: `torch.cuda.amp.GradScaler(args...)` is deprecated. Please use `torch.amp.GradScaler('cuda', args...)` instead.
  SCALER    = GradScaler(enabled=MIXED_PREC)
Using device: cpu
Using device: cpu
Using device: cpu
Using device: cpu
/Users/yashnilmohanty/Desktop/habs-forecast/pinn/pinn_model.py:46: FutureWarning: `torch.cuda.amp.GradScaler(args...)` is deprecated. Please use `torch.amp.GradScaler('cuda', args...)` instead.
  SCALER    = GradScaler(enabled=MIXED_PREC)
/Users/yashnilmohanty/Desktop/habs-forecast/pinn/pinn_model.py:46: FutureWarning: `torch.cuda.amp.GradScaler(args...)` is deprecated. Please use `torch.amp.GradScaler('cuda', args...)` instead.
  SCALER    = GradScaler(enabled=MIXED_PREC)
Using device: cpu
Using device: cpu
/Users/yashnilmohanty/Desktop/habs-forecast/pinn/pinn_model.py:46: FutureWarning: `torch.cuda.amp.GradScaler(args...)` is deprecated. Please use `torch.amp.GradScaler('cuda', args...)` instead.
  SCALER    = GradScaler(enabled=MIXED_PREC)
/Users/yashnilmohanty/Desktop/habs-forecast/pinn/pinn_model.py:46: FutureWarning: `torch.cuda.amp.GradScaler(args...)` is deprecated. Please use `torch.amp.GradScaler('cuda', args...)` instead.
  SCALER    = GradScaler(enabled=MIXED_PREC)
/Users/yashnilmohanty/Desktop/habs-forecast/pinn/pinn_model.py:46: FutureWarning: `torch.cuda.amp.GradScaler(args...)` is deprecated. Please use `torch.amp.GradScaler('cuda', args...)` instead.
  SCALER    = GradScaler(enabled=MIXED_PREC)
/Users/yashnilmohanty/Desktop/habs-forecast/pinn/pinn_model.py:46: FutureWarning: `torch.cuda.amp.GradScaler(args...)` is deprecated. Please use `torch.amp.GradScaler('cuda', args...)` instead.
  SCALER    = GradScaler(enabled=MIXED_PREC)
Using device: cpu
Using device: cpu
Using device: cpu
Using device: cpu
/Users/yashnilmohanty/Desktop/habs-forecast/pinn/pinn_model.py:46: FutureWarning: `torch.cuda.amp.GradScaler(args...)` is deprecated. Please use `torch.amp.GradScaler('cuda', args...)` instead.
  SCALER    = GradScaler(enabled=MIXED_PREC)
/Users/yashnilmohanty/Desktop/habs-forecast/pinn/pinn_model.py:46: FutureWarning: `torch.cuda.amp.GradScaler(args...)` is deprecated. Please use `torch.amp.GradScaler('cuda', args...)` instead.
  SCALER    = GradScaler(enabled=MIXED_PREC)
Using device: cpu
Using device: cpu
/Users/yashnilmohanty/Desktop/habs-forecast/pinn/pinn_model.py:46: FutureWarning: `torch.cuda.amp.GradScaler(args...)` is deprecated. Please use `torch.amp.GradScaler('cuda', args...)` instead.
  SCALER    = GradScaler(enabled=MIXED_PREC)
/Users/yashnilmohanty/Desktop/habs-forecast/pinn/pinn_model.py:46: FutureWarning: `torch.cuda.amp.GradScaler(args...)` is deprecated. Please use `torch.amp.GradScaler('cuda', args...)` instead.
  SCALER    = GradScaler(enabled=MIXED_PREC)
/Users/yashnilmohanty/Desktop/habs-forecast/pinn/pinn_model.py:46: FutureWarning: `torch.cuda.amp.GradScaler(args...)` is deprecated. Please use `torch.amp.GradScaler('cuda', args...)` instead.
  SCALER    = GradScaler(enabled=MIXED_PREC)
/Users/yashnilmohanty/Desktop/habs-forecast/pinn/pinn_model.py:46: FutureWarning: `torch.cuda.amp.GradScaler(args...)` is deprecated. Please use `torch.amp.GradScaler('cuda', args...)` instead.
  SCALER    = GradScaler(enabled=MIXED_PREC)
Using device: cpu
Using device: cpu
Using device: cpu
Using device: cpu
/Users/yashnilmohanty/Desktop/habs-forecast/pinn/pinn_model.py:46: FutureWarning: `torch.cuda.amp.GradScaler(args...)` is deprecated. Please use `torch.amp.GradScaler('cuda', args...)` instead.
  SCALER    = GradScaler(enabled=MIXED_PREC)
/Users/yashnilmohanty/Desktop/habs-forecast/pinn/pinn_model.py:46: FutureWarning: `torch.cuda.amp.GradScaler(args...)` is deprecated. Please use `torch.amp.GradScaler('cuda', args...)` instead.
  SCALER    = GradScaler(enabled=MIXED_PREC)
Using device: cpu
Using device: cpu
/Users/yashnilmohanty/Desktop/habs-forecast/pinn/pinn_model.py:46: FutureWarning: `torch.cuda.amp.GradScaler(args...)` is deprecated. Please use `torch.amp.GradScaler('cuda', args...)` instead.
  SCALER    = GradScaler(enabled=MIXED_PREC)
/Users/yashnilmohanty/Desktop/habs-forecast/pinn/pinn_model.py:46: FutureWarning: `torch.cuda.amp.GradScaler(args...)` is deprecated. Please use `torch.amp.GradScaler('cuda', args...)` instead.
  SCALER    = GradScaler(enabled=MIXED_PREC)
/Users/yashnilmohanty/Desktop/habs-forecast/pinn/pinn_model.py:46: FutureWarning: `torch.cuda.amp.GradScaler(args...)` is deprecated. Please use `torch.amp.GradScaler('cuda', args...)` instead.
  SCALER    = GradScaler(enabled=MIXED_PREC)
/Users/yashnilmohanty/Desktop/habs-forecast/pinn/pinn_model.py:46: FutureWarning: `torch.cuda.amp.GradScaler(args...)` is deprecated. Please use `torch.amp.GradScaler('cuda', args...)` instead.
  SCALER    = GradScaler(enabled=MIXED_PREC)
Using device: cpu
Using device: cpu
Using device: cpu
Using device: cpu
/Users/yashnilmohanty/Desktop/habs-forecast/pinn/pinn_model.py:46: FutureWarning: `torch.cuda.amp.GradScaler(args...)` is deprecated. Please use `torch.amp.GradScaler('cuda', args...)` instead.
  SCALER    = GradScaler(enabled=MIXED_PREC)
/Users/yashnilmohanty/Desktop/habs-forecast/pinn/pinn_model.py:46: FutureWarning: `torch.cuda.amp.GradScaler(args...)` is deprecated. Please use `torch.amp.GradScaler('cuda', args...)` instead.
  SCALER    = GradScaler(enabled=MIXED_PREC)
Using device: cpu
Using device: cpu
/Users/yashnilmohanty/Desktop/habs-forecast/pinn/pinn_model.py:46: FutureWarning: `torch.cuda.amp.GradScaler(args...)` is deprecated. Please use `torch.amp.GradScaler('cuda', args...)` instead.
  SCALER    = GradScaler(enabled=MIXED_PREC)
/Users/yashnilmohanty/Desktop/habs-forecast/pinn/pinn_model.py:46: FutureWarning: `torch.cuda.amp.GradScaler(args...)` is deprecated. Please use `torch.amp.GradScaler('cuda', args...)` instead.
  SCALER    = GradScaler(enabled=MIXED_PREC)
/Users/yashnilmohanty/Desktop/habs-forecast/pinn/pinn_model.py:46: FutureWarning: `torch.cuda.amp.GradScaler(args...)` is deprecated. Please use `torch.amp.GradScaler('cuda', args...)` instead.
  SCALER    = GradScaler(enabled=MIXED_PREC)
/Users/yashnilmohanty/Desktop/habs-forecast/pinn/pinn_model.py:46: FutureWarning: `torch.cuda.amp.GradScaler(args...)` is deprecated. Please use `torch.amp.GradScaler('cuda', args...)` instead.
  SCALER    = GradScaler(enabled=MIXED_PREC)
Using device: cpu
Using device: cpu
Using device: cpu
Using device: cpu
/Users/yashnilmohanty/Desktop/habs-forecast/pinn/pinn_model.py:46: FutureWarning: `torch.cuda.amp.GradScaler(args...)` is deprecated. Please use `torch.amp.GradScaler('cuda', args...)` instead.
  SCALER    = GradScaler(enabled=MIXED_PREC)
/Users/yashnilmohanty/Desktop/habs-forecast/pinn/pinn_model.py:46: FutureWarning: `torch.cuda.amp.GradScaler(args...)` is deprecated. Please use `torch.amp.GradScaler('cuda', args...)` instead.
  SCALER    = GradScaler(enabled=MIXED_PREC)
Using device: cpu
Using device: cpu
E30  val RMSE=0.7115  κ=1.00  λ=5.0000
/Users/yashnilmohanty/Desktop/habs-forecast/pinn/pinn_model.py:46: FutureWarning: `torch.cuda.amp.GradScaler(args...)` is deprecated. Please use `torch.amp.GradScaler('cuda', args...)` instead.
  SCALER    = GradScaler(enabled=MIXED_PREC)
/Users/yashnilmohanty/Desktop/habs-forecast/pinn/pinn_model.py:46: FutureWarning: `torch.cuda.amp.GradScaler(args...)` is deprecated. Please use `torch.amp.GradScaler('cuda', args...)` instead.
  SCALER    = GradScaler(enabled=MIXED_PREC)
/Users/yashnilmohanty/Desktop/habs-forecast/pinn/pinn_model.py:46: FutureWarning: `torch.cuda.amp.GradScaler(args...)` is deprecated. Please use `torch.amp.GradScaler('cuda', args...)` instead.
  SCALER    = GradScaler(enabled=MIXED_PREC)
/Users/yashnilmohanty/Desktop/habs-forecast/pinn/pinn_model.py:46: FutureWarning: `torch.cuda.amp.GradScaler(args...)` is deprecated. Please use `torch.amp.GradScaler('cuda', args...)` instead.
  SCALER    = GradScaler(enabled=MIXED_PREC)
/Users/yashnilmohanty/Desktop/habs-forecast/pinn/ablation_studies.py:184: FutureWarning: `torch.cuda.amp.autocast(args...)` is deprecated. Please use `torch.amp.autocast('cuda', args...)` instead.
  with autocast(enabled=MIXED_PREC):
Using device: cpu
Using device: cpu
Using device: cpu
Using device: cpu
/Users/yashnilmohanty/Desktop/habs-forecast/pinn/pinn_model.py:46: FutureWarning: `torch.cuda.amp.GradScaler(args...)` is deprecated. Please use `torch.amp.GradScaler('cuda', args...)` instead.
  SCALER    = GradScaler(enabled=MIXED_PREC)
/Users/yashnilmohanty/Desktop/habs-forecast/pinn/pinn_model.py:46: FutureWarning: `torch.cuda.amp.GradScaler(args...)` is deprecated. Please use `torch.amp.GradScaler('cuda', args...)` instead.
  SCALER    = GradScaler(enabled=MIXED_PREC)
Using device: cpu
Using device: cpu
/Users/yashnilmohanty/Desktop/habs-forecast/pinn/pinn_model.py:46: FutureWarning: `torch.cuda.amp.GradScaler(args...)` is deprecated. Please use `torch.amp.GradScaler('cuda', args...)` instead.
  SCALER    = GradScaler(enabled=MIXED_PREC)
/Users/yashnilmohanty/Desktop/habs-forecast/pinn/pinn_model.py:46: FutureWarning: `torch.cuda.amp.GradScaler(args...)` is deprecated. Please use `torch.amp.GradScaler('cuda', args...)` instead.
  SCALER    = GradScaler(enabled=MIXED_PREC)
Using device: cpu
Using device: cpu
/Users/yashnilmohanty/miniforge3/lib/python3.12/site-packages/torch/utils/data/dataloader.py:683: UserWarning: 'pin_memory' argument is set as true but not supported on MPS now, then device pinned memory won't be used.
  warnings.warn(warn_msg)
  Results: train=0.7553, val=0.7115, test=0.8058
  Final κ = 1.00 (init: 1.0)
  ✓ Saved progress to paper_results/ablation/kappa/ablation_kappa.csv

[2/7] Training with κ_init = 5.0
/Users/yashnilmohanty/Desktop/habs-forecast/pinn/pinn_model.py:46: FutureWarning: `torch.cuda.amp.GradScaler(args...)` is deprecated. Please use `torch.amp.GradScaler('cuda', args...)` instead.
  SCALER    = GradScaler(enabled=MIXED_PREC)
/Users/yashnilmohanty/Desktop/habs-forecast/pinn/pinn_model.py:46: FutureWarning: `torch.cuda.amp.GradScaler(args...)` is deprecated. Please use `torch.amp.GradScaler('cuda', args...)` instead.
  SCALER    = GradScaler(enabled=MIXED_PREC)
/Users/yashnilmohanty/Desktop/habs-forecast/pinn/pinn_model.py:46: FutureWarning: `torch.cuda.amp.GradScaler(args...)` is deprecated. Please use `torch.amp.GradScaler('cuda', args...)` instead.
  SCALER    = GradScaler(enabled=MIXED_PREC)
/Users/yashnilmohanty/Desktop/habs-forecast/pinn/pinn_model.py:46: FutureWarning: `torch.cuda.amp.GradScaler(args...)` is deprecated. Please use `torch.amp.GradScaler('cuda', args...)` instead.
  SCALER    = GradScaler(enabled=MIXED_PREC)
/Users/yashnilmohanty/Desktop/habs-forecast/pinn/ablation_studies.py:89: FutureWarning: `torch.cuda.amp.autocast(args...)` is deprecated. Please use `torch.amp.autocast('cuda', args...)` instead.
  with autocast(enabled=MIXED_PREC):
Using device: cpu
Using device: cpu
Using device: cpu
Using device: cpu
/Users/yashnilmohanty/Desktop/habs-forecast/pinn/pinn_model.py:46: FutureWarning: `torch.cuda.amp.GradScaler(args...)` is deprecated. Please use `torch.amp.GradScaler('cuda', args...)` instead.
  SCALER    = GradScaler(enabled=MIXED_PREC)
/Users/yashnilmohanty/Desktop/habs-forecast/pinn/pinn_model.py:46: FutureWarning: `torch.cuda.amp.GradScaler(args...)` is deprecated. Please use `torch.amp.GradScaler('cuda', args...)` instead.
  SCALER    = GradScaler(enabled=MIXED_PREC)
/Users/yashnilmohanty/Desktop/habs-forecast/pinn/ablation_studies.py:158: FutureWarning: `torch.cuda.amp.autocast(args...)` is deprecated. Please use `torch.amp.autocast('cuda', args...)` instead.
  with autocast(enabled=MIXED_PREC):
Using device: cpu
Using device: cpu
/Users/yashnilmohanty/Desktop/habs-forecast/pinn/pinn_model.py:46: FutureWarning: `torch.cuda.amp.GradScaler(args...)` is deprecated. Please use `torch.amp.GradScaler('cuda', args...)` instead.
  SCALER    = GradScaler(enabled=MIXED_PREC)
/Users/yashnilmohanty/Desktop/habs-forecast/pinn/pinn_model.py:46: FutureWarning: `torch.cuda.amp.GradScaler(args...)` is deprecated. Please use `torch.amp.GradScaler('cuda', args...)` instead.
  SCALER    = GradScaler(enabled=MIXED_PREC)
/Users/yashnilmohanty/Desktop/habs-forecast/pinn/pinn_model.py:46: FutureWarning: `torch.cuda.amp.GradScaler(args...)` is deprecated. Please use `torch.amp.GradScaler('cuda', args...)` instead.
  SCALER    = GradScaler(enabled=MIXED_PREC)
/Users/yashnilmohanty/Desktop/habs-forecast/pinn/pinn_model.py:46: FutureWarning: `torch.cuda.amp.GradScaler(args...)` is deprecated. Please use `torch.amp.GradScaler('cuda', args...)` instead.
  SCALER    = GradScaler(enabled=MIXED_PREC)
Using device: cpu
Using device: cpu
Using device: cpu
Using device: cpu
/Users/yashnilmohanty/Desktop/habs-forecast/pinn/pinn_model.py:46: FutureWarning: `torch.cuda.amp.GradScaler(args...)` is deprecated. Please use `torch.amp.GradScaler('cuda', args...)` instead.
  SCALER    = GradScaler(enabled=MIXED_PREC)
/Users/yashnilmohanty/Desktop/habs-forecast/pinn/pinn_model.py:46: FutureWarning: `torch.cuda.amp.GradScaler(args...)` is deprecated. Please use `torch.amp.GradScaler('cuda', args...)` instead.
  SCALER    = GradScaler(enabled=MIXED_PREC)
Using device: cpu
Using device: cpu
/Users/yashnilmohanty/Desktop/habs-forecast/pinn/pinn_model.py:46: FutureWarning: `torch.cuda.amp.GradScaler(args...)` is deprecated. Please use `torch.amp.GradScaler('cuda', args...)` instead.
  SCALER    = GradScaler(enabled=MIXED_PREC)
/Users/yashnilmohanty/Desktop/habs-forecast/pinn/pinn_model.py:46: FutureWarning: `torch.cuda.amp.GradScaler(args...)` is deprecated. Please use `torch.amp.GradScaler('cuda', args...)` instead.
  SCALER    = GradScaler(enabled=MIXED_PREC)
/Users/yashnilmohanty/Desktop/habs-forecast/pinn/pinn_model.py:46: FutureWarning: `torch.cuda.amp.GradScaler(args...)` is deprecated. Please use `torch.amp.GradScaler('cuda', args...)` instead.
  SCALER    = GradScaler(enabled=MIXED_PREC)
/Users/yashnilmohanty/Desktop/habs-forecast/pinn/pinn_model.py:46: FutureWarning: `torch.cuda.amp.GradScaler(args...)` is deprecated. Please use `torch.amp.GradScaler('cuda', args...)` instead.
  SCALER    = GradScaler(enabled=MIXED_PREC)
Using device: cpu
Using device: cpu
Using device: cpu
Using device: cpu
/Users/yashnilmohanty/Desktop/habs-forecast/pinn/pinn_model.py:46: FutureWarning: `torch.cuda.amp.GradScaler(args...)` is deprecated. Please use `torch.amp.GradScaler('cuda', args...)` instead.
  SCALER    = GradScaler(enabled=MIXED_PREC)
/Users/yashnilmohanty/Desktop/habs-forecast/pinn/pinn_model.py:46: FutureWarning: `torch.cuda.amp.GradScaler(args...)` is deprecated. Please use `torch.amp.GradScaler('cuda', args...)` instead.
  SCALER    = GradScaler(enabled=MIXED_PREC)
Using device: cpu
Using device: cpu
/Users/yashnilmohanty/Desktop/habs-forecast/pinn/pinn_model.py:46: FutureWarning: `torch.cuda.amp.GradScaler(args...)` is deprecated. Please use `torch.amp.GradScaler('cuda', args...)` instead.
  SCALER    = GradScaler(enabled=MIXED_PREC)
/Users/yashnilmohanty/Desktop/habs-forecast/pinn/pinn_model.py:46: FutureWarning: `torch.cuda.amp.GradScaler(args...)` is deprecated. Please use `torch.amp.GradScaler('cuda', args...)` instead.
  SCALER    = GradScaler(enabled=MIXED_PREC)
/Users/yashnilmohanty/Desktop/habs-forecast/pinn/pinn_model.py:46: FutureWarning: `torch.cuda.amp.GradScaler(args...)` is deprecated. Please use `torch.amp.GradScaler('cuda', args...)` instead.
  SCALER    = GradScaler(enabled=MIXED_PREC)
/Users/yashnilmohanty/Desktop/habs-forecast/pinn/pinn_model.py:46: FutureWarning: `torch.cuda.amp.GradScaler(args...)` is deprecated. Please use `torch.amp.GradScaler('cuda', args...)` instead.
  SCALER    = GradScaler(enabled=MIXED_PREC)
Using device: cpu
Using device: cpu
Using device: cpu
Using device: cpu
/Users/yashnilmohanty/Desktop/habs-forecast/pinn/pinn_model.py:46: FutureWarning: `torch.cuda.amp.GradScaler(args...)` is deprecated. Please use `torch.amp.GradScaler('cuda', args...)` instead.
  SCALER    = GradScaler(enabled=MIXED_PREC)
/Users/yashnilmohanty/Desktop/habs-forecast/pinn/pinn_model.py:46: FutureWarning: `torch.cuda.amp.GradScaler(args...)` is deprecated. Please use `torch.amp.GradScaler('cuda', args...)` instead.
  SCALER    = GradScaler(enabled=MIXED_PREC)
Using device: cpu
Using device: cpu
/Users/yashnilmohanty/Desktop/habs-forecast/pinn/pinn_model.py:46: FutureWarning: `torch.cuda.amp.GradScaler(args...)` is deprecated. Please use `torch.amp.GradScaler('cuda', args...)` instead.
  SCALER    = GradScaler(enabled=MIXED_PREC)
/Users/yashnilmohanty/Desktop/habs-forecast/pinn/pinn_model.py:46: FutureWarning: `torch.cuda.amp.GradScaler(args...)` is deprecated. Please use `torch.amp.GradScaler('cuda', args...)` instead.
  SCALER    = GradScaler(enabled=MIXED_PREC)
/Users/yashnilmohanty/Desktop/habs-forecast/pinn/pinn_model.py:46: FutureWarning: `torch.cuda.amp.GradScaler(args...)` is deprecated. Please use `torch.amp.GradScaler('cuda', args...)` instead.
  SCALER    = GradScaler(enabled=MIXED_PREC)
/Users/yashnilmohanty/Desktop/habs-forecast/pinn/pinn_model.py:46: FutureWarning: `torch.cuda.amp.GradScaler(args...)` is deprecated. Please use `torch.amp.GradScaler('cuda', args...)` instead.
  SCALER    = GradScaler(enabled=MIXED_PREC)
Using device: cpu
Using device: cpu
Using device: cpu
Using device: cpu
/Users/yashnilmohanty/Desktop/habs-forecast/pinn/pinn_model.py:46: FutureWarning: `torch.cuda.amp.GradScaler(args...)` is deprecated. Please use `torch.amp.GradScaler('cuda', args...)` instead.
  SCALER    = GradScaler(enabled=MIXED_PREC)
/Users/yashnilmohanty/Desktop/habs-forecast/pinn/pinn_model.py:46: FutureWarning: `torch.cuda.amp.GradScaler(args...)` is deprecated. Please use `torch.amp.GradScaler('cuda', args...)` instead.
  SCALER    = GradScaler(enabled=MIXED_PREC)
Using device: cpu
Using device: cpu
E05  val RMSE=0.7871  κ=5.00  λ=0.0000
/Users/yashnilmohanty/Desktop/habs-forecast/pinn/pinn_model.py:46: FutureWarning: `torch.cuda.amp.GradScaler(args...)` is deprecated. Please use `torch.amp.GradScaler('cuda', args...)` instead.
  SCALER    = GradScaler(enabled=MIXED_PREC)
/Users/yashnilmohanty/Desktop/habs-forecast/pinn/pinn_model.py:46: FutureWarning: `torch.cuda.amp.GradScaler(args...)` is deprecated. Please use `torch.amp.GradScaler('cuda', args...)` instead.
  SCALER    = GradScaler(enabled=MIXED_PREC)
/Users/yashnilmohanty/Desktop/habs-forecast/pinn/pinn_model.py:46: FutureWarning: `torch.cuda.amp.GradScaler(args...)` is deprecated. Please use `torch.amp.GradScaler('cuda', args...)` instead.
  SCALER    = GradScaler(enabled=MIXED_PREC)
/Users/yashnilmohanty/Desktop/habs-forecast/pinn/pinn_model.py:46: FutureWarning: `torch.cuda.amp.GradScaler(args...)` is deprecated. Please use `torch.amp.GradScaler('cuda', args...)` instead.
  SCALER    = GradScaler(enabled=MIXED_PREC)
Using device: cpu
Using device: cpu
Using device: cpu
Using device: cpu
/Users/yashnilmohanty/Desktop/habs-forecast/pinn/pinn_model.py:46: FutureWarning: `torch.cuda.amp.GradScaler(args...)` is deprecated. Please use `torch.amp.GradScaler('cuda', args...)` instead.
  SCALER    = GradScaler(enabled=MIXED_PREC)
/Users/yashnilmohanty/Desktop/habs-forecast/pinn/pinn_model.py:46: FutureWarning: `torch.cuda.amp.GradScaler(args...)` is deprecated. Please use `torch.amp.GradScaler('cuda', args...)` instead.
  SCALER    = GradScaler(enabled=MIXED_PREC)
Using device: cpu
Using device: cpu
/Users/yashnilmohanty/Desktop/habs-forecast/pinn/pinn_model.py:46: FutureWarning: `torch.cuda.amp.GradScaler(args...)` is deprecated. Please use `torch.amp.GradScaler('cuda', args...)` instead.
  SCALER    = GradScaler(enabled=MIXED_PREC)
/Users/yashnilmohanty/Desktop/habs-forecast/pinn/pinn_model.py:46: FutureWarning: `torch.cuda.amp.GradScaler(args...)` is deprecated. Please use `torch.amp.GradScaler('cuda', args...)` instead.
  SCALER    = GradScaler(enabled=MIXED_PREC)
/Users/yashnilmohanty/Desktop/habs-forecast/pinn/pinn_model.py:46: FutureWarning: `torch.cuda.amp.GradScaler(args...)` is deprecated. Please use `torch.amp.GradScaler('cuda', args...)` instead.
  SCALER    = GradScaler(enabled=MIXED_PREC)
/Users/yashnilmohanty/Desktop/habs-forecast/pinn/pinn_model.py:46: FutureWarning: `torch.cuda.amp.GradScaler(args...)` is deprecated. Please use `torch.amp.GradScaler('cuda', args...)` instead.
  SCALER    = GradScaler(enabled=MIXED_PREC)
Using device: cpu
Using device: cpu
Using device: cpu
Using device: cpu
/Users/yashnilmohanty/Desktop/habs-forecast/pinn/pinn_model.py:46: FutureWarning: `torch.cuda.amp.GradScaler(args...)` is deprecated. Please use `torch.amp.GradScaler('cuda', args...)` instead.
  SCALER    = GradScaler(enabled=MIXED_PREC)
/Users/yashnilmohanty/Desktop/habs-forecast/pinn/pinn_model.py:46: FutureWarning: `torch.cuda.amp.GradScaler(args...)` is deprecated. Please use `torch.amp.GradScaler('cuda', args...)` instead.
  SCALER    = GradScaler(enabled=MIXED_PREC)
Using device: cpu
Using device: cpu
/Users/yashnilmohanty/Desktop/habs-forecast/pinn/pinn_model.py:46: FutureWarning: `torch.cuda.amp.GradScaler(args...)` is deprecated. Please use `torch.amp.GradScaler('cuda', args...)` instead.
  SCALER    = GradScaler(enabled=MIXED_PREC)
/Users/yashnilmohanty/Desktop/habs-forecast/pinn/pinn_model.py:46: FutureWarning: `torch.cuda.amp.GradScaler(args...)` is deprecated. Please use `torch.amp.GradScaler('cuda', args...)` instead.
  SCALER    = GradScaler(enabled=MIXED_PREC)
/Users/yashnilmohanty/Desktop/habs-forecast/pinn/pinn_model.py:46: FutureWarning: `torch.cuda.amp.GradScaler(args...)` is deprecated. Please use `torch.amp.GradScaler('cuda', args...)` instead.
  SCALER    = GradScaler(enabled=MIXED_PREC)
/Users/yashnilmohanty/Desktop/habs-forecast/pinn/pinn_model.py:46: FutureWarning: `torch.cuda.amp.GradScaler(args...)` is deprecated. Please use `torch.amp.GradScaler('cuda', args...)` instead.
  SCALER    = GradScaler(enabled=MIXED_PREC)
Using device: cpu
Using device: cpu
Using device: cpu
Using device: cpu
/Users/yashnilmohanty/Desktop/habs-forecast/pinn/pinn_model.py:46: FutureWarning: `torch.cuda.amp.GradScaler(args...)` is deprecated. Please use `torch.amp.GradScaler('cuda', args...)` instead.
  SCALER    = GradScaler(enabled=MIXED_PREC)
/Users/yashnilmohanty/Desktop/habs-forecast/pinn/pinn_model.py:46: FutureWarning: `torch.cuda.amp.GradScaler(args...)` is deprecated. Please use `torch.amp.GradScaler('cuda', args...)` instead.
  SCALER    = GradScaler(enabled=MIXED_PREC)
Using device: cpu
Using device: cpu
/Users/yashnilmohanty/Desktop/habs-forecast/pinn/pinn_model.py:46: FutureWarning: `torch.cuda.amp.GradScaler(args...)` is deprecated. Please use `torch.amp.GradScaler('cuda', args...)` instead.
  SCALER    = GradScaler(enabled=MIXED_PREC)
/Users/yashnilmohanty/Desktop/habs-forecast/pinn/pinn_model.py:46: FutureWarning: `torch.cuda.amp.GradScaler(args...)` is deprecated. Please use `torch.amp.GradScaler('cuda', args...)` instead.
  SCALER    = GradScaler(enabled=MIXED_PREC)
/Users/yashnilmohanty/Desktop/habs-forecast/pinn/pinn_model.py:46: FutureWarning: `torch.cuda.amp.GradScaler(args...)` is deprecated. Please use `torch.amp.GradScaler('cuda', args...)` instead.
  SCALER    = GradScaler(enabled=MIXED_PREC)
/Users/yashnilmohanty/Desktop/habs-forecast/pinn/pinn_model.py:46: FutureWarning: `torch.cuda.amp.GradScaler(args...)` is deprecated. Please use `torch.amp.GradScaler('cuda', args...)` instead.
  SCALER    = GradScaler(enabled=MIXED_PREC)
Using device: cpu
Using device: cpu
Using device: cpu
Using device: cpu
/Users/yashnilmohanty/Desktop/habs-forecast/pinn/pinn_model.py:46: FutureWarning: `torch.cuda.amp.GradScaler(args...)` is deprecated. Please use `torch.amp.GradScaler('cuda', args...)` instead.
  SCALER    = GradScaler(enabled=MIXED_PREC)
/Users/yashnilmohanty/Desktop/habs-forecast/pinn/pinn_model.py:46: FutureWarning: `torch.cuda.amp.GradScaler(args...)` is deprecated. Please use `torch.amp.GradScaler('cuda', args...)` instead.
  SCALER    = GradScaler(enabled=MIXED_PREC)
Using device: cpu
Using device: cpu
/Users/yashnilmohanty/Desktop/habs-forecast/pinn/pinn_model.py:46: FutureWarning: `torch.cuda.amp.GradScaler(args...)` is deprecated. Please use `torch.amp.GradScaler('cuda', args...)` instead.
  SCALER    = GradScaler(enabled=MIXED_PREC)
/Users/yashnilmohanty/Desktop/habs-forecast/pinn/pinn_model.py:46: FutureWarning: `torch.cuda.amp.GradScaler(args...)` is deprecated. Please use `torch.amp.GradScaler('cuda', args...)` instead.
  SCALER    = GradScaler(enabled=MIXED_PREC)
/Users/yashnilmohanty/Desktop/habs-forecast/pinn/pinn_model.py:46: FutureWarning: `torch.cuda.amp.GradScaler(args...)` is deprecated. Please use `torch.amp.GradScaler('cuda', args...)` instead.
  SCALER    = GradScaler(enabled=MIXED_PREC)
/Users/yashnilmohanty/Desktop/habs-forecast/pinn/pinn_model.py:46: FutureWarning: `torch.cuda.amp.GradScaler(args...)` is deprecated. Please use `torch.amp.GradScaler('cuda', args...)` instead.
  SCALER    = GradScaler(enabled=MIXED_PREC)
Using device: cpu
Using device: cpu
Using device: cpu
Using device: cpu
/Users/yashnilmohanty/Desktop/habs-forecast/pinn/pinn_model.py:46: FutureWarning: `torch.cuda.amp.GradScaler(args...)` is deprecated. Please use `torch.amp.GradScaler('cuda', args...)` instead.
  SCALER    = GradScaler(enabled=MIXED_PREC)
/Users/yashnilmohanty/Desktop/habs-forecast/pinn/pinn_model.py:46: FutureWarning: `torch.cuda.amp.GradScaler(args...)` is deprecated. Please use `torch.amp.GradScaler('cuda', args...)` instead.
  SCALER    = GradScaler(enabled=MIXED_PREC)
Using device: cpu
Using device: cpu
E10  val RMSE=0.7693  κ=5.00  λ=0.0000
/Users/yashnilmohanty/Desktop/habs-forecast/pinn/pinn_model.py:46: FutureWarning: `torch.cuda.amp.GradScaler(args...)` is deprecated. Please use `torch.amp.GradScaler('cuda', args...)` instead.
  SCALER    = GradScaler(enabled=MIXED_PREC)
/Users/yashnilmohanty/Desktop/habs-forecast/pinn/pinn_model.py:46: FutureWarning: `torch.cuda.amp.GradScaler(args...)` is deprecated. Please use `torch.amp.GradScaler('cuda', args...)` instead.
  SCALER    = GradScaler(enabled=MIXED_PREC)
/Users/yashnilmohanty/Desktop/habs-forecast/pinn/pinn_model.py:46: FutureWarning: `torch.cuda.amp.GradScaler(args...)` is deprecated. Please use `torch.amp.GradScaler('cuda', args...)` instead.
  SCALER    = GradScaler(enabled=MIXED_PREC)
/Users/yashnilmohanty/Desktop/habs-forecast/pinn/pinn_model.py:46: FutureWarning: `torch.cuda.amp.GradScaler(args...)` is deprecated. Please use `torch.amp.GradScaler('cuda', args...)` instead.
  SCALER    = GradScaler(enabled=MIXED_PREC)
Using device: cpu
Using device: cpu
Using device: cpu
Using device: cpu
/Users/yashnilmohanty/Desktop/habs-forecast/pinn/pinn_model.py:46: FutureWarning: `torch.cuda.amp.GradScaler(args...)` is deprecated. Please use `torch.amp.GradScaler('cuda', args...)` instead.
  SCALER    = GradScaler(enabled=MIXED_PREC)
/Users/yashnilmohanty/Desktop/habs-forecast/pinn/pinn_model.py:46: FutureWarning: `torch.cuda.amp.GradScaler(args...)` is deprecated. Please use `torch.amp.GradScaler('cuda', args...)` instead.
  SCALER    = GradScaler(enabled=MIXED_PREC)
Using device: cpu
Using device: cpu
/Users/yashnilmohanty/Desktop/habs-forecast/pinn/pinn_model.py:46: FutureWarning: `torch.cuda.amp.GradScaler(args...)` is deprecated. Please use `torch.amp.GradScaler('cuda', args...)` instead.
  SCALER    = GradScaler(enabled=MIXED_PREC)
/Users/yashnilmohanty/Desktop/habs-forecast/pinn/pinn_model.py:46: FutureWarning: `torch.cuda.amp.GradScaler(args...)` is deprecated. Please use `torch.amp.GradScaler('cuda', args...)` instead.
  SCALER    = GradScaler(enabled=MIXED_PREC)
/Users/yashnilmohanty/Desktop/habs-forecast/pinn/pinn_model.py:46: FutureWarning: `torch.cuda.amp.GradScaler(args...)` is deprecated. Please use `torch.amp.GradScaler('cuda', args...)` instead.
  SCALER    = GradScaler(enabled=MIXED_PREC)
/Users/yashnilmohanty/Desktop/habs-forecast/pinn/pinn_model.py:46: FutureWarning: `torch.cuda.amp.GradScaler(args...)` is deprecated. Please use `torch.amp.GradScaler('cuda', args...)` instead.
  SCALER    = GradScaler(enabled=MIXED_PREC)
Using device: cpu
Using device: cpu
Using device: cpu
Using device: cpu
/Users/yashnilmohanty/Desktop/habs-forecast/pinn/pinn_model.py:46: FutureWarning: `torch.cuda.amp.GradScaler(args...)` is deprecated. Please use `torch.amp.GradScaler('cuda', args...)` instead.
  SCALER    = GradScaler(enabled=MIXED_PREC)
/Users/yashnilmohanty/Desktop/habs-forecast/pinn/pinn_model.py:46: FutureWarning: `torch.cuda.amp.GradScaler(args...)` is deprecated. Please use `torch.amp.GradScaler('cuda', args...)` instead.
  SCALER    = GradScaler(enabled=MIXED_PREC)
Using device: cpu
Using device: cpu
/Users/yashnilmohanty/Desktop/habs-forecast/pinn/pinn_model.py:46: FutureWarning: `torch.cuda.amp.GradScaler(args...)` is deprecated. Please use `torch.amp.GradScaler('cuda', args...)` instead.
  SCALER    = GradScaler(enabled=MIXED_PREC)
/Users/yashnilmohanty/Desktop/habs-forecast/pinn/pinn_model.py:46: FutureWarning: `torch.cuda.amp.GradScaler(args...)` is deprecated. Please use `torch.amp.GradScaler('cuda', args...)` instead.
  SCALER    = GradScaler(enabled=MIXED_PREC)
/Users/yashnilmohanty/Desktop/habs-forecast/pinn/pinn_model.py:46: FutureWarning: `torch.cuda.amp.GradScaler(args...)` is deprecated. Please use `torch.amp.GradScaler('cuda', args...)` instead.
  SCALER    = GradScaler(enabled=MIXED_PREC)
/Users/yashnilmohanty/Desktop/habs-forecast/pinn/pinn_model.py:46: FutureWarning: `torch.cuda.amp.GradScaler(args...)` is deprecated. Please use `torch.amp.GradScaler('cuda', args...)` instead.
  SCALER    = GradScaler(enabled=MIXED_PREC)
Using device: cpu
Using device: cpu
Using device: cpu
Using device: cpu
/Users/yashnilmohanty/Desktop/habs-forecast/pinn/pinn_model.py:46: FutureWarning: `torch.cuda.amp.GradScaler(args...)` is deprecated. Please use `torch.amp.GradScaler('cuda', args...)` instead.
  SCALER    = GradScaler(enabled=MIXED_PREC)
/Users/yashnilmohanty/Desktop/habs-forecast/pinn/pinn_model.py:46: FutureWarning: `torch.cuda.amp.GradScaler(args...)` is deprecated. Please use `torch.amp.GradScaler('cuda', args...)` instead.
  SCALER    = GradScaler(enabled=MIXED_PREC)
Using device: cpu
Using device: cpu
/Users/yashnilmohanty/Desktop/habs-forecast/pinn/pinn_model.py:46: FutureWarning: `torch.cuda.amp.GradScaler(args...)` is deprecated. Please use `torch.amp.GradScaler('cuda', args...)` instead.
  SCALER    = GradScaler(enabled=MIXED_PREC)
/Users/yashnilmohanty/Desktop/habs-forecast/pinn/pinn_model.py:46: FutureWarning: `torch.cuda.amp.GradScaler(args...)` is deprecated. Please use `torch.amp.GradScaler('cuda', args...)` instead.
  SCALER    = GradScaler(enabled=MIXED_PREC)
/Users/yashnilmohanty/Desktop/habs-forecast/pinn/pinn_model.py:46: FutureWarning: `torch.cuda.amp.GradScaler(args...)` is deprecated. Please use `torch.amp.GradScaler('cuda', args...)` instead.
  SCALER    = GradScaler(enabled=MIXED_PREC)
/Users/yashnilmohanty/Desktop/habs-forecast/pinn/pinn_model.py:46: FutureWarning: `torch.cuda.amp.GradScaler(args...)` is deprecated. Please use `torch.amp.GradScaler('cuda', args...)` instead.
  SCALER    = GradScaler(enabled=MIXED_PREC)
Using device: cpu
Using device: cpu
Using device: cpu
Using device: cpu
/Users/yashnilmohanty/Desktop/habs-forecast/pinn/pinn_model.py:46: FutureWarning: `torch.cuda.amp.GradScaler(args...)` is deprecated. Please use `torch.amp.GradScaler('cuda', args...)` instead.
  SCALER    = GradScaler(enabled=MIXED_PREC)
/Users/yashnilmohanty/Desktop/habs-forecast/pinn/pinn_model.py:46: FutureWarning: `torch.cuda.amp.GradScaler(args...)` is deprecated. Please use `torch.amp.GradScaler('cuda', args...)` instead.
  SCALER    = GradScaler(enabled=MIXED_PREC)
Using device: cpu
Using device: cpu
/Users/yashnilmohanty/Desktop/habs-forecast/pinn/pinn_model.py:46: FutureWarning: `torch.cuda.amp.GradScaler(args...)` is deprecated. Please use `torch.amp.GradScaler('cuda', args...)` instead.
  SCALER    = GradScaler(enabled=MIXED_PREC)
/Users/yashnilmohanty/Desktop/habs-forecast/pinn/pinn_model.py:46: FutureWarning: `torch.cuda.amp.GradScaler(args...)` is deprecated. Please use `torch.amp.GradScaler('cuda', args...)` instead.
  SCALER    = GradScaler(enabled=MIXED_PREC)
/Users/yashnilmohanty/Desktop/habs-forecast/pinn/pinn_model.py:46: FutureWarning: `torch.cuda.amp.GradScaler(args...)` is deprecated. Please use `torch.amp.GradScaler('cuda', args...)` instead.
  SCALER    = GradScaler(enabled=MIXED_PREC)
/Users/yashnilmohanty/Desktop/habs-forecast/pinn/pinn_model.py:46: FutureWarning: `torch.cuda.amp.GradScaler(args...)` is deprecated. Please use `torch.amp.GradScaler('cuda', args...)` instead.
  SCALER    = GradScaler(enabled=MIXED_PREC)
Using device: cpu
Using device: cpu
Using device: cpu
Using device: cpu
/Users/yashnilmohanty/Desktop/habs-forecast/pinn/pinn_model.py:46: FutureWarning: `torch.cuda.amp.GradScaler(args...)` is deprecated. Please use `torch.amp.GradScaler('cuda', args...)` instead.
  SCALER    = GradScaler(enabled=MIXED_PREC)
/Users/yashnilmohanty/Desktop/habs-forecast/pinn/pinn_model.py:46: FutureWarning: `torch.cuda.amp.GradScaler(args...)` is deprecated. Please use `torch.amp.GradScaler('cuda', args...)` instead.
  SCALER    = GradScaler(enabled=MIXED_PREC)
Using device: cpu
Using device: cpu
E15  val RMSE=0.7486  κ=5.00  λ=5.0000
/Users/yashnilmohanty/Desktop/habs-forecast/pinn/pinn_model.py:46: FutureWarning: `torch.cuda.amp.GradScaler(args...)` is deprecated. Please use `torch.amp.GradScaler('cuda', args...)` instead.
  SCALER    = GradScaler(enabled=MIXED_PREC)
/Users/yashnilmohanty/Desktop/habs-forecast/pinn/pinn_model.py:46: FutureWarning: `torch.cuda.amp.GradScaler(args...)` is deprecated. Please use `torch.amp.GradScaler('cuda', args...)` instead.
  SCALER    = GradScaler(enabled=MIXED_PREC)
/Users/yashnilmohanty/Desktop/habs-forecast/pinn/pinn_model.py:46: FutureWarning: `torch.cuda.amp.GradScaler(args...)` is deprecated. Please use `torch.amp.GradScaler('cuda', args...)` instead.
  SCALER    = GradScaler(enabled=MIXED_PREC)
/Users/yashnilmohanty/Desktop/habs-forecast/pinn/pinn_model.py:46: FutureWarning: `torch.cuda.amp.GradScaler(args...)` is deprecated. Please use `torch.amp.GradScaler('cuda', args...)` instead.
  SCALER    = GradScaler(enabled=MIXED_PREC)
Using device: cpu
Using device: cpu
Using device: cpu
Using device: cpu
/Users/yashnilmohanty/Desktop/habs-forecast/pinn/pinn_model.py:46: FutureWarning: `torch.cuda.amp.GradScaler(args...)` is deprecated. Please use `torch.amp.GradScaler('cuda', args...)` instead.
  SCALER    = GradScaler(enabled=MIXED_PREC)
/Users/yashnilmohanty/Desktop/habs-forecast/pinn/pinn_model.py:46: FutureWarning: `torch.cuda.amp.GradScaler(args...)` is deprecated. Please use `torch.amp.GradScaler('cuda', args...)` instead.
  SCALER    = GradScaler(enabled=MIXED_PREC)
Using device: cpu
Using device: cpu
/Users/yashnilmohanty/Desktop/habs-forecast/pinn/pinn_model.py:46: FutureWarning: `torch.cuda.amp.GradScaler(args...)` is deprecated. Please use `torch.amp.GradScaler('cuda', args...)` instead.
  SCALER    = GradScaler(enabled=MIXED_PREC)
/Users/yashnilmohanty/Desktop/habs-forecast/pinn/pinn_model.py:46: FutureWarning: `torch.cuda.amp.GradScaler(args...)` is deprecated. Please use `torch.amp.GradScaler('cuda', args...)` instead.
  SCALER    = GradScaler(enabled=MIXED_PREC)
/Users/yashnilmohanty/Desktop/habs-forecast/pinn/pinn_model.py:46: FutureWarning: `torch.cuda.amp.GradScaler(args...)` is deprecated. Please use `torch.amp.GradScaler('cuda', args...)` instead.
  SCALER    = GradScaler(enabled=MIXED_PREC)
/Users/yashnilmohanty/Desktop/habs-forecast/pinn/pinn_model.py:46: FutureWarning: `torch.cuda.amp.GradScaler(args...)` is deprecated. Please use `torch.amp.GradScaler('cuda', args...)` instead.
  SCALER    = GradScaler(enabled=MIXED_PREC)
Using device: cpu
Using device: cpu
Using device: cpu
Using device: cpu
/Users/yashnilmohanty/Desktop/habs-forecast/pinn/pinn_model.py:46: FutureWarning: `torch.cuda.amp.GradScaler(args...)` is deprecated. Please use `torch.amp.GradScaler('cuda', args...)` instead.
  SCALER    = GradScaler(enabled=MIXED_PREC)
/Users/yashnilmohanty/Desktop/habs-forecast/pinn/pinn_model.py:46: FutureWarning: `torch.cuda.amp.GradScaler(args...)` is deprecated. Please use `torch.amp.GradScaler('cuda', args...)` instead.
  SCALER    = GradScaler(enabled=MIXED_PREC)
Using device: cpu
Using device: cpu
/Users/yashnilmohanty/Desktop/habs-forecast/pinn/pinn_model.py:46: FutureWarning: `torch.cuda.amp.GradScaler(args...)` is deprecated. Please use `torch.amp.GradScaler('cuda', args...)` instead.
  SCALER    = GradScaler(enabled=MIXED_PREC)
/Users/yashnilmohanty/Desktop/habs-forecast/pinn/pinn_model.py:46: FutureWarning: `torch.cuda.amp.GradScaler(args...)` is deprecated. Please use `torch.amp.GradScaler('cuda', args...)` instead.
  SCALER    = GradScaler(enabled=MIXED_PREC)
/Users/yashnilmohanty/Desktop/habs-forecast/pinn/pinn_model.py:46: FutureWarning: `torch.cuda.amp.GradScaler(args...)` is deprecated. Please use `torch.amp.GradScaler('cuda', args...)` instead.
  SCALER    = GradScaler(enabled=MIXED_PREC)
/Users/yashnilmohanty/Desktop/habs-forecast/pinn/pinn_model.py:46: FutureWarning: `torch.cuda.amp.GradScaler(args...)` is deprecated. Please use `torch.amp.GradScaler('cuda', args...)` instead.
  SCALER    = GradScaler(enabled=MIXED_PREC)
Using device: cpu
Using device: cpu
Using device: cpu
Using device: cpu
/Users/yashnilmohanty/Desktop/habs-forecast/pinn/pinn_model.py:46: FutureWarning: `torch.cuda.amp.GradScaler(args...)` is deprecated. Please use `torch.amp.GradScaler('cuda', args...)` instead.
  SCALER    = GradScaler(enabled=MIXED_PREC)
/Users/yashnilmohanty/Desktop/habs-forecast/pinn/pinn_model.py:46: FutureWarning: `torch.cuda.amp.GradScaler(args...)` is deprecated. Please use `torch.amp.GradScaler('cuda', args...)` instead.
  SCALER    = GradScaler(enabled=MIXED_PREC)
Using device: cpu
Using device: cpu
/Users/yashnilmohanty/Desktop/habs-forecast/pinn/pinn_model.py:46: FutureWarning: `torch.cuda.amp.GradScaler(args...)` is deprecated. Please use `torch.amp.GradScaler('cuda', args...)` instead.
  SCALER    = GradScaler(enabled=MIXED_PREC)
/Users/yashnilmohanty/Desktop/habs-forecast/pinn/pinn_model.py:46: FutureWarning: `torch.cuda.amp.GradScaler(args...)` is deprecated. Please use `torch.amp.GradScaler('cuda', args...)` instead.
  SCALER    = GradScaler(enabled=MIXED_PREC)
/Users/yashnilmohanty/Desktop/habs-forecast/pinn/pinn_model.py:46: FutureWarning: `torch.cuda.amp.GradScaler(args...)` is deprecated. Please use `torch.amp.GradScaler('cuda', args...)` instead.
  SCALER    = GradScaler(enabled=MIXED_PREC)
/Users/yashnilmohanty/Desktop/habs-forecast/pinn/pinn_model.py:46: FutureWarning: `torch.cuda.amp.GradScaler(args...)` is deprecated. Please use `torch.amp.GradScaler('cuda', args...)` instead.
  SCALER    = GradScaler(enabled=MIXED_PREC)
Using device: cpu
Using device: cpu
Using device: cpu
Using device: cpu
/Users/yashnilmohanty/Desktop/habs-forecast/pinn/pinn_model.py:46: FutureWarning: `torch.cuda.amp.GradScaler(args...)` is deprecated. Please use `torch.amp.GradScaler('cuda', args...)` instead.
  SCALER    = GradScaler(enabled=MIXED_PREC)
/Users/yashnilmohanty/Desktop/habs-forecast/pinn/pinn_model.py:46: FutureWarning: `torch.cuda.amp.GradScaler(args...)` is deprecated. Please use `torch.amp.GradScaler('cuda', args...)` instead.
  SCALER    = GradScaler(enabled=MIXED_PREC)
Using device: cpu
Using device: cpu
/Users/yashnilmohanty/Desktop/habs-forecast/pinn/pinn_model.py:46: FutureWarning: `torch.cuda.amp.GradScaler(args...)` is deprecated. Please use `torch.amp.GradScaler('cuda', args...)` instead.
  SCALER    = GradScaler(enabled=MIXED_PREC)
/Users/yashnilmohanty/Desktop/habs-forecast/pinn/pinn_model.py:46: FutureWarning: `torch.cuda.amp.GradScaler(args...)` is deprecated. Please use `torch.amp.GradScaler('cuda', args...)` instead.
  SCALER    = GradScaler(enabled=MIXED_PREC)
/Users/yashnilmohanty/Desktop/habs-forecast/pinn/pinn_model.py:46: FutureWarning: `torch.cuda.amp.GradScaler(args...)` is deprecated. Please use `torch.amp.GradScaler('cuda', args...)` instead.
  SCALER    = GradScaler(enabled=MIXED_PREC)
/Users/yashnilmohanty/Desktop/habs-forecast/pinn/pinn_model.py:46: FutureWarning: `torch.cuda.amp.GradScaler(args...)` is deprecated. Please use `torch.amp.GradScaler('cuda', args...)` instead.
  SCALER    = GradScaler(enabled=MIXED_PREC)
Using device: cpu
Using device: cpu
Using device: cpu
Using device: cpu
/Users/yashnilmohanty/Desktop/habs-forecast/pinn/pinn_model.py:46: FutureWarning: `torch.cuda.amp.GradScaler(args...)` is deprecated. Please use `torch.amp.GradScaler('cuda', args...)` instead.
  SCALER    = GradScaler(enabled=MIXED_PREC)
/Users/yashnilmohanty/Desktop/habs-forecast/pinn/pinn_model.py:46: FutureWarning: `torch.cuda.amp.GradScaler(args...)` is deprecated. Please use `torch.amp.GradScaler('cuda', args...)` instead.
  SCALER    = GradScaler(enabled=MIXED_PREC)
Using device: cpu
Using device: cpu
E20  val RMSE=0.7210  κ=5.00  λ=5.0000
/Users/yashnilmohanty/Desktop/habs-forecast/pinn/pinn_model.py:46: FutureWarning: `torch.cuda.amp.GradScaler(args...)` is deprecated. Please use `torch.amp.GradScaler('cuda', args...)` instead.
  SCALER    = GradScaler(enabled=MIXED_PREC)
/Users/yashnilmohanty/Desktop/habs-forecast/pinn/pinn_model.py:46: FutureWarning: `torch.cuda.amp.GradScaler(args...)` is deprecated. Please use `torch.amp.GradScaler('cuda', args...)` instead.
  SCALER    = GradScaler(enabled=MIXED_PREC)
/Users/yashnilmohanty/Desktop/habs-forecast/pinn/pinn_model.py:46: FutureWarning: `torch.cuda.amp.GradScaler(args...)` is deprecated. Please use `torch.amp.GradScaler('cuda', args...)` instead.
  SCALER    = GradScaler(enabled=MIXED_PREC)
/Users/yashnilmohanty/Desktop/habs-forecast/pinn/pinn_model.py:46: FutureWarning: `torch.cuda.amp.GradScaler(args...)` is deprecated. Please use `torch.amp.GradScaler('cuda', args...)` instead.
  SCALER    = GradScaler(enabled=MIXED_PREC)
Using device: cpu
Using device: cpu
Using device: cpu
Using device: cpu
/Users/yashnilmohanty/Desktop/habs-forecast/pinn/pinn_model.py:46: FutureWarning: `torch.cuda.amp.GradScaler(args...)` is deprecated. Please use `torch.amp.GradScaler('cuda', args...)` instead.
  SCALER    = GradScaler(enabled=MIXED_PREC)
/Users/yashnilmohanty/Desktop/habs-forecast/pinn/pinn_model.py:46: FutureWarning: `torch.cuda.amp.GradScaler(args...)` is deprecated. Please use `torch.amp.GradScaler('cuda', args...)` instead.
  SCALER    = GradScaler(enabled=MIXED_PREC)
Using device: cpu
Using device: cpu
/Users/yashnilmohanty/Desktop/habs-forecast/pinn/pinn_model.py:46: FutureWarning: `torch.cuda.amp.GradScaler(args...)` is deprecated. Please use `torch.amp.GradScaler('cuda', args...)` instead.
  SCALER    = GradScaler(enabled=MIXED_PREC)
/Users/yashnilmohanty/Desktop/habs-forecast/pinn/pinn_model.py:46: FutureWarning: `torch.cuda.amp.GradScaler(args...)` is deprecated. Please use `torch.amp.GradScaler('cuda', args...)` instead.
  SCALER    = GradScaler(enabled=MIXED_PREC)
/Users/yashnilmohanty/Desktop/habs-forecast/pinn/pinn_model.py:46: FutureWarning: `torch.cuda.amp.GradScaler(args...)` is deprecated. Please use `torch.amp.GradScaler('cuda', args...)` instead.
  SCALER    = GradScaler(enabled=MIXED_PREC)
/Users/yashnilmohanty/Desktop/habs-forecast/pinn/pinn_model.py:46: FutureWarning: `torch.cuda.amp.GradScaler(args...)` is deprecated. Please use `torch.amp.GradScaler('cuda', args...)` instead.
  SCALER    = GradScaler(enabled=MIXED_PREC)
Using device: cpu
Using device: cpu
Using device: cpu
Using device: cpu
/Users/yashnilmohanty/Desktop/habs-forecast/pinn/pinn_model.py:46: FutureWarning: `torch.cuda.amp.GradScaler(args...)` is deprecated. Please use `torch.amp.GradScaler('cuda', args...)` instead.
  SCALER    = GradScaler(enabled=MIXED_PREC)
/Users/yashnilmohanty/Desktop/habs-forecast/pinn/pinn_model.py:46: FutureWarning: `torch.cuda.amp.GradScaler(args...)` is deprecated. Please use `torch.amp.GradScaler('cuda', args...)` instead.
  SCALER    = GradScaler(enabled=MIXED_PREC)
Using device: cpu
Using device: cpu
/Users/yashnilmohanty/Desktop/habs-forecast/pinn/pinn_model.py:46: FutureWarning: `torch.cuda.amp.GradScaler(args...)` is deprecated. Please use `torch.amp.GradScaler('cuda', args...)` instead.
  SCALER    = GradScaler(enabled=MIXED_PREC)
/Users/yashnilmohanty/Desktop/habs-forecast/pinn/pinn_model.py:46: FutureWarning: `torch.cuda.amp.GradScaler(args...)` is deprecated. Please use `torch.amp.GradScaler('cuda', args...)` instead.
  SCALER    = GradScaler(enabled=MIXED_PREC)
/Users/yashnilmohanty/Desktop/habs-forecast/pinn/pinn_model.py:46: FutureWarning: `torch.cuda.amp.GradScaler(args...)` is deprecated. Please use `torch.amp.GradScaler('cuda', args...)` instead.
  SCALER    = GradScaler(enabled=MIXED_PREC)
/Users/yashnilmohanty/Desktop/habs-forecast/pinn/pinn_model.py:46: FutureWarning: `torch.cuda.amp.GradScaler(args...)` is deprecated. Please use `torch.amp.GradScaler('cuda', args...)` instead.
  SCALER    = GradScaler(enabled=MIXED_PREC)
Using device: cpu
Using device: cpu
Using device: cpu
Using device: cpu
/Users/yashnilmohanty/Desktop/habs-forecast/pinn/pinn_model.py:46: FutureWarning: `torch.cuda.amp.GradScaler(args...)` is deprecated. Please use `torch.amp.GradScaler('cuda', args...)` instead.
  SCALER    = GradScaler(enabled=MIXED_PREC)
/Users/yashnilmohanty/Desktop/habs-forecast/pinn/pinn_model.py:46: FutureWarning: `torch.cuda.amp.GradScaler(args...)` is deprecated. Please use `torch.amp.GradScaler('cuda', args...)` instead.
  SCALER    = GradScaler(enabled=MIXED_PREC)
Using device: cpu
Using device: cpu
/Users/yashnilmohanty/Desktop/habs-forecast/pinn/pinn_model.py:46: FutureWarning: `torch.cuda.amp.GradScaler(args...)` is deprecated. Please use `torch.amp.GradScaler('cuda', args...)` instead.
  SCALER    = GradScaler(enabled=MIXED_PREC)
/Users/yashnilmohanty/Desktop/habs-forecast/pinn/pinn_model.py:46: FutureWarning: `torch.cuda.amp.GradScaler(args...)` is deprecated. Please use `torch.amp.GradScaler('cuda', args...)` instead.
  SCALER    = GradScaler(enabled=MIXED_PREC)
/Users/yashnilmohanty/Desktop/habs-forecast/pinn/pinn_model.py:46: FutureWarning: `torch.cuda.amp.GradScaler(args...)` is deprecated. Please use `torch.amp.GradScaler('cuda', args...)` instead.
  SCALER    = GradScaler(enabled=MIXED_PREC)
/Users/yashnilmohanty/Desktop/habs-forecast/pinn/pinn_model.py:46: FutureWarning: `torch.cuda.amp.GradScaler(args...)` is deprecated. Please use `torch.amp.GradScaler('cuda', args...)` instead.
  SCALER    = GradScaler(enabled=MIXED_PREC)
Using device: cpu
Using device: cpu
Using device: cpu
Using device: cpu
/Users/yashnilmohanty/Desktop/habs-forecast/pinn/pinn_model.py:46: FutureWarning: `torch.cuda.amp.GradScaler(args...)` is deprecated. Please use `torch.amp.GradScaler('cuda', args...)` instead.
  SCALER    = GradScaler(enabled=MIXED_PREC)
/Users/yashnilmohanty/Desktop/habs-forecast/pinn/pinn_model.py:46: FutureWarning: `torch.cuda.amp.GradScaler(args...)` is deprecated. Please use `torch.amp.GradScaler('cuda', args...)` instead.
  SCALER    = GradScaler(enabled=MIXED_PREC)
Using device: cpu
Using device: cpu
/Users/yashnilmohanty/Desktop/habs-forecast/pinn/pinn_model.py:46: FutureWarning: `torch.cuda.amp.GradScaler(args...)` is deprecated. Please use `torch.amp.GradScaler('cuda', args...)` instead.
  SCALER    = GradScaler(enabled=MIXED_PREC)
/Users/yashnilmohanty/Desktop/habs-forecast/pinn/pinn_model.py:46: FutureWarning: `torch.cuda.amp.GradScaler(args...)` is deprecated. Please use `torch.amp.GradScaler('cuda', args...)` instead.
  SCALER    = GradScaler(enabled=MIXED_PREC)
/Users/yashnilmohanty/Desktop/habs-forecast/pinn/pinn_model.py:46: FutureWarning: `torch.cuda.amp.GradScaler(args...)` is deprecated. Please use `torch.amp.GradScaler('cuda', args...)` instead.
  SCALER    = GradScaler(enabled=MIXED_PREC)
/Users/yashnilmohanty/Desktop/habs-forecast/pinn/pinn_model.py:46: FutureWarning: `torch.cuda.amp.GradScaler(args...)` is deprecated. Please use `torch.amp.GradScaler('cuda', args...)` instead.
  SCALER    = GradScaler(enabled=MIXED_PREC)
Using device: cpu
Using device: cpu
Using device: cpu
Using device: cpu
/Users/yashnilmohanty/Desktop/habs-forecast/pinn/pinn_model.py:46: FutureWarning: `torch.cuda.amp.GradScaler(args...)` is deprecated. Please use `torch.amp.GradScaler('cuda', args...)` instead.
  SCALER    = GradScaler(enabled=MIXED_PREC)
/Users/yashnilmohanty/Desktop/habs-forecast/pinn/pinn_model.py:46: FutureWarning: `torch.cuda.amp.GradScaler(args...)` is deprecated. Please use `torch.amp.GradScaler('cuda', args...)` instead.
  SCALER    = GradScaler(enabled=MIXED_PREC)
Using device: cpu
Using device: cpu
E25  val RMSE=0.7034  κ=5.00  λ=5.0000
/Users/yashnilmohanty/Desktop/habs-forecast/pinn/pinn_model.py:46: FutureWarning: `torch.cuda.amp.GradScaler(args...)` is deprecated. Please use `torch.amp.GradScaler('cuda', args...)` instead.
  SCALER    = GradScaler(enabled=MIXED_PREC)
/Users/yashnilmohanty/Desktop/habs-forecast/pinn/pinn_model.py:46: FutureWarning: `torch.cuda.amp.GradScaler(args...)` is deprecated. Please use `torch.amp.GradScaler('cuda', args...)` instead.
  SCALER    = GradScaler(enabled=MIXED_PREC)
/Users/yashnilmohanty/Desktop/habs-forecast/pinn/pinn_model.py:46: FutureWarning: `torch.cuda.amp.GradScaler(args...)` is deprecated. Please use `torch.amp.GradScaler('cuda', args...)` instead.
  SCALER    = GradScaler(enabled=MIXED_PREC)
/Users/yashnilmohanty/Desktop/habs-forecast/pinn/pinn_model.py:46: FutureWarning: `torch.cuda.amp.GradScaler(args...)` is deprecated. Please use `torch.amp.GradScaler('cuda', args...)` instead.
  SCALER    = GradScaler(enabled=MIXED_PREC)
Using device: cpu
Using device: cpu
Using device: cpu
Using device: cpu
/Users/yashnilmohanty/Desktop/habs-forecast/pinn/pinn_model.py:46: FutureWarning: `torch.cuda.amp.GradScaler(args...)` is deprecated. Please use `torch.amp.GradScaler('cuda', args...)` instead.
  SCALER    = GradScaler(enabled=MIXED_PREC)
/Users/yashnilmohanty/Desktop/habs-forecast/pinn/pinn_model.py:46: FutureWarning: `torch.cuda.amp.GradScaler(args...)` is deprecated. Please use `torch.amp.GradScaler('cuda', args...)` instead.
  SCALER    = GradScaler(enabled=MIXED_PREC)
Using device: cpu
Using device: cpu
/Users/yashnilmohanty/Desktop/habs-forecast/pinn/pinn_model.py:46: FutureWarning: `torch.cuda.amp.GradScaler(args...)` is deprecated. Please use `torch.amp.GradScaler('cuda', args...)` instead.
  SCALER    = GradScaler(enabled=MIXED_PREC)
/Users/yashnilmohanty/Desktop/habs-forecast/pinn/pinn_model.py:46: FutureWarning: `torch.cuda.amp.GradScaler(args...)` is deprecated. Please use `torch.amp.GradScaler('cuda', args...)` instead.
  SCALER    = GradScaler(enabled=MIXED_PREC)
/Users/yashnilmohanty/Desktop/habs-forecast/pinn/pinn_model.py:46: FutureWarning: `torch.cuda.amp.GradScaler(args...)` is deprecated. Please use `torch.amp.GradScaler('cuda', args...)` instead.
  SCALER    = GradScaler(enabled=MIXED_PREC)
/Users/yashnilmohanty/Desktop/habs-forecast/pinn/pinn_model.py:46: FutureWarning: `torch.cuda.amp.GradScaler(args...)` is deprecated. Please use `torch.amp.GradScaler('cuda', args...)` instead.
  SCALER    = GradScaler(enabled=MIXED_PREC)
Using device: cpu
Using device: cpu
Using device: cpu
Using device: cpu
/Users/yashnilmohanty/Desktop/habs-forecast/pinn/pinn_model.py:46: FutureWarning: `torch.cuda.amp.GradScaler(args...)` is deprecated. Please use `torch.amp.GradScaler('cuda', args...)` instead.
  SCALER    = GradScaler(enabled=MIXED_PREC)
/Users/yashnilmohanty/Desktop/habs-forecast/pinn/pinn_model.py:46: FutureWarning: `torch.cuda.amp.GradScaler(args...)` is deprecated. Please use `torch.amp.GradScaler('cuda', args...)` instead.
  SCALER    = GradScaler(enabled=MIXED_PREC)
Using device: cpu
Using device: cpu
/Users/yashnilmohanty/Desktop/habs-forecast/pinn/pinn_model.py:46: FutureWarning: `torch.cuda.amp.GradScaler(args...)` is deprecated. Please use `torch.amp.GradScaler('cuda', args...)` instead.
  SCALER    = GradScaler(enabled=MIXED_PREC)
/Users/yashnilmohanty/Desktop/habs-forecast/pinn/pinn_model.py:46: FutureWarning: `torch.cuda.amp.GradScaler(args...)` is deprecated. Please use `torch.amp.GradScaler('cuda', args...)` instead.
  SCALER    = GradScaler(enabled=MIXED_PREC)
/Users/yashnilmohanty/Desktop/habs-forecast/pinn/pinn_model.py:46: FutureWarning: `torch.cuda.amp.GradScaler(args...)` is deprecated. Please use `torch.amp.GradScaler('cuda', args...)` instead.
  SCALER    = GradScaler(enabled=MIXED_PREC)
/Users/yashnilmohanty/Desktop/habs-forecast/pinn/pinn_model.py:46: FutureWarning: `torch.cuda.amp.GradScaler(args...)` is deprecated. Please use `torch.amp.GradScaler('cuda', args...)` instead.
  SCALER    = GradScaler(enabled=MIXED_PREC)
Using device: cpu
Using device: cpu
Using device: cpu
Using device: cpu
/Users/yashnilmohanty/Desktop/habs-forecast/pinn/pinn_model.py:46: FutureWarning: `torch.cuda.amp.GradScaler(args...)` is deprecated. Please use `torch.amp.GradScaler('cuda', args...)` instead.
  SCALER    = GradScaler(enabled=MIXED_PREC)
/Users/yashnilmohanty/Desktop/habs-forecast/pinn/pinn_model.py:46: FutureWarning: `torch.cuda.amp.GradScaler(args...)` is deprecated. Please use `torch.amp.GradScaler('cuda', args...)` instead.
  SCALER    = GradScaler(enabled=MIXED_PREC)
Using device: cpu
Using device: cpu
/Users/yashnilmohanty/Desktop/habs-forecast/pinn/pinn_model.py:46: FutureWarning: `torch.cuda.amp.GradScaler(args...)` is deprecated. Please use `torch.amp.GradScaler('cuda', args...)` instead.
  SCALER    = GradScaler(enabled=MIXED_PREC)
/Users/yashnilmohanty/Desktop/habs-forecast/pinn/pinn_model.py:46: FutureWarning: `torch.cuda.amp.GradScaler(args...)` is deprecated. Please use `torch.amp.GradScaler('cuda', args...)` instead.
  SCALER    = GradScaler(enabled=MIXED_PREC)
/Users/yashnilmohanty/Desktop/habs-forecast/pinn/pinn_model.py:46: FutureWarning: `torch.cuda.amp.GradScaler(args...)` is deprecated. Please use `torch.amp.GradScaler('cuda', args...)` instead.
  SCALER    = GradScaler(enabled=MIXED_PREC)
/Users/yashnilmohanty/Desktop/habs-forecast/pinn/pinn_model.py:46: FutureWarning: `torch.cuda.amp.GradScaler(args...)` is deprecated. Please use `torch.amp.GradScaler('cuda', args...)` instead.
  SCALER    = GradScaler(enabled=MIXED_PREC)
Using device: cpu
Using device: cpu
Using device: cpu
Using device: cpu
/Users/yashnilmohanty/Desktop/habs-forecast/pinn/pinn_model.py:46: FutureWarning: `torch.cuda.amp.GradScaler(args...)` is deprecated. Please use `torch.amp.GradScaler('cuda', args...)` instead.
  SCALER    = GradScaler(enabled=MIXED_PREC)
/Users/yashnilmohanty/Desktop/habs-forecast/pinn/pinn_model.py:46: FutureWarning: `torch.cuda.amp.GradScaler(args...)` is deprecated. Please use `torch.amp.GradScaler('cuda', args...)` instead.
  SCALER    = GradScaler(enabled=MIXED_PREC)
Using device: cpu
Using device: cpu
/Users/yashnilmohanty/Desktop/habs-forecast/pinn/pinn_model.py:46: FutureWarning: `torch.cuda.amp.GradScaler(args...)` is deprecated. Please use `torch.amp.GradScaler('cuda', args...)` instead.
  SCALER    = GradScaler(enabled=MIXED_PREC)
/Users/yashnilmohanty/Desktop/habs-forecast/pinn/pinn_model.py:46: FutureWarning: `torch.cuda.amp.GradScaler(args...)` is deprecated. Please use `torch.amp.GradScaler('cuda', args...)` instead.
  SCALER    = GradScaler(enabled=MIXED_PREC)
/Users/yashnilmohanty/Desktop/habs-forecast/pinn/pinn_model.py:46: FutureWarning: `torch.cuda.amp.GradScaler(args...)` is deprecated. Please use `torch.amp.GradScaler('cuda', args...)` instead.
  SCALER    = GradScaler(enabled=MIXED_PREC)
/Users/yashnilmohanty/Desktop/habs-forecast/pinn/pinn_model.py:46: FutureWarning: `torch.cuda.amp.GradScaler(args...)` is deprecated. Please use `torch.amp.GradScaler('cuda', args...)` instead.
  SCALER    = GradScaler(enabled=MIXED_PREC)
Using device: cpu
Using device: cpu
Using device: cpu
Using device: cpu
/Users/yashnilmohanty/Desktop/habs-forecast/pinn/pinn_model.py:46: FutureWarning: `torch.cuda.amp.GradScaler(args...)` is deprecated. Please use `torch.amp.GradScaler('cuda', args...)` instead.
  SCALER    = GradScaler(enabled=MIXED_PREC)
/Users/yashnilmohanty/Desktop/habs-forecast/pinn/pinn_model.py:46: FutureWarning: `torch.cuda.amp.GradScaler(args...)` is deprecated. Please use `torch.amp.GradScaler('cuda', args...)` instead.
  SCALER    = GradScaler(enabled=MIXED_PREC)
Using device: cpu
Using device: cpu
E30  val RMSE=0.7018  κ=5.00  λ=5.0000
/Users/yashnilmohanty/Desktop/habs-forecast/pinn/pinn_model.py:46: FutureWarning: `torch.cuda.amp.GradScaler(args...)` is deprecated. Please use `torch.amp.GradScaler('cuda', args...)` instead.
  SCALER    = GradScaler(enabled=MIXED_PREC)
/Users/yashnilmohanty/Desktop/habs-forecast/pinn/pinn_model.py:46: FutureWarning: `torch.cuda.amp.GradScaler(args...)` is deprecated. Please use `torch.amp.GradScaler('cuda', args...)` instead.
  SCALER    = GradScaler(enabled=MIXED_PREC)
/Users/yashnilmohanty/Desktop/habs-forecast/pinn/pinn_model.py:46: FutureWarning: `torch.cuda.amp.GradScaler(args...)` is deprecated. Please use `torch.amp.GradScaler('cuda', args...)` instead.
  SCALER    = GradScaler(enabled=MIXED_PREC)
/Users/yashnilmohanty/Desktop/habs-forecast/pinn/pinn_model.py:46: FutureWarning: `torch.cuda.amp.GradScaler(args...)` is deprecated. Please use `torch.amp.GradScaler('cuda', args...)` instead.
  SCALER    = GradScaler(enabled=MIXED_PREC)
/Users/yashnilmohanty/Desktop/habs-forecast/pinn/ablation_studies.py:184: FutureWarning: `torch.cuda.amp.autocast(args...)` is deprecated. Please use `torch.amp.autocast('cuda', args...)` instead.
  with autocast(enabled=MIXED_PREC):
Using device: cpu
Using device: cpu
Using device: cpu
Using device: cpu
/Users/yashnilmohanty/Desktop/habs-forecast/pinn/pinn_model.py:46: FutureWarning: `torch.cuda.amp.GradScaler(args...)` is deprecated. Please use `torch.amp.GradScaler('cuda', args...)` instead.
  SCALER    = GradScaler(enabled=MIXED_PREC)
/Users/yashnilmohanty/Desktop/habs-forecast/pinn/pinn_model.py:46: FutureWarning: `torch.cuda.amp.GradScaler(args...)` is deprecated. Please use `torch.amp.GradScaler('cuda', args...)` instead.
  SCALER    = GradScaler(enabled=MIXED_PREC)
Using device: cpu
Using device: cpu
/Users/yashnilmohanty/Desktop/habs-forecast/pinn/pinn_model.py:46: FutureWarning: `torch.cuda.amp.GradScaler(args...)` is deprecated. Please use `torch.amp.GradScaler('cuda', args...)` instead.
  SCALER    = GradScaler(enabled=MIXED_PREC)
/Users/yashnilmohanty/Desktop/habs-forecast/pinn/pinn_model.py:46: FutureWarning: `torch.cuda.amp.GradScaler(args...)` is deprecated. Please use `torch.amp.GradScaler('cuda', args...)` instead.
  SCALER    = GradScaler(enabled=MIXED_PREC)
Using device: cpu
Using device: cpu
/Users/yashnilmohanty/miniforge3/lib/python3.12/site-packages/torch/utils/data/dataloader.py:683: UserWarning: 'pin_memory' argument is set as true but not supported on MPS now, then device pinned memory won't be used.
  warnings.warn(warn_msg)
  Results: train=0.7582, val=0.7018, test=0.8075
  Final κ = 5.00 (init: 5.0)
  ✓ Saved progress to paper_results/ablation/kappa/ablation_kappa.csv

[3/7] Training with κ_init = 10.0
/Users/yashnilmohanty/Desktop/habs-forecast/pinn/pinn_model.py:46: FutureWarning: `torch.cuda.amp.GradScaler(args...)` is deprecated. Please use `torch.amp.GradScaler('cuda', args...)` instead.
  SCALER    = GradScaler(enabled=MIXED_PREC)
/Users/yashnilmohanty/Desktop/habs-forecast/pinn/pinn_model.py:46: FutureWarning: `torch.cuda.amp.GradScaler(args...)` is deprecated. Please use `torch.amp.GradScaler('cuda', args...)` instead.
  SCALER    = GradScaler(enabled=MIXED_PREC)
/Users/yashnilmohanty/Desktop/habs-forecast/pinn/pinn_model.py:46: FutureWarning: `torch.cuda.amp.GradScaler(args...)` is deprecated. Please use `torch.amp.GradScaler('cuda', args...)` instead.
  SCALER    = GradScaler(enabled=MIXED_PREC)
/Users/yashnilmohanty/Desktop/habs-forecast/pinn/pinn_model.py:46: FutureWarning: `torch.cuda.amp.GradScaler(args...)` is deprecated. Please use `torch.amp.GradScaler('cuda', args...)` instead.
  SCALER    = GradScaler(enabled=MIXED_PREC)
/Users/yashnilmohanty/Desktop/habs-forecast/pinn/ablation_studies.py:89: FutureWarning: `torch.cuda.amp.autocast(args...)` is deprecated. Please use `torch.amp.autocast('cuda', args...)` instead.
  with autocast(enabled=MIXED_PREC):
Using device: cpu
Using device: cpu
Using device: cpu
Using device: cpu
/Users/yashnilmohanty/Desktop/habs-forecast/pinn/pinn_model.py:46: FutureWarning: `torch.cuda.amp.GradScaler(args...)` is deprecated. Please use `torch.amp.GradScaler('cuda', args...)` instead.
  SCALER    = GradScaler(enabled=MIXED_PREC)
/Users/yashnilmohanty/Desktop/habs-forecast/pinn/pinn_model.py:46: FutureWarning: `torch.cuda.amp.GradScaler(args...)` is deprecated. Please use `torch.amp.GradScaler('cuda', args...)` instead.
  SCALER    = GradScaler(enabled=MIXED_PREC)
/Users/yashnilmohanty/Desktop/habs-forecast/pinn/ablation_studies.py:158: FutureWarning: `torch.cuda.amp.autocast(args...)` is deprecated. Please use `torch.amp.autocast('cuda', args...)` instead.
  with autocast(enabled=MIXED_PREC):
Using device: cpu
Using device: cpu
/Users/yashnilmohanty/Desktop/habs-forecast/pinn/pinn_model.py:46: FutureWarning: `torch.cuda.amp.GradScaler(args...)` is deprecated. Please use `torch.amp.GradScaler('cuda', args...)` instead.
  SCALER    = GradScaler(enabled=MIXED_PREC)
/Users/yashnilmohanty/Desktop/habs-forecast/pinn/pinn_model.py:46: FutureWarning: `torch.cuda.amp.GradScaler(args...)` is deprecated. Please use `torch.amp.GradScaler('cuda', args...)` instead.
  SCALER    = GradScaler(enabled=MIXED_PREC)
/Users/yashnilmohanty/Desktop/habs-forecast/pinn/pinn_model.py:46: FutureWarning: `torch.cuda.amp.GradScaler(args...)` is deprecated. Please use `torch.amp.GradScaler('cuda', args...)` instead.
  SCALER    = GradScaler(enabled=MIXED_PREC)
/Users/yashnilmohanty/Desktop/habs-forecast/pinn/pinn_model.py:46: FutureWarning: `torch.cuda.amp.GradScaler(args...)` is deprecated. Please use `torch.amp.GradScaler('cuda', args...)` instead.
  SCALER    = GradScaler(enabled=MIXED_PREC)
Using device: cpu
Using device: cpu
Using device: cpu
Using device: cpu
/Users/yashnilmohanty/Desktop/habs-forecast/pinn/pinn_model.py:46: FutureWarning: `torch.cuda.amp.GradScaler(args...)` is deprecated. Please use `torch.amp.GradScaler('cuda', args...)` instead.
  SCALER    = GradScaler(enabled=MIXED_PREC)
/Users/yashnilmohanty/Desktop/habs-forecast/pinn/pinn_model.py:46: FutureWarning: `torch.cuda.amp.GradScaler(args...)` is deprecated. Please use `torch.amp.GradScaler('cuda', args...)` instead.
  SCALER    = GradScaler(enabled=MIXED_PREC)
Using device: cpu
Using device: cpu
/Users/yashnilmohanty/Desktop/habs-forecast/pinn/pinn_model.py:46: FutureWarning: `torch.cuda.amp.GradScaler(args...)` is deprecated. Please use `torch.amp.GradScaler('cuda', args...)` instead.
  SCALER    = GradScaler(enabled=MIXED_PREC)
/Users/yashnilmohanty/Desktop/habs-forecast/pinn/pinn_model.py:46: FutureWarning: `torch.cuda.amp.GradScaler(args...)` is deprecated. Please use `torch.amp.GradScaler('cuda', args...)` instead.
  SCALER    = GradScaler(enabled=MIXED_PREC)
/Users/yashnilmohanty/Desktop/habs-forecast/pinn/pinn_model.py:46: FutureWarning: `torch.cuda.amp.GradScaler(args...)` is deprecated. Please use `torch.amp.GradScaler('cuda', args...)` instead.
  SCALER    = GradScaler(enabled=MIXED_PREC)
/Users/yashnilmohanty/Desktop/habs-forecast/pinn/pinn_model.py:46: FutureWarning: `torch.cuda.amp.GradScaler(args...)` is deprecated. Please use `torch.amp.GradScaler('cuda', args...)` instead.
  SCALER    = GradScaler(enabled=MIXED_PREC)
Using device: cpu
Using device: cpu
Using device: cpu
Using device: cpu
/Users/yashnilmohanty/Desktop/habs-forecast/pinn/pinn_model.py:46: FutureWarning: `torch.cuda.amp.GradScaler(args...)` is deprecated. Please use `torch.amp.GradScaler('cuda', args...)` instead.
  SCALER    = GradScaler(enabled=MIXED_PREC)
/Users/yashnilmohanty/Desktop/habs-forecast/pinn/pinn_model.py:46: FutureWarning: `torch.cuda.amp.GradScaler(args...)` is deprecated. Please use `torch.amp.GradScaler('cuda', args...)` instead.
  SCALER    = GradScaler(enabled=MIXED_PREC)
Using device: cpu
Using device: cpu
/Users/yashnilmohanty/Desktop/habs-forecast/pinn/pinn_model.py:46: FutureWarning: `torch.cuda.amp.GradScaler(args...)` is deprecated. Please use `torch.amp.GradScaler('cuda', args...)` instead.
  SCALER    = GradScaler(enabled=MIXED_PREC)
/Users/yashnilmohanty/Desktop/habs-forecast/pinn/pinn_model.py:46: FutureWarning: `torch.cuda.amp.GradScaler(args...)` is deprecated. Please use `torch.amp.GradScaler('cuda', args...)` instead.
  SCALER    = GradScaler(enabled=MIXED_PREC)
/Users/yashnilmohanty/Desktop/habs-forecast/pinn/pinn_model.py:46: FutureWarning: `torch.cuda.amp.GradScaler(args...)` is deprecated. Please use `torch.amp.GradScaler('cuda', args...)` instead.
  SCALER    = GradScaler(enabled=MIXED_PREC)
/Users/yashnilmohanty/Desktop/habs-forecast/pinn/pinn_model.py:46: FutureWarning: `torch.cuda.amp.GradScaler(args...)` is deprecated. Please use `torch.amp.GradScaler('cuda', args...)` instead.
  SCALER    = GradScaler(enabled=MIXED_PREC)
Using device: cpu
Using device: cpu
Using device: cpu
Using device: cpu
/Users/yashnilmohanty/Desktop/habs-forecast/pinn/pinn_model.py:46: FutureWarning: `torch.cuda.amp.GradScaler(args...)` is deprecated. Please use `torch.amp.GradScaler('cuda', args...)` instead.
  SCALER    = GradScaler(enabled=MIXED_PREC)
/Users/yashnilmohanty/Desktop/habs-forecast/pinn/pinn_model.py:46: FutureWarning: `torch.cuda.amp.GradScaler(args...)` is deprecated. Please use `torch.amp.GradScaler('cuda', args...)` instead.
  SCALER    = GradScaler(enabled=MIXED_PREC)
Using device: cpu
Using device: cpu
/Users/yashnilmohanty/Desktop/habs-forecast/pinn/pinn_model.py:46: FutureWarning: `torch.cuda.amp.GradScaler(args...)` is deprecated. Please use `torch.amp.GradScaler('cuda', args...)` instead.
  SCALER    = GradScaler(enabled=MIXED_PREC)
/Users/yashnilmohanty/Desktop/habs-forecast/pinn/pinn_model.py:46: FutureWarning: `torch.cuda.amp.GradScaler(args...)` is deprecated. Please use `torch.amp.GradScaler('cuda', args...)` instead.
  SCALER    = GradScaler(enabled=MIXED_PREC)
/Users/yashnilmohanty/Desktop/habs-forecast/pinn/pinn_model.py:46: FutureWarning: `torch.cuda.amp.GradScaler(args...)` is deprecated. Please use `torch.amp.GradScaler('cuda', args...)` instead.
  SCALER    = GradScaler(enabled=MIXED_PREC)
/Users/yashnilmohanty/Desktop/habs-forecast/pinn/pinn_model.py:46: FutureWarning: `torch.cuda.amp.GradScaler(args...)` is deprecated. Please use `torch.amp.GradScaler('cuda', args...)` instead.
  SCALER    = GradScaler(enabled=MIXED_PREC)
Using device: cpu
Using device: cpu
Using device: cpu
Using device: cpu
/Users/yashnilmohanty/Desktop/habs-forecast/pinn/pinn_model.py:46: FutureWarning: `torch.cuda.amp.GradScaler(args...)` is deprecated. Please use `torch.amp.GradScaler('cuda', args...)` instead.
  SCALER    = GradScaler(enabled=MIXED_PREC)
/Users/yashnilmohanty/Desktop/habs-forecast/pinn/pinn_model.py:46: FutureWarning: `torch.cuda.amp.GradScaler(args...)` is deprecated. Please use `torch.amp.GradScaler('cuda', args...)` instead.
  SCALER    = GradScaler(enabled=MIXED_PREC)
Using device: cpu
Using device: cpu
E05  val RMSE=0.7765  κ=10.00  λ=0.0000
/Users/yashnilmohanty/Desktop/habs-forecast/pinn/pinn_model.py:46: FutureWarning: `torch.cuda.amp.GradScaler(args...)` is deprecated. Please use `torch.amp.GradScaler('cuda', args...)` instead.
  SCALER    = GradScaler(enabled=MIXED_PREC)
/Users/yashnilmohanty/Desktop/habs-forecast/pinn/pinn_model.py:46: FutureWarning: `torch.cuda.amp.GradScaler(args...)` is deprecated. Please use `torch.amp.GradScaler('cuda', args...)` instead.
  SCALER    = GradScaler(enabled=MIXED_PREC)
/Users/yashnilmohanty/Desktop/habs-forecast/pinn/pinn_model.py:46: FutureWarning: `torch.cuda.amp.GradScaler(args...)` is deprecated. Please use `torch.amp.GradScaler('cuda', args...)` instead.
  SCALER    = GradScaler(enabled=MIXED_PREC)
/Users/yashnilmohanty/Desktop/habs-forecast/pinn/pinn_model.py:46: FutureWarning: `torch.cuda.amp.GradScaler(args...)` is deprecated. Please use `torch.amp.GradScaler('cuda', args...)` instead.
  SCALER    = GradScaler(enabled=MIXED_PREC)
Using device: cpu
Using device: cpu
Using device: cpu
Using device: cpu
/Users/yashnilmohanty/Desktop/habs-forecast/pinn/pinn_model.py:46: FutureWarning: `torch.cuda.amp.GradScaler(args...)` is deprecated. Please use `torch.amp.GradScaler('cuda', args...)` instead.
  SCALER    = GradScaler(enabled=MIXED_PREC)
/Users/yashnilmohanty/Desktop/habs-forecast/pinn/pinn_model.py:46: FutureWarning: `torch.cuda.amp.GradScaler(args...)` is deprecated. Please use `torch.amp.GradScaler('cuda', args...)` instead.
  SCALER    = GradScaler(enabled=MIXED_PREC)
Using device: cpu
Using device: cpu
/Users/yashnilmohanty/Desktop/habs-forecast/pinn/pinn_model.py:46: FutureWarning: `torch.cuda.amp.GradScaler(args...)` is deprecated. Please use `torch.amp.GradScaler('cuda', args...)` instead.
  SCALER    = GradScaler(enabled=MIXED_PREC)
/Users/yashnilmohanty/Desktop/habs-forecast/pinn/pinn_model.py:46: FutureWarning: `torch.cuda.amp.GradScaler(args...)` is deprecated. Please use `torch.amp.GradScaler('cuda', args...)` instead.
  SCALER    = GradScaler(enabled=MIXED_PREC)
/Users/yashnilmohanty/Desktop/habs-forecast/pinn/pinn_model.py:46: FutureWarning: `torch.cuda.amp.GradScaler(args...)` is deprecated. Please use `torch.amp.GradScaler('cuda', args...)` instead.
  SCALER    = GradScaler(enabled=MIXED_PREC)
/Users/yashnilmohanty/Desktop/habs-forecast/pinn/pinn_model.py:46: FutureWarning: `torch.cuda.amp.GradScaler(args...)` is deprecated. Please use `torch.amp.GradScaler('cuda', args...)` instead.
  SCALER    = GradScaler(enabled=MIXED_PREC)
Using device: cpu
Using device: cpu
Using device: cpu
Using device: cpu
/Users/yashnilmohanty/Desktop/habs-forecast/pinn/pinn_model.py:46: FutureWarning: `torch.cuda.amp.GradScaler(args...)` is deprecated. Please use `torch.amp.GradScaler('cuda', args...)` instead.
  SCALER    = GradScaler(enabled=MIXED_PREC)
/Users/yashnilmohanty/Desktop/habs-forecast/pinn/pinn_model.py:46: FutureWarning: `torch.cuda.amp.GradScaler(args...)` is deprecated. Please use `torch.amp.GradScaler('cuda', args...)` instead.
  SCALER    = GradScaler(enabled=MIXED_PREC)
Using device: cpu
Using device: cpu
/Users/yashnilmohanty/Desktop/habs-forecast/pinn/pinn_model.py:46: FutureWarning: `torch.cuda.amp.GradScaler(args...)` is deprecated. Please use `torch.amp.GradScaler('cuda', args...)` instead.
  SCALER    = GradScaler(enabled=MIXED_PREC)
/Users/yashnilmohanty/Desktop/habs-forecast/pinn/pinn_model.py:46: FutureWarning: `torch.cuda.amp.GradScaler(args...)` is deprecated. Please use `torch.amp.GradScaler('cuda', args...)` instead.
  SCALER    = GradScaler(enabled=MIXED_PREC)
/Users/yashnilmohanty/Desktop/habs-forecast/pinn/pinn_model.py:46: FutureWarning: `torch.cuda.amp.GradScaler(args...)` is deprecated. Please use `torch.amp.GradScaler('cuda', args...)` instead.
  SCALER    = GradScaler(enabled=MIXED_PREC)
/Users/yashnilmohanty/Desktop/habs-forecast/pinn/pinn_model.py:46: FutureWarning: `torch.cuda.amp.GradScaler(args...)` is deprecated. Please use `torch.amp.GradScaler('cuda', args...)` instead.
  SCALER    = GradScaler(enabled=MIXED_PREC)
Using device: cpu
Using device: cpu
Using device: cpu
Using device: cpu
/Users/yashnilmohanty/Desktop/habs-forecast/pinn/pinn_model.py:46: FutureWarning: `torch.cuda.amp.GradScaler(args...)` is deprecated. Please use `torch.amp.GradScaler('cuda', args...)` instead.
  SCALER    = GradScaler(enabled=MIXED_PREC)
/Users/yashnilmohanty/Desktop/habs-forecast/pinn/pinn_model.py:46: FutureWarning: `torch.cuda.amp.GradScaler(args...)` is deprecated. Please use `torch.amp.GradScaler('cuda', args...)` instead.
  SCALER    = GradScaler(enabled=MIXED_PREC)
Using device: cpu
Using device: cpu
/Users/yashnilmohanty/Desktop/habs-forecast/pinn/pinn_model.py:46: FutureWarning: `torch.cuda.amp.GradScaler(args...)` is deprecated. Please use `torch.amp.GradScaler('cuda', args...)` instead.
  SCALER    = GradScaler(enabled=MIXED_PREC)
/Users/yashnilmohanty/Desktop/habs-forecast/pinn/pinn_model.py:46: FutureWarning: `torch.cuda.amp.GradScaler(args...)` is deprecated. Please use `torch.amp.GradScaler('cuda', args...)` instead.
  SCALER    = GradScaler(enabled=MIXED_PREC)
/Users/yashnilmohanty/Desktop/habs-forecast/pinn/pinn_model.py:46: FutureWarning: `torch.cuda.amp.GradScaler(args...)` is deprecated. Please use `torch.amp.GradScaler('cuda', args...)` instead.
  SCALER    = GradScaler(enabled=MIXED_PREC)
/Users/yashnilmohanty/Desktop/habs-forecast/pinn/pinn_model.py:46: FutureWarning: `torch.cuda.amp.GradScaler(args...)` is deprecated. Please use `torch.amp.GradScaler('cuda', args...)` instead.
  SCALER    = GradScaler(enabled=MIXED_PREC)
Using device: cpu
Using device: cpu
Using device: cpu
Using device: cpu
/Users/yashnilmohanty/Desktop/habs-forecast/pinn/pinn_model.py:46: FutureWarning: `torch.cuda.amp.GradScaler(args...)` is deprecated. Please use `torch.amp.GradScaler('cuda', args...)` instead.
  SCALER    = GradScaler(enabled=MIXED_PREC)
/Users/yashnilmohanty/Desktop/habs-forecast/pinn/pinn_model.py:46: FutureWarning: `torch.cuda.amp.GradScaler(args...)` is deprecated. Please use `torch.amp.GradScaler('cuda', args...)` instead.
  SCALER    = GradScaler(enabled=MIXED_PREC)
Using device: cpu
Using device: cpu
/Users/yashnilmohanty/Desktop/habs-forecast/pinn/pinn_model.py:46: FutureWarning: `torch.cuda.amp.GradScaler(args...)` is deprecated. Please use `torch.amp.GradScaler('cuda', args...)` instead.
  SCALER    = GradScaler(enabled=MIXED_PREC)
/Users/yashnilmohanty/Desktop/habs-forecast/pinn/pinn_model.py:46: FutureWarning: `torch.cuda.amp.GradScaler(args...)` is deprecated. Please use `torch.amp.GradScaler('cuda', args...)` instead.
  SCALER    = GradScaler(enabled=MIXED_PREC)
/Users/yashnilmohanty/Desktop/habs-forecast/pinn/pinn_model.py:46: FutureWarning: `torch.cuda.amp.GradScaler(args...)` is deprecated. Please use `torch.amp.GradScaler('cuda', args...)` instead.
  SCALER    = GradScaler(enabled=MIXED_PREC)
/Users/yashnilmohanty/Desktop/habs-forecast/pinn/pinn_model.py:46: FutureWarning: `torch.cuda.amp.GradScaler(args...)` is deprecated. Please use `torch.amp.GradScaler('cuda', args...)` instead.
  SCALER    = GradScaler(enabled=MIXED_PREC)
Using device: cpu
Using device: cpu
Using device: cpu
Using device: cpu
/Users/yashnilmohanty/Desktop/habs-forecast/pinn/pinn_model.py:46: FutureWarning: `torch.cuda.amp.GradScaler(args...)` is deprecated. Please use `torch.amp.GradScaler('cuda', args...)` instead.
  SCALER    = GradScaler(enabled=MIXED_PREC)
/Users/yashnilmohanty/Desktop/habs-forecast/pinn/pinn_model.py:46: FutureWarning: `torch.cuda.amp.GradScaler(args...)` is deprecated. Please use `torch.amp.GradScaler('cuda', args...)` instead.
  SCALER    = GradScaler(enabled=MIXED_PREC)
Using device: cpu
Using device: cpu
E10  val RMSE=0.7615  κ=10.00  λ=0.0000
/Users/yashnilmohanty/Desktop/habs-forecast/pinn/pinn_model.py:46: FutureWarning: `torch.cuda.amp.GradScaler(args...)` is deprecated. Please use `torch.amp.GradScaler('cuda', args...)` instead.
  SCALER    = GradScaler(enabled=MIXED_PREC)
/Users/yashnilmohanty/Desktop/habs-forecast/pinn/pinn_model.py:46: FutureWarning: `torch.cuda.amp.GradScaler(args...)` is deprecated. Please use `torch.amp.GradScaler('cuda', args...)` instead.
  SCALER    = GradScaler(enabled=MIXED_PREC)
/Users/yashnilmohanty/Desktop/habs-forecast/pinn/pinn_model.py:46: FutureWarning: `torch.cuda.amp.GradScaler(args...)` is deprecated. Please use `torch.amp.GradScaler('cuda', args...)` instead.
  SCALER    = GradScaler(enabled=MIXED_PREC)
/Users/yashnilmohanty/Desktop/habs-forecast/pinn/pinn_model.py:46: FutureWarning: `torch.cuda.amp.GradScaler(args...)` is deprecated. Please use `torch.amp.GradScaler('cuda', args...)` instead.
  SCALER    = GradScaler(enabled=MIXED_PREC)
Using device: cpu
Using device: cpu
Using device: cpu
Using device: cpu
/Users/yashnilmohanty/Desktop/habs-forecast/pinn/pinn_model.py:46: FutureWarning: `torch.cuda.amp.GradScaler(args...)` is deprecated. Please use `torch.amp.GradScaler('cuda', args...)` instead.
  SCALER    = GradScaler(enabled=MIXED_PREC)
/Users/yashnilmohanty/Desktop/habs-forecast/pinn/pinn_model.py:46: FutureWarning: `torch.cuda.amp.GradScaler(args...)` is deprecated. Please use `torch.amp.GradScaler('cuda', args...)` instead.
  SCALER    = GradScaler(enabled=MIXED_PREC)
Using device: cpu
Using device: cpu
/Users/yashnilmohanty/Desktop/habs-forecast/pinn/pinn_model.py:46: FutureWarning: `torch.cuda.amp.GradScaler(args...)` is deprecated. Please use `torch.amp.GradScaler('cuda', args...)` instead.
  SCALER    = GradScaler(enabled=MIXED_PREC)
/Users/yashnilmohanty/Desktop/habs-forecast/pinn/pinn_model.py:46: FutureWarning: `torch.cuda.amp.GradScaler(args...)` is deprecated. Please use `torch.amp.GradScaler('cuda', args...)` instead.
  SCALER    = GradScaler(enabled=MIXED_PREC)
/Users/yashnilmohanty/Desktop/habs-forecast/pinn/pinn_model.py:46: FutureWarning: `torch.cuda.amp.GradScaler(args...)` is deprecated. Please use `torch.amp.GradScaler('cuda', args...)` instead.
  SCALER    = GradScaler(enabled=MIXED_PREC)
/Users/yashnilmohanty/Desktop/habs-forecast/pinn/pinn_model.py:46: FutureWarning: `torch.cuda.amp.GradScaler(args...)` is deprecated. Please use `torch.amp.GradScaler('cuda', args...)` instead.
  SCALER    = GradScaler(enabled=MIXED_PREC)
Using device: cpu
Using device: cpu
Using device: cpu
Using device: cpu
/Users/yashnilmohanty/Desktop/habs-forecast/pinn/pinn_model.py:46: FutureWarning: `torch.cuda.amp.GradScaler(args...)` is deprecated. Please use `torch.amp.GradScaler('cuda', args...)` instead.
  SCALER    = GradScaler(enabled=MIXED_PREC)
/Users/yashnilmohanty/Desktop/habs-forecast/pinn/pinn_model.py:46: FutureWarning: `torch.cuda.amp.GradScaler(args...)` is deprecated. Please use `torch.amp.GradScaler('cuda', args...)` instead.
  SCALER    = GradScaler(enabled=MIXED_PREC)
Using device: cpu
Using device: cpu
/Users/yashnilmohanty/Desktop/habs-forecast/pinn/pinn_model.py:46: FutureWarning: `torch.cuda.amp.GradScaler(args...)` is deprecated. Please use `torch.amp.GradScaler('cuda', args...)` instead.
  SCALER    = GradScaler(enabled=MIXED_PREC)
/Users/yashnilmohanty/Desktop/habs-forecast/pinn/pinn_model.py:46: FutureWarning: `torch.cuda.amp.GradScaler(args...)` is deprecated. Please use `torch.amp.GradScaler('cuda', args...)` instead.
  SCALER    = GradScaler(enabled=MIXED_PREC)
/Users/yashnilmohanty/Desktop/habs-forecast/pinn/pinn_model.py:46: FutureWarning: `torch.cuda.amp.GradScaler(args...)` is deprecated. Please use `torch.amp.GradScaler('cuda', args...)` instead.
  SCALER    = GradScaler(enabled=MIXED_PREC)
/Users/yashnilmohanty/Desktop/habs-forecast/pinn/pinn_model.py:46: FutureWarning: `torch.cuda.amp.GradScaler(args...)` is deprecated. Please use `torch.amp.GradScaler('cuda', args...)` instead.
  SCALER    = GradScaler(enabled=MIXED_PREC)
Using device: cpu
Using device: cpu
Using device: cpu
Using device: cpu
/Users/yashnilmohanty/Desktop/habs-forecast/pinn/pinn_model.py:46: FutureWarning: `torch.cuda.amp.GradScaler(args...)` is deprecated. Please use `torch.amp.GradScaler('cuda', args...)` instead.
  SCALER    = GradScaler(enabled=MIXED_PREC)
/Users/yashnilmohanty/Desktop/habs-forecast/pinn/pinn_model.py:46: FutureWarning: `torch.cuda.amp.GradScaler(args...)` is deprecated. Please use `torch.amp.GradScaler('cuda', args...)` instead.
  SCALER    = GradScaler(enabled=MIXED_PREC)
Using device: cpu
Using device: cpu
/Users/yashnilmohanty/Desktop/habs-forecast/pinn/pinn_model.py:46: FutureWarning: `torch.cuda.amp.GradScaler(args...)` is deprecated. Please use `torch.amp.GradScaler('cuda', args...)` instead.
  SCALER    = GradScaler(enabled=MIXED_PREC)
/Users/yashnilmohanty/Desktop/habs-forecast/pinn/pinn_model.py:46: FutureWarning: `torch.cuda.amp.GradScaler(args...)` is deprecated. Please use `torch.amp.GradScaler('cuda', args...)` instead.
  SCALER    = GradScaler(enabled=MIXED_PREC)
/Users/yashnilmohanty/Desktop/habs-forecast/pinn/pinn_model.py:46: FutureWarning: `torch.cuda.amp.GradScaler(args...)` is deprecated. Please use `torch.amp.GradScaler('cuda', args...)` instead.
  SCALER    = GradScaler(enabled=MIXED_PREC)
/Users/yashnilmohanty/Desktop/habs-forecast/pinn/pinn_model.py:46: FutureWarning: `torch.cuda.amp.GradScaler(args...)` is deprecated. Please use `torch.amp.GradScaler('cuda', args...)` instead.
  SCALER    = GradScaler(enabled=MIXED_PREC)
Using device: cpu
Using device: cpu
Using device: cpu
Using device: cpu
/Users/yashnilmohanty/Desktop/habs-forecast/pinn/pinn_model.py:46: FutureWarning: `torch.cuda.amp.GradScaler(args...)` is deprecated. Please use `torch.amp.GradScaler('cuda', args...)` instead.
  SCALER    = GradScaler(enabled=MIXED_PREC)
/Users/yashnilmohanty/Desktop/habs-forecast/pinn/pinn_model.py:46: FutureWarning: `torch.cuda.amp.GradScaler(args...)` is deprecated. Please use `torch.amp.GradScaler('cuda', args...)` instead.
  SCALER    = GradScaler(enabled=MIXED_PREC)
Using device: cpu
Using device: cpu
/Users/yashnilmohanty/Desktop/habs-forecast/pinn/pinn_model.py:46: FutureWarning: `torch.cuda.amp.GradScaler(args...)` is deprecated. Please use `torch.amp.GradScaler('cuda', args...)` instead.
  SCALER    = GradScaler(enabled=MIXED_PREC)
/Users/yashnilmohanty/Desktop/habs-forecast/pinn/pinn_model.py:46: FutureWarning: `torch.cuda.amp.GradScaler(args...)` is deprecated. Please use `torch.amp.GradScaler('cuda', args...)` instead.
  SCALER    = GradScaler(enabled=MIXED_PREC)
/Users/yashnilmohanty/Desktop/habs-forecast/pinn/pinn_model.py:46: FutureWarning: `torch.cuda.amp.GradScaler(args...)` is deprecated. Please use `torch.amp.GradScaler('cuda', args...)` instead.
  SCALER    = GradScaler(enabled=MIXED_PREC)
/Users/yashnilmohanty/Desktop/habs-forecast/pinn/pinn_model.py:46: FutureWarning: `torch.cuda.amp.GradScaler(args...)` is deprecated. Please use `torch.amp.GradScaler('cuda', args...)` instead.
  SCALER    = GradScaler(enabled=MIXED_PREC)
Using device: cpu
Using device: cpu
Using device: cpu
Using device: cpu
/Users/yashnilmohanty/Desktop/habs-forecast/pinn/pinn_model.py:46: FutureWarning: `torch.cuda.amp.GradScaler(args...)` is deprecated. Please use `torch.amp.GradScaler('cuda', args...)` instead.
  SCALER    = GradScaler(enabled=MIXED_PREC)
/Users/yashnilmohanty/Desktop/habs-forecast/pinn/pinn_model.py:46: FutureWarning: `torch.cuda.amp.GradScaler(args...)` is deprecated. Please use `torch.amp.GradScaler('cuda', args...)` instead.
  SCALER    = GradScaler(enabled=MIXED_PREC)
Using device: cpu
Using device: cpu
E15  val RMSE=0.7279  κ=10.00  λ=5.0000
/Users/yashnilmohanty/Desktop/habs-forecast/pinn/pinn_model.py:46: FutureWarning: `torch.cuda.amp.GradScaler(args...)` is deprecated. Please use `torch.amp.GradScaler('cuda', args...)` instead.
  SCALER    = GradScaler(enabled=MIXED_PREC)
/Users/yashnilmohanty/Desktop/habs-forecast/pinn/pinn_model.py:46: FutureWarning: `torch.cuda.amp.GradScaler(args...)` is deprecated. Please use `torch.amp.GradScaler('cuda', args...)` instead.
  SCALER    = GradScaler(enabled=MIXED_PREC)
/Users/yashnilmohanty/Desktop/habs-forecast/pinn/pinn_model.py:46: FutureWarning: `torch.cuda.amp.GradScaler(args...)` is deprecated. Please use `torch.amp.GradScaler('cuda', args...)` instead.
  SCALER    = GradScaler(enabled=MIXED_PREC)
/Users/yashnilmohanty/Desktop/habs-forecast/pinn/pinn_model.py:46: FutureWarning: `torch.cuda.amp.GradScaler(args...)` is deprecated. Please use `torch.amp.GradScaler('cuda', args...)` instead.
  SCALER    = GradScaler(enabled=MIXED_PREC)
Using device: cpu
Using device: cpu
Using device: cpu
Using device: cpu
/Users/yashnilmohanty/Desktop/habs-forecast/pinn/pinn_model.py:46: FutureWarning: `torch.cuda.amp.GradScaler(args...)` is deprecated. Please use `torch.amp.GradScaler('cuda', args...)` instead.
  SCALER    = GradScaler(enabled=MIXED_PREC)
/Users/yashnilmohanty/Desktop/habs-forecast/pinn/pinn_model.py:46: FutureWarning: `torch.cuda.amp.GradScaler(args...)` is deprecated. Please use `torch.amp.GradScaler('cuda', args...)` instead.
  SCALER    = GradScaler(enabled=MIXED_PREC)
Using device: cpu
Using device: cpu
/Users/yashnilmohanty/Desktop/habs-forecast/pinn/pinn_model.py:46: FutureWarning: `torch.cuda.amp.GradScaler(args...)` is deprecated. Please use `torch.amp.GradScaler('cuda', args...)` instead.
  SCALER    = GradScaler(enabled=MIXED_PREC)
/Users/yashnilmohanty/Desktop/habs-forecast/pinn/pinn_model.py:46: FutureWarning: `torch.cuda.amp.GradScaler(args...)` is deprecated. Please use `torch.amp.GradScaler('cuda', args...)` instead.
  SCALER    = GradScaler(enabled=MIXED_PREC)
/Users/yashnilmohanty/Desktop/habs-forecast/pinn/pinn_model.py:46: FutureWarning: `torch.cuda.amp.GradScaler(args...)` is deprecated. Please use `torch.amp.GradScaler('cuda', args...)` instead.
  SCALER    = GradScaler(enabled=MIXED_PREC)
/Users/yashnilmohanty/Desktop/habs-forecast/pinn/pinn_model.py:46: FutureWarning: `torch.cuda.amp.GradScaler(args...)` is deprecated. Please use `torch.amp.GradScaler('cuda', args...)` instead.
  SCALER    = GradScaler(enabled=MIXED_PREC)
Using device: cpu
Using device: cpu
Using device: cpu
Using device: cpu
/Users/yashnilmohanty/Desktop/habs-forecast/pinn/pinn_model.py:46: FutureWarning: `torch.cuda.amp.GradScaler(args...)` is deprecated. Please use `torch.amp.GradScaler('cuda', args...)` instead.
  SCALER    = GradScaler(enabled=MIXED_PREC)
/Users/yashnilmohanty/Desktop/habs-forecast/pinn/pinn_model.py:46: FutureWarning: `torch.cuda.amp.GradScaler(args...)` is deprecated. Please use `torch.amp.GradScaler('cuda', args...)` instead.
  SCALER    = GradScaler(enabled=MIXED_PREC)
Using device: cpu
Using device: cpu
/Users/yashnilmohanty/Desktop/habs-forecast/pinn/pinn_model.py:46: FutureWarning: `torch.cuda.amp.GradScaler(args...)` is deprecated. Please use `torch.amp.GradScaler('cuda', args...)` instead.
  SCALER    = GradScaler(enabled=MIXED_PREC)
/Users/yashnilmohanty/Desktop/habs-forecast/pinn/pinn_model.py:46: FutureWarning: `torch.cuda.amp.GradScaler(args...)` is deprecated. Please use `torch.amp.GradScaler('cuda', args...)` instead.
  SCALER    = GradScaler(enabled=MIXED_PREC)
/Users/yashnilmohanty/Desktop/habs-forecast/pinn/pinn_model.py:46: FutureWarning: `torch.cuda.amp.GradScaler(args...)` is deprecated. Please use `torch.amp.GradScaler('cuda', args...)` instead.
  SCALER    = GradScaler(enabled=MIXED_PREC)
/Users/yashnilmohanty/Desktop/habs-forecast/pinn/pinn_model.py:46: FutureWarning: `torch.cuda.amp.GradScaler(args...)` is deprecated. Please use `torch.amp.GradScaler('cuda', args...)` instead.
  SCALER    = GradScaler(enabled=MIXED_PREC)
Using device: cpu
Using device: cpu
Using device: cpu
Using device: cpu
/Users/yashnilmohanty/Desktop/habs-forecast/pinn/pinn_model.py:46: FutureWarning: `torch.cuda.amp.GradScaler(args...)` is deprecated. Please use `torch.amp.GradScaler('cuda', args...)` instead.
  SCALER    = GradScaler(enabled=MIXED_PREC)
/Users/yashnilmohanty/Desktop/habs-forecast/pinn/pinn_model.py:46: FutureWarning: `torch.cuda.amp.GradScaler(args...)` is deprecated. Please use `torch.amp.GradScaler('cuda', args...)` instead.
  SCALER    = GradScaler(enabled=MIXED_PREC)
Using device: cpu
Using device: cpu
/Users/yashnilmohanty/Desktop/habs-forecast/pinn/pinn_model.py:46: FutureWarning: `torch.cuda.amp.GradScaler(args...)` is deprecated. Please use `torch.amp.GradScaler('cuda', args...)` instead.
  SCALER    = GradScaler(enabled=MIXED_PREC)
/Users/yashnilmohanty/Desktop/habs-forecast/pinn/pinn_model.py:46: FutureWarning: `torch.cuda.amp.GradScaler(args...)` is deprecated. Please use `torch.amp.GradScaler('cuda', args...)` instead.
  SCALER    = GradScaler(enabled=MIXED_PREC)
/Users/yashnilmohanty/Desktop/habs-forecast/pinn/pinn_model.py:46: FutureWarning: `torch.cuda.amp.GradScaler(args...)` is deprecated. Please use `torch.amp.GradScaler('cuda', args...)` instead.
  SCALER    = GradScaler(enabled=MIXED_PREC)
/Users/yashnilmohanty/Desktop/habs-forecast/pinn/pinn_model.py:46: FutureWarning: `torch.cuda.amp.GradScaler(args...)` is deprecated. Please use `torch.amp.GradScaler('cuda', args...)` instead.
  SCALER    = GradScaler(enabled=MIXED_PREC)
Using device: cpu
Using device: cpu
Using device: cpu
Using device: cpu
/Users/yashnilmohanty/Desktop/habs-forecast/pinn/pinn_model.py:46: FutureWarning: `torch.cuda.amp.GradScaler(args...)` is deprecated. Please use `torch.amp.GradScaler('cuda', args...)` instead.
  SCALER    = GradScaler(enabled=MIXED_PREC)
/Users/yashnilmohanty/Desktop/habs-forecast/pinn/pinn_model.py:46: FutureWarning: `torch.cuda.amp.GradScaler(args...)` is deprecated. Please use `torch.amp.GradScaler('cuda', args...)` instead.
  SCALER    = GradScaler(enabled=MIXED_PREC)
Using device: cpu
Using device: cpu
/Users/yashnilmohanty/Desktop/habs-forecast/pinn/pinn_model.py:46: FutureWarning: `torch.cuda.amp.GradScaler(args...)` is deprecated. Please use `torch.amp.GradScaler('cuda', args...)` instead.
  SCALER    = GradScaler(enabled=MIXED_PREC)
/Users/yashnilmohanty/Desktop/habs-forecast/pinn/pinn_model.py:46: FutureWarning: `torch.cuda.amp.GradScaler(args...)` is deprecated. Please use `torch.amp.GradScaler('cuda', args...)` instead.
  SCALER    = GradScaler(enabled=MIXED_PREC)
/Users/yashnilmohanty/Desktop/habs-forecast/pinn/pinn_model.py:46: FutureWarning: `torch.cuda.amp.GradScaler(args...)` is deprecated. Please use `torch.amp.GradScaler('cuda', args...)` instead.
  SCALER    = GradScaler(enabled=MIXED_PREC)
/Users/yashnilmohanty/Desktop/habs-forecast/pinn/pinn_model.py:46: FutureWarning: `torch.cuda.amp.GradScaler(args...)` is deprecated. Please use `torch.amp.GradScaler('cuda', args...)` instead.
  SCALER    = GradScaler(enabled=MIXED_PREC)
Using device: cpu
Using device: cpu
Using device: cpu
Using device: cpu
/Users/yashnilmohanty/Desktop/habs-forecast/pinn/pinn_model.py:46: FutureWarning: `torch.cuda.amp.GradScaler(args...)` is deprecated. Please use `torch.amp.GradScaler('cuda', args...)` instead.
  SCALER    = GradScaler(enabled=MIXED_PREC)
/Users/yashnilmohanty/Desktop/habs-forecast/pinn/pinn_model.py:46: FutureWarning: `torch.cuda.amp.GradScaler(args...)` is deprecated. Please use `torch.amp.GradScaler('cuda', args...)` instead.
  SCALER    = GradScaler(enabled=MIXED_PREC)
Using device: cpu
Using device: cpu
E20  val RMSE=0.7227  κ=10.00  λ=5.0000
/Users/yashnilmohanty/Desktop/habs-forecast/pinn/pinn_model.py:46: FutureWarning: `torch.cuda.amp.GradScaler(args...)` is deprecated. Please use `torch.amp.GradScaler('cuda', args...)` instead.
  SCALER    = GradScaler(enabled=MIXED_PREC)
/Users/yashnilmohanty/Desktop/habs-forecast/pinn/pinn_model.py:46: FutureWarning: `torch.cuda.amp.GradScaler(args...)` is deprecated. Please use `torch.amp.GradScaler('cuda', args...)` instead.
  SCALER    = GradScaler(enabled=MIXED_PREC)
/Users/yashnilmohanty/Desktop/habs-forecast/pinn/pinn_model.py:46: FutureWarning: `torch.cuda.amp.GradScaler(args...)` is deprecated. Please use `torch.amp.GradScaler('cuda', args...)` instead.
  SCALER    = GradScaler(enabled=MIXED_PREC)
/Users/yashnilmohanty/Desktop/habs-forecast/pinn/pinn_model.py:46: FutureWarning: `torch.cuda.amp.GradScaler(args...)` is deprecated. Please use `torch.amp.GradScaler('cuda', args...)` instead.
  SCALER    = GradScaler(enabled=MIXED_PREC)
Using device: cpu
Using device: cpu
Using device: cpu
Using device: cpu
/Users/yashnilmohanty/Desktop/habs-forecast/pinn/pinn_model.py:46: FutureWarning: `torch.cuda.amp.GradScaler(args...)` is deprecated. Please use `torch.amp.GradScaler('cuda', args...)` instead.
  SCALER    = GradScaler(enabled=MIXED_PREC)
/Users/yashnilmohanty/Desktop/habs-forecast/pinn/pinn_model.py:46: FutureWarning: `torch.cuda.amp.GradScaler(args...)` is deprecated. Please use `torch.amp.GradScaler('cuda', args...)` instead.
  SCALER    = GradScaler(enabled=MIXED_PREC)
Using device: cpu
Using device: cpu
/Users/yashnilmohanty/Desktop/habs-forecast/pinn/pinn_model.py:46: FutureWarning: `torch.cuda.amp.GradScaler(args...)` is deprecated. Please use `torch.amp.GradScaler('cuda', args...)` instead.
  SCALER    = GradScaler(enabled=MIXED_PREC)
/Users/yashnilmohanty/Desktop/habs-forecast/pinn/pinn_model.py:46: FutureWarning: `torch.cuda.amp.GradScaler(args...)` is deprecated. Please use `torch.amp.GradScaler('cuda', args...)` instead.
  SCALER    = GradScaler(enabled=MIXED_PREC)
/Users/yashnilmohanty/Desktop/habs-forecast/pinn/pinn_model.py:46: FutureWarning: `torch.cuda.amp.GradScaler(args...)` is deprecated. Please use `torch.amp.GradScaler('cuda', args...)` instead.
  SCALER    = GradScaler(enabled=MIXED_PREC)
/Users/yashnilmohanty/Desktop/habs-forecast/pinn/pinn_model.py:46: FutureWarning: `torch.cuda.amp.GradScaler(args...)` is deprecated. Please use `torch.amp.GradScaler('cuda', args...)` instead.
  SCALER    = GradScaler(enabled=MIXED_PREC)
Using device: cpu
Using device: cpu
Using device: cpu
Using device: cpu
/Users/yashnilmohanty/Desktop/habs-forecast/pinn/pinn_model.py:46: FutureWarning: `torch.cuda.amp.GradScaler(args...)` is deprecated. Please use `torch.amp.GradScaler('cuda', args...)` instead.
  SCALER    = GradScaler(enabled=MIXED_PREC)
/Users/yashnilmohanty/Desktop/habs-forecast/pinn/pinn_model.py:46: FutureWarning: `torch.cuda.amp.GradScaler(args...)` is deprecated. Please use `torch.amp.GradScaler('cuda', args...)` instead.
  SCALER    = GradScaler(enabled=MIXED_PREC)
Using device: cpu
Using device: cpu
/Users/yashnilmohanty/Desktop/habs-forecast/pinn/pinn_model.py:46: FutureWarning: `torch.cuda.amp.GradScaler(args...)` is deprecated. Please use `torch.amp.GradScaler('cuda', args...)` instead.
  SCALER    = GradScaler(enabled=MIXED_PREC)
/Users/yashnilmohanty/Desktop/habs-forecast/pinn/pinn_model.py:46: FutureWarning: `torch.cuda.amp.GradScaler(args...)` is deprecated. Please use `torch.amp.GradScaler('cuda', args...)` instead.
  SCALER    = GradScaler(enabled=MIXED_PREC)
/Users/yashnilmohanty/Desktop/habs-forecast/pinn/pinn_model.py:46: FutureWarning: `torch.cuda.amp.GradScaler(args...)` is deprecated. Please use `torch.amp.GradScaler('cuda', args...)` instead.
  SCALER    = GradScaler(enabled=MIXED_PREC)
/Users/yashnilmohanty/Desktop/habs-forecast/pinn/pinn_model.py:46: FutureWarning: `torch.cuda.amp.GradScaler(args...)` is deprecated. Please use `torch.amp.GradScaler('cuda', args...)` instead.
  SCALER    = GradScaler(enabled=MIXED_PREC)
Using device: cpu
Using device: cpu
Using device: cpu
Using device: cpu
/Users/yashnilmohanty/Desktop/habs-forecast/pinn/pinn_model.py:46: FutureWarning: `torch.cuda.amp.GradScaler(args...)` is deprecated. Please use `torch.amp.GradScaler('cuda', args...)` instead.
  SCALER    = GradScaler(enabled=MIXED_PREC)
/Users/yashnilmohanty/Desktop/habs-forecast/pinn/pinn_model.py:46: FutureWarning: `torch.cuda.amp.GradScaler(args...)` is deprecated. Please use `torch.amp.GradScaler('cuda', args...)` instead.
  SCALER    = GradScaler(enabled=MIXED_PREC)
Using device: cpu
Using device: cpu
/Users/yashnilmohanty/Desktop/habs-forecast/pinn/pinn_model.py:46: FutureWarning: `torch.cuda.amp.GradScaler(args...)` is deprecated. Please use `torch.amp.GradScaler('cuda', args...)` instead.
  SCALER    = GradScaler(enabled=MIXED_PREC)
/Users/yashnilmohanty/Desktop/habs-forecast/pinn/pinn_model.py:46: FutureWarning: `torch.cuda.amp.GradScaler(args...)` is deprecated. Please use `torch.amp.GradScaler('cuda', args...)` instead.
  SCALER    = GradScaler(enabled=MIXED_PREC)
/Users/yashnilmohanty/Desktop/habs-forecast/pinn/pinn_model.py:46: FutureWarning: `torch.cuda.amp.GradScaler(args...)` is deprecated. Please use `torch.amp.GradScaler('cuda', args...)` instead.
  SCALER    = GradScaler(enabled=MIXED_PREC)
/Users/yashnilmohanty/Desktop/habs-forecast/pinn/pinn_model.py:46: FutureWarning: `torch.cuda.amp.GradScaler(args...)` is deprecated. Please use `torch.amp.GradScaler('cuda', args...)` instead.
  SCALER    = GradScaler(enabled=MIXED_PREC)
Using device: cpu
Using device: cpu
Using device: cpu
Using device: cpu
/Users/yashnilmohanty/Desktop/habs-forecast/pinn/pinn_model.py:46: FutureWarning: `torch.cuda.amp.GradScaler(args...)` is deprecated. Please use `torch.amp.GradScaler('cuda', args...)` instead.
  SCALER    = GradScaler(enabled=MIXED_PREC)
/Users/yashnilmohanty/Desktop/habs-forecast/pinn/pinn_model.py:46: FutureWarning: `torch.cuda.amp.GradScaler(args...)` is deprecated. Please use `torch.amp.GradScaler('cuda', args...)` instead.
  SCALER    = GradScaler(enabled=MIXED_PREC)
Using device: cpu
Using device: cpu
/Users/yashnilmohanty/Desktop/habs-forecast/pinn/pinn_model.py:46: FutureWarning: `torch.cuda.amp.GradScaler(args...)` is deprecated. Please use `torch.amp.GradScaler('cuda', args...)` instead.
  SCALER    = GradScaler(enabled=MIXED_PREC)
/Users/yashnilmohanty/Desktop/habs-forecast/pinn/pinn_model.py:46: FutureWarning: `torch.cuda.amp.GradScaler(args...)` is deprecated. Please use `torch.amp.GradScaler('cuda', args...)` instead.
  SCALER    = GradScaler(enabled=MIXED_PREC)
/Users/yashnilmohanty/Desktop/habs-forecast/pinn/pinn_model.py:46: FutureWarning: `torch.cuda.amp.GradScaler(args...)` is deprecated. Please use `torch.amp.GradScaler('cuda', args...)` instead.
  SCALER    = GradScaler(enabled=MIXED_PREC)
/Users/yashnilmohanty/Desktop/habs-forecast/pinn/pinn_model.py:46: FutureWarning: `torch.cuda.amp.GradScaler(args...)` is deprecated. Please use `torch.amp.GradScaler('cuda', args...)` instead.
  SCALER    = GradScaler(enabled=MIXED_PREC)
Using device: cpu
Using device: cpu
Using device: cpu
Using device: cpu
/Users/yashnilmohanty/Desktop/habs-forecast/pinn/pinn_model.py:46: FutureWarning: `torch.cuda.amp.GradScaler(args...)` is deprecated. Please use `torch.amp.GradScaler('cuda', args...)` instead.
  SCALER    = GradScaler(enabled=MIXED_PREC)
/Users/yashnilmohanty/Desktop/habs-forecast/pinn/pinn_model.py:46: FutureWarning: `torch.cuda.amp.GradScaler(args...)` is deprecated. Please use `torch.amp.GradScaler('cuda', args...)` instead.
  SCALER    = GradScaler(enabled=MIXED_PREC)
Using device: cpu
Using device: cpu
E25  val RMSE=0.7070  κ=10.00  λ=5.0000
/Users/yashnilmohanty/Desktop/habs-forecast/pinn/pinn_model.py:46: FutureWarning: `torch.cuda.amp.GradScaler(args...)` is deprecated. Please use `torch.amp.GradScaler('cuda', args...)` instead.
  SCALER    = GradScaler(enabled=MIXED_PREC)
/Users/yashnilmohanty/Desktop/habs-forecast/pinn/pinn_model.py:46: FutureWarning: `torch.cuda.amp.GradScaler(args...)` is deprecated. Please use `torch.amp.GradScaler('cuda', args...)` instead.
  SCALER    = GradScaler(enabled=MIXED_PREC)
/Users/yashnilmohanty/Desktop/habs-forecast/pinn/pinn_model.py:46: FutureWarning: `torch.cuda.amp.GradScaler(args...)` is deprecated. Please use `torch.amp.GradScaler('cuda', args...)` instead.
  SCALER    = GradScaler(enabled=MIXED_PREC)
/Users/yashnilmohanty/Desktop/habs-forecast/pinn/pinn_model.py:46: FutureWarning: `torch.cuda.amp.GradScaler(args...)` is deprecated. Please use `torch.amp.GradScaler('cuda', args...)` instead.
  SCALER    = GradScaler(enabled=MIXED_PREC)
Using device: cpu
Using device: cpu
Using device: cpu
Using device: cpu
/Users/yashnilmohanty/Desktop/habs-forecast/pinn/pinn_model.py:46: FutureWarning: `torch.cuda.amp.GradScaler(args...)` is deprecated. Please use `torch.amp.GradScaler('cuda', args...)` instead.
  SCALER    = GradScaler(enabled=MIXED_PREC)
/Users/yashnilmohanty/Desktop/habs-forecast/pinn/pinn_model.py:46: FutureWarning: `torch.cuda.amp.GradScaler(args...)` is deprecated. Please use `torch.amp.GradScaler('cuda', args...)` instead.
  SCALER    = GradScaler(enabled=MIXED_PREC)
Using device: cpu
Using device: cpu
/Users/yashnilmohanty/Desktop/habs-forecast/pinn/pinn_model.py:46: FutureWarning: `torch.cuda.amp.GradScaler(args...)` is deprecated. Please use `torch.amp.GradScaler('cuda', args...)` instead.
  SCALER    = GradScaler(enabled=MIXED_PREC)
/Users/yashnilmohanty/Desktop/habs-forecast/pinn/pinn_model.py:46: FutureWarning: `torch.cuda.amp.GradScaler(args...)` is deprecated. Please use `torch.amp.GradScaler('cuda', args...)` instead.
  SCALER    = GradScaler(enabled=MIXED_PREC)
/Users/yashnilmohanty/Desktop/habs-forecast/pinn/pinn_model.py:46: FutureWarning: `torch.cuda.amp.GradScaler(args...)` is deprecated. Please use `torch.amp.GradScaler('cuda', args...)` instead.
  SCALER    = GradScaler(enabled=MIXED_PREC)
/Users/yashnilmohanty/Desktop/habs-forecast/pinn/pinn_model.py:46: FutureWarning: `torch.cuda.amp.GradScaler(args...)` is deprecated. Please use `torch.amp.GradScaler('cuda', args...)` instead.
  SCALER    = GradScaler(enabled=MIXED_PREC)
Using device: cpu
Using device: cpu
Using device: cpu
Using device: cpu
/Users/yashnilmohanty/Desktop/habs-forecast/pinn/pinn_model.py:46: FutureWarning: `torch.cuda.amp.GradScaler(args...)` is deprecated. Please use `torch.amp.GradScaler('cuda', args...)` instead.
  SCALER    = GradScaler(enabled=MIXED_PREC)
/Users/yashnilmohanty/Desktop/habs-forecast/pinn/pinn_model.py:46: FutureWarning: `torch.cuda.amp.GradScaler(args...)` is deprecated. Please use `torch.amp.GradScaler('cuda', args...)` instead.
  SCALER    = GradScaler(enabled=MIXED_PREC)
Using device: cpu
Using device: cpu
/Users/yashnilmohanty/Desktop/habs-forecast/pinn/pinn_model.py:46: FutureWarning: `torch.cuda.amp.GradScaler(args...)` is deprecated. Please use `torch.amp.GradScaler('cuda', args...)` instead.
  SCALER    = GradScaler(enabled=MIXED_PREC)
/Users/yashnilmohanty/Desktop/habs-forecast/pinn/pinn_model.py:46: FutureWarning: `torch.cuda.amp.GradScaler(args...)` is deprecated. Please use `torch.amp.GradScaler('cuda', args...)` instead.
  SCALER    = GradScaler(enabled=MIXED_PREC)
/Users/yashnilmohanty/Desktop/habs-forecast/pinn/pinn_model.py:46: FutureWarning: `torch.cuda.amp.GradScaler(args...)` is deprecated. Please use `torch.amp.GradScaler('cuda', args...)` instead.
  SCALER    = GradScaler(enabled=MIXED_PREC)
/Users/yashnilmohanty/Desktop/habs-forecast/pinn/pinn_model.py:46: FutureWarning: `torch.cuda.amp.GradScaler(args...)` is deprecated. Please use `torch.amp.GradScaler('cuda', args...)` instead.
  SCALER    = GradScaler(enabled=MIXED_PREC)
Using device: cpu
Using device: cpu
Using device: cpu
Using device: cpu
/Users/yashnilmohanty/Desktop/habs-forecast/pinn/pinn_model.py:46: FutureWarning: `torch.cuda.amp.GradScaler(args...)` is deprecated. Please use `torch.amp.GradScaler('cuda', args...)` instead.
  SCALER    = GradScaler(enabled=MIXED_PREC)
/Users/yashnilmohanty/Desktop/habs-forecast/pinn/pinn_model.py:46: FutureWarning: `torch.cuda.amp.GradScaler(args...)` is deprecated. Please use `torch.amp.GradScaler('cuda', args...)` instead.
  SCALER    = GradScaler(enabled=MIXED_PREC)
Using device: cpu
Using device: cpu
/Users/yashnilmohanty/Desktop/habs-forecast/pinn/pinn_model.py:46: FutureWarning: `torch.cuda.amp.GradScaler(args...)` is deprecated. Please use `torch.amp.GradScaler('cuda', args...)` instead.
  SCALER    = GradScaler(enabled=MIXED_PREC)
/Users/yashnilmohanty/Desktop/habs-forecast/pinn/pinn_model.py:46: FutureWarning: `torch.cuda.amp.GradScaler(args...)` is deprecated. Please use `torch.amp.GradScaler('cuda', args...)` instead.
  SCALER    = GradScaler(enabled=MIXED_PREC)
/Users/yashnilmohanty/Desktop/habs-forecast/pinn/pinn_model.py:46: FutureWarning: `torch.cuda.amp.GradScaler(args...)` is deprecated. Please use `torch.amp.GradScaler('cuda', args...)` instead.
  SCALER    = GradScaler(enabled=MIXED_PREC)
/Users/yashnilmohanty/Desktop/habs-forecast/pinn/pinn_model.py:46: FutureWarning: `torch.cuda.amp.GradScaler(args...)` is deprecated. Please use `torch.amp.GradScaler('cuda', args...)` instead.
  SCALER    = GradScaler(enabled=MIXED_PREC)
Using device: cpu
Using device: cpu
Using device: cpu
Using device: cpu
/Users/yashnilmohanty/Desktop/habs-forecast/pinn/pinn_model.py:46: FutureWarning: `torch.cuda.amp.GradScaler(args...)` is deprecated. Please use `torch.amp.GradScaler('cuda', args...)` instead.
  SCALER    = GradScaler(enabled=MIXED_PREC)
/Users/yashnilmohanty/Desktop/habs-forecast/pinn/pinn_model.py:46: FutureWarning: `torch.cuda.amp.GradScaler(args...)` is deprecated. Please use `torch.amp.GradScaler('cuda', args...)` instead.
  SCALER    = GradScaler(enabled=MIXED_PREC)
Using device: cpu
Using device: cpu
/Users/yashnilmohanty/Desktop/habs-forecast/pinn/pinn_model.py:46: FutureWarning: `torch.cuda.amp.GradScaler(args...)` is deprecated. Please use `torch.amp.GradScaler('cuda', args...)` instead.
  SCALER    = GradScaler(enabled=MIXED_PREC)
/Users/yashnilmohanty/Desktop/habs-forecast/pinn/pinn_model.py:46: FutureWarning: `torch.cuda.amp.GradScaler(args...)` is deprecated. Please use `torch.amp.GradScaler('cuda', args...)` instead.
  SCALER    = GradScaler(enabled=MIXED_PREC)
/Users/yashnilmohanty/Desktop/habs-forecast/pinn/pinn_model.py:46: FutureWarning: `torch.cuda.amp.GradScaler(args...)` is deprecated. Please use `torch.amp.GradScaler('cuda', args...)` instead.
  SCALER    = GradScaler(enabled=MIXED_PREC)
/Users/yashnilmohanty/Desktop/habs-forecast/pinn/pinn_model.py:46: FutureWarning: `torch.cuda.amp.GradScaler(args...)` is deprecated. Please use `torch.amp.GradScaler('cuda', args...)` instead.
  SCALER    = GradScaler(enabled=MIXED_PREC)
Using device: cpu
Using device: cpu
Using device: cpu
Using device: cpu
/Users/yashnilmohanty/Desktop/habs-forecast/pinn/pinn_model.py:46: FutureWarning: `torch.cuda.amp.GradScaler(args...)` is deprecated. Please use `torch.amp.GradScaler('cuda', args...)` instead.
  SCALER    = GradScaler(enabled=MIXED_PREC)
/Users/yashnilmohanty/Desktop/habs-forecast/pinn/pinn_model.py:46: FutureWarning: `torch.cuda.amp.GradScaler(args...)` is deprecated. Please use `torch.amp.GradScaler('cuda', args...)` instead.
  SCALER    = GradScaler(enabled=MIXED_PREC)
Using device: cpu
Using device: cpu
E30  val RMSE=0.7109  κ=10.00  λ=5.0000
/Users/yashnilmohanty/Desktop/habs-forecast/pinn/pinn_model.py:46: FutureWarning: `torch.cuda.amp.GradScaler(args...)` is deprecated. Please use `torch.amp.GradScaler('cuda', args...)` instead.
  SCALER    = GradScaler(enabled=MIXED_PREC)
/Users/yashnilmohanty/Desktop/habs-forecast/pinn/pinn_model.py:46: FutureWarning: `torch.cuda.amp.GradScaler(args...)` is deprecated. Please use `torch.amp.GradScaler('cuda', args...)` instead.
  SCALER    = GradScaler(enabled=MIXED_PREC)
/Users/yashnilmohanty/Desktop/habs-forecast/pinn/pinn_model.py:46: FutureWarning: `torch.cuda.amp.GradScaler(args...)` is deprecated. Please use `torch.amp.GradScaler('cuda', args...)` instead.
  SCALER    = GradScaler(enabled=MIXED_PREC)
/Users/yashnilmohanty/Desktop/habs-forecast/pinn/pinn_model.py:46: FutureWarning: `torch.cuda.amp.GradScaler(args...)` is deprecated. Please use `torch.amp.GradScaler('cuda', args...)` instead.
  SCALER    = GradScaler(enabled=MIXED_PREC)
/Users/yashnilmohanty/Desktop/habs-forecast/pinn/ablation_studies.py:184: FutureWarning: `torch.cuda.amp.autocast(args...)` is deprecated. Please use `torch.amp.autocast('cuda', args...)` instead.
  with autocast(enabled=MIXED_PREC):
Using device: cpu
Using device: cpu
Using device: cpu
Using device: cpu
/Users/yashnilmohanty/Desktop/habs-forecast/pinn/pinn_model.py:46: FutureWarning: `torch.cuda.amp.GradScaler(args...)` is deprecated. Please use `torch.amp.GradScaler('cuda', args...)` instead.
  SCALER    = GradScaler(enabled=MIXED_PREC)
/Users/yashnilmohanty/Desktop/habs-forecast/pinn/pinn_model.py:46: FutureWarning: `torch.cuda.amp.GradScaler(args...)` is deprecated. Please use `torch.amp.GradScaler('cuda', args...)` instead.
  SCALER    = GradScaler(enabled=MIXED_PREC)
Using device: cpu
Using device: cpu
/Users/yashnilmohanty/Desktop/habs-forecast/pinn/pinn_model.py:46: FutureWarning: `torch.cuda.amp.GradScaler(args...)` is deprecated. Please use `torch.amp.GradScaler('cuda', args...)` instead.
  SCALER    = GradScaler(enabled=MIXED_PREC)
/Users/yashnilmohanty/Desktop/habs-forecast/pinn/pinn_model.py:46: FutureWarning: `torch.cuda.amp.GradScaler(args...)` is deprecated. Please use `torch.amp.GradScaler('cuda', args...)` instead.
  SCALER    = GradScaler(enabled=MIXED_PREC)
Using device: cpu
Using device: cpu
/Users/yashnilmohanty/miniforge3/lib/python3.12/site-packages/torch/utils/data/dataloader.py:683: UserWarning: 'pin_memory' argument is set as true but not supported on MPS now, then device pinned memory won't be used.
  warnings.warn(warn_msg)
  Results: train=0.7499, val=0.7109, test=0.7969
  Final κ = 10.00 (init: 10.0)
  ✓ Saved progress to paper_results/ablation/kappa/ablation_kappa.csv

[4/7] Training with κ_init = 25.0
/Users/yashnilmohanty/Desktop/habs-forecast/pinn/pinn_model.py:46: FutureWarning: `torch.cuda.amp.GradScaler(args...)` is deprecated. Please use `torch.amp.GradScaler('cuda', args...)` instead.
  SCALER    = GradScaler(enabled=MIXED_PREC)
/Users/yashnilmohanty/Desktop/habs-forecast/pinn/pinn_model.py:46: FutureWarning: `torch.cuda.amp.GradScaler(args...)` is deprecated. Please use `torch.amp.GradScaler('cuda', args...)` instead.
  SCALER    = GradScaler(enabled=MIXED_PREC)
/Users/yashnilmohanty/Desktop/habs-forecast/pinn/pinn_model.py:46: FutureWarning: `torch.cuda.amp.GradScaler(args...)` is deprecated. Please use `torch.amp.GradScaler('cuda', args...)` instead.
  SCALER    = GradScaler(enabled=MIXED_PREC)
/Users/yashnilmohanty/Desktop/habs-forecast/pinn/pinn_model.py:46: FutureWarning: `torch.cuda.amp.GradScaler(args...)` is deprecated. Please use `torch.amp.GradScaler('cuda', args...)` instead.
  SCALER    = GradScaler(enabled=MIXED_PREC)
/Users/yashnilmohanty/Desktop/habs-forecast/pinn/ablation_studies.py:89: FutureWarning: `torch.cuda.amp.autocast(args...)` is deprecated. Please use `torch.amp.autocast('cuda', args...)` instead.
  with autocast(enabled=MIXED_PREC):
Using device: cpu
Using device: cpu
Using device: cpu
Using device: cpu
/Users/yashnilmohanty/Desktop/habs-forecast/pinn/pinn_model.py:46: FutureWarning: `torch.cuda.amp.GradScaler(args...)` is deprecated. Please use `torch.amp.GradScaler('cuda', args...)` instead.
  SCALER    = GradScaler(enabled=MIXED_PREC)
/Users/yashnilmohanty/Desktop/habs-forecast/pinn/pinn_model.py:46: FutureWarning: `torch.cuda.amp.GradScaler(args...)` is deprecated. Please use `torch.amp.GradScaler('cuda', args...)` instead.
  SCALER    = GradScaler(enabled=MIXED_PREC)
/Users/yashnilmohanty/Desktop/habs-forecast/pinn/ablation_studies.py:158: FutureWarning: `torch.cuda.amp.autocast(args...)` is deprecated. Please use `torch.amp.autocast('cuda', args...)` instead.
  with autocast(enabled=MIXED_PREC):
Using device: cpu
Using device: cpu
/Users/yashnilmohanty/Desktop/habs-forecast/pinn/pinn_model.py:46: FutureWarning: `torch.cuda.amp.GradScaler(args...)` is deprecated. Please use `torch.amp.GradScaler('cuda', args...)` instead.
  SCALER    = GradScaler(enabled=MIXED_PREC)
/Users/yashnilmohanty/Desktop/habs-forecast/pinn/pinn_model.py:46: FutureWarning: `torch.cuda.amp.GradScaler(args...)` is deprecated. Please use `torch.amp.GradScaler('cuda', args...)` instead.
  SCALER    = GradScaler(enabled=MIXED_PREC)
/Users/yashnilmohanty/Desktop/habs-forecast/pinn/pinn_model.py:46: FutureWarning: `torch.cuda.amp.GradScaler(args...)` is deprecated. Please use `torch.amp.GradScaler('cuda', args...)` instead.
  SCALER    = GradScaler(enabled=MIXED_PREC)
/Users/yashnilmohanty/Desktop/habs-forecast/pinn/pinn_model.py:46: FutureWarning: `torch.cuda.amp.GradScaler(args...)` is deprecated. Please use `torch.amp.GradScaler('cuda', args...)` instead.
  SCALER    = GradScaler(enabled=MIXED_PREC)
Using device: cpu
Using device: cpu
Using device: cpu
Using device: cpu
/Users/yashnilmohanty/Desktop/habs-forecast/pinn/pinn_model.py:46: FutureWarning: `torch.cuda.amp.GradScaler(args...)` is deprecated. Please use `torch.amp.GradScaler('cuda', args...)` instead.
  SCALER    = GradScaler(enabled=MIXED_PREC)
/Users/yashnilmohanty/Desktop/habs-forecast/pinn/pinn_model.py:46: FutureWarning: `torch.cuda.amp.GradScaler(args...)` is deprecated. Please use `torch.amp.GradScaler('cuda', args...)` instead.
  SCALER    = GradScaler(enabled=MIXED_PREC)
Using device: cpu
Using device: cpu
/Users/yashnilmohanty/Desktop/habs-forecast/pinn/pinn_model.py:46: FutureWarning: `torch.cuda.amp.GradScaler(args...)` is deprecated. Please use `torch.amp.GradScaler('cuda', args...)` instead.
  SCALER    = GradScaler(enabled=MIXED_PREC)
/Users/yashnilmohanty/Desktop/habs-forecast/pinn/pinn_model.py:46: FutureWarning: `torch.cuda.amp.GradScaler(args...)` is deprecated. Please use `torch.amp.GradScaler('cuda', args...)` instead.
  SCALER    = GradScaler(enabled=MIXED_PREC)
/Users/yashnilmohanty/Desktop/habs-forecast/pinn/pinn_model.py:46: FutureWarning: `torch.cuda.amp.GradScaler(args...)` is deprecated. Please use `torch.amp.GradScaler('cuda', args...)` instead.
  SCALER    = GradScaler(enabled=MIXED_PREC)
/Users/yashnilmohanty/Desktop/habs-forecast/pinn/pinn_model.py:46: FutureWarning: `torch.cuda.amp.GradScaler(args...)` is deprecated. Please use `torch.amp.GradScaler('cuda', args...)` instead.
  SCALER    = GradScaler(enabled=MIXED_PREC)
Using device: cpu
Using device: cpu
Using device: cpu
Using device: cpu
/Users/yashnilmohanty/Desktop/habs-forecast/pinn/pinn_model.py:46: FutureWarning: `torch.cuda.amp.GradScaler(args...)` is deprecated. Please use `torch.amp.GradScaler('cuda', args...)` instead.
  SCALER    = GradScaler(enabled=MIXED_PREC)
/Users/yashnilmohanty/Desktop/habs-forecast/pinn/pinn_model.py:46: FutureWarning: `torch.cuda.amp.GradScaler(args...)` is deprecated. Please use `torch.amp.GradScaler('cuda', args...)` instead.
  SCALER    = GradScaler(enabled=MIXED_PREC)
Using device: cpu
Using device: cpu
/Users/yashnilmohanty/Desktop/habs-forecast/pinn/pinn_model.py:46: FutureWarning: `torch.cuda.amp.GradScaler(args...)` is deprecated. Please use `torch.amp.GradScaler('cuda', args...)` instead.
  SCALER    = GradScaler(enabled=MIXED_PREC)
/Users/yashnilmohanty/Desktop/habs-forecast/pinn/pinn_model.py:46: FutureWarning: `torch.cuda.amp.GradScaler(args...)` is deprecated. Please use `torch.amp.GradScaler('cuda', args...)` instead.
  SCALER    = GradScaler(enabled=MIXED_PREC)
/Users/yashnilmohanty/Desktop/habs-forecast/pinn/pinn_model.py:46: FutureWarning: `torch.cuda.amp.GradScaler(args...)` is deprecated. Please use `torch.amp.GradScaler('cuda', args...)` instead.
  SCALER    = GradScaler(enabled=MIXED_PREC)
/Users/yashnilmohanty/Desktop/habs-forecast/pinn/pinn_model.py:46: FutureWarning: `torch.cuda.amp.GradScaler(args...)` is deprecated. Please use `torch.amp.GradScaler('cuda', args...)` instead.
  SCALER    = GradScaler(enabled=MIXED_PREC)
Using device: cpu
Using device: cpu
Using device: cpu
Using device: cpu
/Users/yashnilmohanty/Desktop/habs-forecast/pinn/pinn_model.py:46: FutureWarning: `torch.cuda.amp.GradScaler(args...)` is deprecated. Please use `torch.amp.GradScaler('cuda', args...)` instead.
  SCALER    = GradScaler(enabled=MIXED_PREC)
/Users/yashnilmohanty/Desktop/habs-forecast/pinn/pinn_model.py:46: FutureWarning: `torch.cuda.amp.GradScaler(args...)` is deprecated. Please use `torch.amp.GradScaler('cuda', args...)` instead.
  SCALER    = GradScaler(enabled=MIXED_PREC)
Using device: cpu
Using device: cpu
/Users/yashnilmohanty/Desktop/habs-forecast/pinn/pinn_model.py:46: FutureWarning: `torch.cuda.amp.GradScaler(args...)` is deprecated. Please use `torch.amp.GradScaler('cuda', args...)` instead.
  SCALER    = GradScaler(enabled=MIXED_PREC)
/Users/yashnilmohanty/Desktop/habs-forecast/pinn/pinn_model.py:46: FutureWarning: `torch.cuda.amp.GradScaler(args...)` is deprecated. Please use `torch.amp.GradScaler('cuda', args...)` instead.
  SCALER    = GradScaler(enabled=MIXED_PREC)
/Users/yashnilmohanty/Desktop/habs-forecast/pinn/pinn_model.py:46: FutureWarning: `torch.cuda.amp.GradScaler(args...)` is deprecated. Please use `torch.amp.GradScaler('cuda', args...)` instead.
  SCALER    = GradScaler(enabled=MIXED_PREC)
/Users/yashnilmohanty/Desktop/habs-forecast/pinn/pinn_model.py:46: FutureWarning: `torch.cuda.amp.GradScaler(args...)` is deprecated. Please use `torch.amp.GradScaler('cuda', args...)` instead.
  SCALER    = GradScaler(enabled=MIXED_PREC)
Using device: cpu
Using device: cpu
Using device: cpu
Using device: cpu
/Users/yashnilmohanty/Desktop/habs-forecast/pinn/pinn_model.py:46: FutureWarning: `torch.cuda.amp.GradScaler(args...)` is deprecated. Please use `torch.amp.GradScaler('cuda', args...)` instead.
  SCALER    = GradScaler(enabled=MIXED_PREC)
/Users/yashnilmohanty/Desktop/habs-forecast/pinn/pinn_model.py:46: FutureWarning: `torch.cuda.amp.GradScaler(args...)` is deprecated. Please use `torch.amp.GradScaler('cuda', args...)` instead.
  SCALER    = GradScaler(enabled=MIXED_PREC)
Using device: cpu
Using device: cpu
E05  val RMSE=0.7782  κ=25.00  λ=0.0000
/Users/yashnilmohanty/Desktop/habs-forecast/pinn/pinn_model.py:46: FutureWarning: `torch.cuda.amp.GradScaler(args...)` is deprecated. Please use `torch.amp.GradScaler('cuda', args...)` instead.
  SCALER    = GradScaler(enabled=MIXED_PREC)
/Users/yashnilmohanty/Desktop/habs-forecast/pinn/pinn_model.py:46: FutureWarning: `torch.cuda.amp.GradScaler(args...)` is deprecated. Please use `torch.amp.GradScaler('cuda', args...)` instead.
  SCALER    = GradScaler(enabled=MIXED_PREC)
/Users/yashnilmohanty/Desktop/habs-forecast/pinn/pinn_model.py:46: FutureWarning: `torch.cuda.amp.GradScaler(args...)` is deprecated. Please use `torch.amp.GradScaler('cuda', args...)` instead.
  SCALER    = GradScaler(enabled=MIXED_PREC)
/Users/yashnilmohanty/Desktop/habs-forecast/pinn/pinn_model.py:46: FutureWarning: `torch.cuda.amp.GradScaler(args...)` is deprecated. Please use `torch.amp.GradScaler('cuda', args...)` instead.
  SCALER    = GradScaler(enabled=MIXED_PREC)
Using device: cpu
Using device: cpu
Using device: cpu
Using device: cpu
/Users/yashnilmohanty/Desktop/habs-forecast/pinn/pinn_model.py:46: FutureWarning: `torch.cuda.amp.GradScaler(args...)` is deprecated. Please use `torch.amp.GradScaler('cuda', args...)` instead.
  SCALER    = GradScaler(enabled=MIXED_PREC)
/Users/yashnilmohanty/Desktop/habs-forecast/pinn/pinn_model.py:46: FutureWarning: `torch.cuda.amp.GradScaler(args...)` is deprecated. Please use `torch.amp.GradScaler('cuda', args...)` instead.
  SCALER    = GradScaler(enabled=MIXED_PREC)
Using device: cpu
Using device: cpu
/Users/yashnilmohanty/Desktop/habs-forecast/pinn/pinn_model.py:46: FutureWarning: `torch.cuda.amp.GradScaler(args...)` is deprecated. Please use `torch.amp.GradScaler('cuda', args...)` instead.
  SCALER    = GradScaler(enabled=MIXED_PREC)
/Users/yashnilmohanty/Desktop/habs-forecast/pinn/pinn_model.py:46: FutureWarning: `torch.cuda.amp.GradScaler(args...)` is deprecated. Please use `torch.amp.GradScaler('cuda', args...)` instead.
  SCALER    = GradScaler(enabled=MIXED_PREC)
/Users/yashnilmohanty/Desktop/habs-forecast/pinn/pinn_model.py:46: FutureWarning: `torch.cuda.amp.GradScaler(args...)` is deprecated. Please use `torch.amp.GradScaler('cuda', args...)` instead.
  SCALER    = GradScaler(enabled=MIXED_PREC)
/Users/yashnilmohanty/Desktop/habs-forecast/pinn/pinn_model.py:46: FutureWarning: `torch.cuda.amp.GradScaler(args...)` is deprecated. Please use `torch.amp.GradScaler('cuda', args...)` instead.
  SCALER    = GradScaler(enabled=MIXED_PREC)
Using device: cpu
Using device: cpu
Using device: cpu
Using device: cpu
/Users/yashnilmohanty/Desktop/habs-forecast/pinn/pinn_model.py:46: FutureWarning: `torch.cuda.amp.GradScaler(args...)` is deprecated. Please use `torch.amp.GradScaler('cuda', args...)` instead.
  SCALER    = GradScaler(enabled=MIXED_PREC)
/Users/yashnilmohanty/Desktop/habs-forecast/pinn/pinn_model.py:46: FutureWarning: `torch.cuda.amp.GradScaler(args...)` is deprecated. Please use `torch.amp.GradScaler('cuda', args...)` instead.
  SCALER    = GradScaler(enabled=MIXED_PREC)
Using device: cpu
Using device: cpu
/Users/yashnilmohanty/Desktop/habs-forecast/pinn/pinn_model.py:46: FutureWarning: `torch.cuda.amp.GradScaler(args...)` is deprecated. Please use `torch.amp.GradScaler('cuda', args...)` instead.
  SCALER    = GradScaler(enabled=MIXED_PREC)
/Users/yashnilmohanty/Desktop/habs-forecast/pinn/pinn_model.py:46: FutureWarning: `torch.cuda.amp.GradScaler(args...)` is deprecated. Please use `torch.amp.GradScaler('cuda', args...)` instead.
  SCALER    = GradScaler(enabled=MIXED_PREC)
/Users/yashnilmohanty/Desktop/habs-forecast/pinn/pinn_model.py:46: FutureWarning: `torch.cuda.amp.GradScaler(args...)` is deprecated. Please use `torch.amp.GradScaler('cuda', args...)` instead.
  SCALER    = GradScaler(enabled=MIXED_PREC)
/Users/yashnilmohanty/Desktop/habs-forecast/pinn/pinn_model.py:46: FutureWarning: `torch.cuda.amp.GradScaler(args...)` is deprecated. Please use `torch.amp.GradScaler('cuda', args...)` instead.
  SCALER    = GradScaler(enabled=MIXED_PREC)
Using device: cpu
Using device: cpu
Using device: cpu
Using device: cpu
/Users/yashnilmohanty/Desktop/habs-forecast/pinn/pinn_model.py:46: FutureWarning: `torch.cuda.amp.GradScaler(args...)` is deprecated. Please use `torch.amp.GradScaler('cuda', args...)` instead.
  SCALER    = GradScaler(enabled=MIXED_PREC)
/Users/yashnilmohanty/Desktop/habs-forecast/pinn/pinn_model.py:46: FutureWarning: `torch.cuda.amp.GradScaler(args...)` is deprecated. Please use `torch.amp.GradScaler('cuda', args...)` instead.
  SCALER    = GradScaler(enabled=MIXED_PREC)
Using device: cpu
Using device: cpu
/Users/yashnilmohanty/Desktop/habs-forecast/pinn/pinn_model.py:46: FutureWarning: `torch.cuda.amp.GradScaler(args...)` is deprecated. Please use `torch.amp.GradScaler('cuda', args...)` instead.
  SCALER    = GradScaler(enabled=MIXED_PREC)
/Users/yashnilmohanty/Desktop/habs-forecast/pinn/pinn_model.py:46: FutureWarning: `torch.cuda.amp.GradScaler(args...)` is deprecated. Please use `torch.amp.GradScaler('cuda', args...)` instead.
  SCALER    = GradScaler(enabled=MIXED_PREC)
/Users/yashnilmohanty/Desktop/habs-forecast/pinn/pinn_model.py:46: FutureWarning: `torch.cuda.amp.GradScaler(args...)` is deprecated. Please use `torch.amp.GradScaler('cuda', args...)` instead.
  SCALER    = GradScaler(enabled=MIXED_PREC)
/Users/yashnilmohanty/Desktop/habs-forecast/pinn/pinn_model.py:46: FutureWarning: `torch.cuda.amp.GradScaler(args...)` is deprecated. Please use `torch.amp.GradScaler('cuda', args...)` instead.
  SCALER    = GradScaler(enabled=MIXED_PREC)
Using device: cpu
Using device: cpu
Using device: cpu
Using device: cpu
/Users/yashnilmohanty/Desktop/habs-forecast/pinn/pinn_model.py:46: FutureWarning: `torch.cuda.amp.GradScaler(args...)` is deprecated. Please use `torch.amp.GradScaler('cuda', args...)` instead.
  SCALER    = GradScaler(enabled=MIXED_PREC)
/Users/yashnilmohanty/Desktop/habs-forecast/pinn/pinn_model.py:46: FutureWarning: `torch.cuda.amp.GradScaler(args...)` is deprecated. Please use `torch.amp.GradScaler('cuda', args...)` instead.
  SCALER    = GradScaler(enabled=MIXED_PREC)
Using device: cpu
Using device: cpu
/Users/yashnilmohanty/Desktop/habs-forecast/pinn/pinn_model.py:46: FutureWarning: `torch.cuda.amp.GradScaler(args...)` is deprecated. Please use `torch.amp.GradScaler('cuda', args...)` instead.
  SCALER    = GradScaler(enabled=MIXED_PREC)
/Users/yashnilmohanty/Desktop/habs-forecast/pinn/pinn_model.py:46: FutureWarning: `torch.cuda.amp.GradScaler(args...)` is deprecated. Please use `torch.amp.GradScaler('cuda', args...)` instead.
  SCALER    = GradScaler(enabled=MIXED_PREC)
/Users/yashnilmohanty/Desktop/habs-forecast/pinn/pinn_model.py:46: FutureWarning: `torch.cuda.amp.GradScaler(args...)` is deprecated. Please use `torch.amp.GradScaler('cuda', args...)` instead.
  SCALER    = GradScaler(enabled=MIXED_PREC)
/Users/yashnilmohanty/Desktop/habs-forecast/pinn/pinn_model.py:46: FutureWarning: `torch.cuda.amp.GradScaler(args...)` is deprecated. Please use `torch.amp.GradScaler('cuda', args...)` instead.
  SCALER    = GradScaler(enabled=MIXED_PREC)
Using device: cpu
Using device: cpu
Using device: cpu
Using device: cpu
/Users/yashnilmohanty/Desktop/habs-forecast/pinn/pinn_model.py:46: FutureWarning: `torch.cuda.amp.GradScaler(args...)` is deprecated. Please use `torch.amp.GradScaler('cuda', args...)` instead.
  SCALER    = GradScaler(enabled=MIXED_PREC)
/Users/yashnilmohanty/Desktop/habs-forecast/pinn/pinn_model.py:46: FutureWarning: `torch.cuda.amp.GradScaler(args...)` is deprecated. Please use `torch.amp.GradScaler('cuda', args...)` instead.
  SCALER    = GradScaler(enabled=MIXED_PREC)
Using device: cpu
Using device: cpu
E10  val RMSE=0.7723  κ=25.00  λ=0.0000
/Users/yashnilmohanty/Desktop/habs-forecast/pinn/pinn_model.py:46: FutureWarning: `torch.cuda.amp.GradScaler(args...)` is deprecated. Please use `torch.amp.GradScaler('cuda', args...)` instead.
  SCALER    = GradScaler(enabled=MIXED_PREC)
/Users/yashnilmohanty/Desktop/habs-forecast/pinn/pinn_model.py:46: FutureWarning: `torch.cuda.amp.GradScaler(args...)` is deprecated. Please use `torch.amp.GradScaler('cuda', args...)` instead.
  SCALER    = GradScaler(enabled=MIXED_PREC)
/Users/yashnilmohanty/Desktop/habs-forecast/pinn/pinn_model.py:46: FutureWarning: `torch.cuda.amp.GradScaler(args...)` is deprecated. Please use `torch.amp.GradScaler('cuda', args...)` instead.
  SCALER    = GradScaler(enabled=MIXED_PREC)
/Users/yashnilmohanty/Desktop/habs-forecast/pinn/pinn_model.py:46: FutureWarning: `torch.cuda.amp.GradScaler(args...)` is deprecated. Please use `torch.amp.GradScaler('cuda', args...)` instead.
  SCALER    = GradScaler(enabled=MIXED_PREC)
Using device: cpu
Using device: cpu
Using device: cpu
Using device: cpu
/Users/yashnilmohanty/Desktop/habs-forecast/pinn/pinn_model.py:46: FutureWarning: `torch.cuda.amp.GradScaler(args...)` is deprecated. Please use `torch.amp.GradScaler('cuda', args...)` instead.
  SCALER    = GradScaler(enabled=MIXED_PREC)
/Users/yashnilmohanty/Desktop/habs-forecast/pinn/pinn_model.py:46: FutureWarning: `torch.cuda.amp.GradScaler(args...)` is deprecated. Please use `torch.amp.GradScaler('cuda', args...)` instead.
  SCALER    = GradScaler(enabled=MIXED_PREC)
Using device: cpu
Using device: cpu
/Users/yashnilmohanty/Desktop/habs-forecast/pinn/pinn_model.py:46: FutureWarning: `torch.cuda.amp.GradScaler(args...)` is deprecated. Please use `torch.amp.GradScaler('cuda', args...)` instead.
  SCALER    = GradScaler(enabled=MIXED_PREC)
/Users/yashnilmohanty/Desktop/habs-forecast/pinn/pinn_model.py:46: FutureWarning: `torch.cuda.amp.GradScaler(args...)` is deprecated. Please use `torch.amp.GradScaler('cuda', args...)` instead.
  SCALER    = GradScaler(enabled=MIXED_PREC)
/Users/yashnilmohanty/Desktop/habs-forecast/pinn/pinn_model.py:46: FutureWarning: `torch.cuda.amp.GradScaler(args...)` is deprecated. Please use `torch.amp.GradScaler('cuda', args...)` instead.
  SCALER    = GradScaler(enabled=MIXED_PREC)
/Users/yashnilmohanty/Desktop/habs-forecast/pinn/pinn_model.py:46: FutureWarning: `torch.cuda.amp.GradScaler(args...)` is deprecated. Please use `torch.amp.GradScaler('cuda', args...)` instead.
  SCALER    = GradScaler(enabled=MIXED_PREC)
Using device: cpu
Using device: cpu
Using device: cpu
Using device: cpu
/Users/yashnilmohanty/Desktop/habs-forecast/pinn/pinn_model.py:46: FutureWarning: `torch.cuda.amp.GradScaler(args...)` is deprecated. Please use `torch.amp.GradScaler('cuda', args...)` instead.
  SCALER    = GradScaler(enabled=MIXED_PREC)
/Users/yashnilmohanty/Desktop/habs-forecast/pinn/pinn_model.py:46: FutureWarning: `torch.cuda.amp.GradScaler(args...)` is deprecated. Please use `torch.amp.GradScaler('cuda', args...)` instead.
  SCALER    = GradScaler(enabled=MIXED_PREC)
Using device: cpu
Using device: cpu
/Users/yashnilmohanty/Desktop/habs-forecast/pinn/pinn_model.py:46: FutureWarning: `torch.cuda.amp.GradScaler(args...)` is deprecated. Please use `torch.amp.GradScaler('cuda', args...)` instead.
  SCALER    = GradScaler(enabled=MIXED_PREC)
/Users/yashnilmohanty/Desktop/habs-forecast/pinn/pinn_model.py:46: FutureWarning: `torch.cuda.amp.GradScaler(args...)` is deprecated. Please use `torch.amp.GradScaler('cuda', args...)` instead.
  SCALER    = GradScaler(enabled=MIXED_PREC)
/Users/yashnilmohanty/Desktop/habs-forecast/pinn/pinn_model.py:46: FutureWarning: `torch.cuda.amp.GradScaler(args...)` is deprecated. Please use `torch.amp.GradScaler('cuda', args...)` instead.
  SCALER    = GradScaler(enabled=MIXED_PREC)
/Users/yashnilmohanty/Desktop/habs-forecast/pinn/pinn_model.py:46: FutureWarning: `torch.cuda.amp.GradScaler(args...)` is deprecated. Please use `torch.amp.GradScaler('cuda', args...)` instead.
  SCALER    = GradScaler(enabled=MIXED_PREC)
Using device: cpu
Using device: cpu
Using device: cpu
Using device: cpu
/Users/yashnilmohanty/Desktop/habs-forecast/pinn/pinn_model.py:46: FutureWarning: `torch.cuda.amp.GradScaler(args...)` is deprecated. Please use `torch.amp.GradScaler('cuda', args...)` instead.
  SCALER    = GradScaler(enabled=MIXED_PREC)
/Users/yashnilmohanty/Desktop/habs-forecast/pinn/pinn_model.py:46: FutureWarning: `torch.cuda.amp.GradScaler(args...)` is deprecated. Please use `torch.amp.GradScaler('cuda', args...)` instead.
  SCALER    = GradScaler(enabled=MIXED_PREC)
Using device: cpu
Using device: cpu
/Users/yashnilmohanty/Desktop/habs-forecast/pinn/pinn_model.py:46: FutureWarning: `torch.cuda.amp.GradScaler(args...)` is deprecated. Please use `torch.amp.GradScaler('cuda', args...)` instead.
  SCALER    = GradScaler(enabled=MIXED_PREC)
/Users/yashnilmohanty/Desktop/habs-forecast/pinn/pinn_model.py:46: FutureWarning: `torch.cuda.amp.GradScaler(args...)` is deprecated. Please use `torch.amp.GradScaler('cuda', args...)` instead.
  SCALER    = GradScaler(enabled=MIXED_PREC)
/Users/yashnilmohanty/Desktop/habs-forecast/pinn/pinn_model.py:46: FutureWarning: `torch.cuda.amp.GradScaler(args...)` is deprecated. Please use `torch.amp.GradScaler('cuda', args...)` instead.
  SCALER    = GradScaler(enabled=MIXED_PREC)
/Users/yashnilmohanty/Desktop/habs-forecast/pinn/pinn_model.py:46: FutureWarning: `torch.cuda.amp.GradScaler(args...)` is deprecated. Please use `torch.amp.GradScaler('cuda', args...)` instead.
  SCALER    = GradScaler(enabled=MIXED_PREC)
Using device: cpu
Using device: cpu
Using device: cpu
Using device: cpu
/Users/yashnilmohanty/Desktop/habs-forecast/pinn/pinn_model.py:46: FutureWarning: `torch.cuda.amp.GradScaler(args...)` is deprecated. Please use `torch.amp.GradScaler('cuda', args...)` instead.
  SCALER    = GradScaler(enabled=MIXED_PREC)
/Users/yashnilmohanty/Desktop/habs-forecast/pinn/pinn_model.py:46: FutureWarning: `torch.cuda.amp.GradScaler(args...)` is deprecated. Please use `torch.amp.GradScaler('cuda', args...)` instead.
  SCALER    = GradScaler(enabled=MIXED_PREC)
Using device: cpu
Using device: cpu
/Users/yashnilmohanty/Desktop/habs-forecast/pinn/pinn_model.py:46: FutureWarning: `torch.cuda.amp.GradScaler(args...)` is deprecated. Please use `torch.amp.GradScaler('cuda', args...)` instead.
  SCALER    = GradScaler(enabled=MIXED_PREC)
/Users/yashnilmohanty/Desktop/habs-forecast/pinn/pinn_model.py:46: FutureWarning: `torch.cuda.amp.GradScaler(args...)` is deprecated. Please use `torch.amp.GradScaler('cuda', args...)` instead.
  SCALER    = GradScaler(enabled=MIXED_PREC)
/Users/yashnilmohanty/Desktop/habs-forecast/pinn/pinn_model.py:46: FutureWarning: `torch.cuda.amp.GradScaler(args...)` is deprecated. Please use `torch.amp.GradScaler('cuda', args...)` instead.
  SCALER    = GradScaler(enabled=MIXED_PREC)
/Users/yashnilmohanty/Desktop/habs-forecast/pinn/pinn_model.py:46: FutureWarning: `torch.cuda.amp.GradScaler(args...)` is deprecated. Please use `torch.amp.GradScaler('cuda', args...)` instead.
  SCALER    = GradScaler(enabled=MIXED_PREC)
Using device: cpu
Using device: cpu
Using device: cpu
Using device: cpu
/Users/yashnilmohanty/Desktop/habs-forecast/pinn/pinn_model.py:46: FutureWarning: `torch.cuda.amp.GradScaler(args...)` is deprecated. Please use `torch.amp.GradScaler('cuda', args...)` instead.
  SCALER    = GradScaler(enabled=MIXED_PREC)
/Users/yashnilmohanty/Desktop/habs-forecast/pinn/pinn_model.py:46: FutureWarning: `torch.cuda.amp.GradScaler(args...)` is deprecated. Please use `torch.amp.GradScaler('cuda', args...)` instead.
  SCALER    = GradScaler(enabled=MIXED_PREC)
Using device: cpu
Using device: cpu
E15  val RMSE=0.7403  κ=25.00  λ=5.0000
/Users/yashnilmohanty/Desktop/habs-forecast/pinn/pinn_model.py:46: FutureWarning: `torch.cuda.amp.GradScaler(args...)` is deprecated. Please use `torch.amp.GradScaler('cuda', args...)` instead.
  SCALER    = GradScaler(enabled=MIXED_PREC)
/Users/yashnilmohanty/Desktop/habs-forecast/pinn/pinn_model.py:46: FutureWarning: `torch.cuda.amp.GradScaler(args...)` is deprecated. Please use `torch.amp.GradScaler('cuda', args...)` instead.
  SCALER    = GradScaler(enabled=MIXED_PREC)
/Users/yashnilmohanty/Desktop/habs-forecast/pinn/pinn_model.py:46: FutureWarning: `torch.cuda.amp.GradScaler(args...)` is deprecated. Please use `torch.amp.GradScaler('cuda', args...)` instead.
  SCALER    = GradScaler(enabled=MIXED_PREC)
/Users/yashnilmohanty/Desktop/habs-forecast/pinn/pinn_model.py:46: FutureWarning: `torch.cuda.amp.GradScaler(args...)` is deprecated. Please use `torch.amp.GradScaler('cuda', args...)` instead.
  SCALER    = GradScaler(enabled=MIXED_PREC)
Using device: cpu
Using device: cpu
Using device: cpu
Using device: cpu
/Users/yashnilmohanty/Desktop/habs-forecast/pinn/pinn_model.py:46: FutureWarning: `torch.cuda.amp.GradScaler(args...)` is deprecated. Please use `torch.amp.GradScaler('cuda', args...)` instead.
  SCALER    = GradScaler(enabled=MIXED_PREC)
/Users/yashnilmohanty/Desktop/habs-forecast/pinn/pinn_model.py:46: FutureWarning: `torch.cuda.amp.GradScaler(args...)` is deprecated. Please use `torch.amp.GradScaler('cuda', args...)` instead.
  SCALER    = GradScaler(enabled=MIXED_PREC)
Using device: cpu
Using device: cpu
/Users/yashnilmohanty/Desktop/habs-forecast/pinn/pinn_model.py:46: FutureWarning: `torch.cuda.amp.GradScaler(args...)` is deprecated. Please use `torch.amp.GradScaler('cuda', args...)` instead.
  SCALER    = GradScaler(enabled=MIXED_PREC)
/Users/yashnilmohanty/Desktop/habs-forecast/pinn/pinn_model.py:46: FutureWarning: `torch.cuda.amp.GradScaler(args...)` is deprecated. Please use `torch.amp.GradScaler('cuda', args...)` instead.
  SCALER    = GradScaler(enabled=MIXED_PREC)
/Users/yashnilmohanty/Desktop/habs-forecast/pinn/pinn_model.py:46: FutureWarning: `torch.cuda.amp.GradScaler(args...)` is deprecated. Please use `torch.amp.GradScaler('cuda', args...)` instead.
  SCALER    = GradScaler(enabled=MIXED_PREC)
/Users/yashnilmohanty/Desktop/habs-forecast/pinn/pinn_model.py:46: FutureWarning: `torch.cuda.amp.GradScaler(args...)` is deprecated. Please use `torch.amp.GradScaler('cuda', args...)` instead.
  SCALER    = GradScaler(enabled=MIXED_PREC)
Using device: cpu
Using device: cpu
Using device: cpu
Using device: cpu
/Users/yashnilmohanty/Desktop/habs-forecast/pinn/pinn_model.py:46: FutureWarning: `torch.cuda.amp.GradScaler(args...)` is deprecated. Please use `torch.amp.GradScaler('cuda', args...)` instead.
  SCALER    = GradScaler(enabled=MIXED_PREC)
/Users/yashnilmohanty/Desktop/habs-forecast/pinn/pinn_model.py:46: FutureWarning: `torch.cuda.amp.GradScaler(args...)` is deprecated. Please use `torch.amp.GradScaler('cuda', args...)` instead.
  SCALER    = GradScaler(enabled=MIXED_PREC)
Using device: cpu
Using device: cpu
/Users/yashnilmohanty/Desktop/habs-forecast/pinn/pinn_model.py:46: FutureWarning: `torch.cuda.amp.GradScaler(args...)` is deprecated. Please use `torch.amp.GradScaler('cuda', args...)` instead.
  SCALER    = GradScaler(enabled=MIXED_PREC)
/Users/yashnilmohanty/Desktop/habs-forecast/pinn/pinn_model.py:46: FutureWarning: `torch.cuda.amp.GradScaler(args...)` is deprecated. Please use `torch.amp.GradScaler('cuda', args...)` instead.
  SCALER    = GradScaler(enabled=MIXED_PREC)
/Users/yashnilmohanty/Desktop/habs-forecast/pinn/pinn_model.py:46: FutureWarning: `torch.cuda.amp.GradScaler(args...)` is deprecated. Please use `torch.amp.GradScaler('cuda', args...)` instead.
  SCALER    = GradScaler(enabled=MIXED_PREC)
/Users/yashnilmohanty/Desktop/habs-forecast/pinn/pinn_model.py:46: FutureWarning: `torch.cuda.amp.GradScaler(args...)` is deprecated. Please use `torch.amp.GradScaler('cuda', args...)` instead.
  SCALER    = GradScaler(enabled=MIXED_PREC)
Using device: cpu
Using device: cpu
Using device: cpu
Using device: cpu
/Users/yashnilmohanty/Desktop/habs-forecast/pinn/pinn_model.py:46: FutureWarning: `torch.cuda.amp.GradScaler(args...)` is deprecated. Please use `torch.amp.GradScaler('cuda', args...)` instead.
  SCALER    = GradScaler(enabled=MIXED_PREC)
/Users/yashnilmohanty/Desktop/habs-forecast/pinn/pinn_model.py:46: FutureWarning: `torch.cuda.amp.GradScaler(args...)` is deprecated. Please use `torch.amp.GradScaler('cuda', args...)` instead.
  SCALER    = GradScaler(enabled=MIXED_PREC)
Using device: cpu
Using device: cpu
/Users/yashnilmohanty/Desktop/habs-forecast/pinn/pinn_model.py:46: FutureWarning: `torch.cuda.amp.GradScaler(args...)` is deprecated. Please use `torch.amp.GradScaler('cuda', args...)` instead.
  SCALER    = GradScaler(enabled=MIXED_PREC)
/Users/yashnilmohanty/Desktop/habs-forecast/pinn/pinn_model.py:46: FutureWarning: `torch.cuda.amp.GradScaler(args...)` is deprecated. Please use `torch.amp.GradScaler('cuda', args...)` instead.
  SCALER    = GradScaler(enabled=MIXED_PREC)
/Users/yashnilmohanty/Desktop/habs-forecast/pinn/pinn_model.py:46: FutureWarning: `torch.cuda.amp.GradScaler(args...)` is deprecated. Please use `torch.amp.GradScaler('cuda', args...)` instead.
  SCALER    = GradScaler(enabled=MIXED_PREC)
/Users/yashnilmohanty/Desktop/habs-forecast/pinn/pinn_model.py:46: FutureWarning: `torch.cuda.amp.GradScaler(args...)` is deprecated. Please use `torch.amp.GradScaler('cuda', args...)` instead.
  SCALER    = GradScaler(enabled=MIXED_PREC)
Using device: cpu
Using device: cpu
Using device: cpu
Using device: cpu
/Users/yashnilmohanty/Desktop/habs-forecast/pinn/pinn_model.py:46: FutureWarning: `torch.cuda.amp.GradScaler(args...)` is deprecated. Please use `torch.amp.GradScaler('cuda', args...)` instead.
  SCALER    = GradScaler(enabled=MIXED_PREC)
/Users/yashnilmohanty/Desktop/habs-forecast/pinn/pinn_model.py:46: FutureWarning: `torch.cuda.amp.GradScaler(args...)` is deprecated. Please use `torch.amp.GradScaler('cuda', args...)` instead.
  SCALER    = GradScaler(enabled=MIXED_PREC)
Using device: cpu
Using device: cpu
/Users/yashnilmohanty/Desktop/habs-forecast/pinn/pinn_model.py:46: FutureWarning: `torch.cuda.amp.GradScaler(args...)` is deprecated. Please use `torch.amp.GradScaler('cuda', args...)` instead.
  SCALER    = GradScaler(enabled=MIXED_PREC)
/Users/yashnilmohanty/Desktop/habs-forecast/pinn/pinn_model.py:46: FutureWarning: `torch.cuda.amp.GradScaler(args...)` is deprecated. Please use `torch.amp.GradScaler('cuda', args...)` instead.
  SCALER    = GradScaler(enabled=MIXED_PREC)
/Users/yashnilmohanty/Desktop/habs-forecast/pinn/pinn_model.py:46: FutureWarning: `torch.cuda.amp.GradScaler(args...)` is deprecated. Please use `torch.amp.GradScaler('cuda', args...)` instead.
  SCALER    = GradScaler(enabled=MIXED_PREC)
/Users/yashnilmohanty/Desktop/habs-forecast/pinn/pinn_model.py:46: FutureWarning: `torch.cuda.amp.GradScaler(args...)` is deprecated. Please use `torch.amp.GradScaler('cuda', args...)` instead.
  SCALER    = GradScaler(enabled=MIXED_PREC)
Using device: cpu
Using device: cpu
Using device: cpu
Using device: cpu
/Users/yashnilmohanty/Desktop/habs-forecast/pinn/pinn_model.py:46: FutureWarning: `torch.cuda.amp.GradScaler(args...)` is deprecated. Please use `torch.amp.GradScaler('cuda', args...)` instead.
  SCALER    = GradScaler(enabled=MIXED_PREC)
/Users/yashnilmohanty/Desktop/habs-forecast/pinn/pinn_model.py:46: FutureWarning: `torch.cuda.amp.GradScaler(args...)` is deprecated. Please use `torch.amp.GradScaler('cuda', args...)` instead.
  SCALER    = GradScaler(enabled=MIXED_PREC)
Using device: cpu
Using device: cpu
E20  val RMSE=0.7175  κ=25.00  λ=5.0000
/Users/yashnilmohanty/Desktop/habs-forecast/pinn/pinn_model.py:46: FutureWarning: `torch.cuda.amp.GradScaler(args...)` is deprecated. Please use `torch.amp.GradScaler('cuda', args...)` instead.
  SCALER    = GradScaler(enabled=MIXED_PREC)
/Users/yashnilmohanty/Desktop/habs-forecast/pinn/pinn_model.py:46: FutureWarning: `torch.cuda.amp.GradScaler(args...)` is deprecated. Please use `torch.amp.GradScaler('cuda', args...)` instead.
  SCALER    = GradScaler(enabled=MIXED_PREC)
/Users/yashnilmohanty/Desktop/habs-forecast/pinn/pinn_model.py:46: FutureWarning: `torch.cuda.amp.GradScaler(args...)` is deprecated. Please use `torch.amp.GradScaler('cuda', args...)` instead.
  SCALER    = GradScaler(enabled=MIXED_PREC)
/Users/yashnilmohanty/Desktop/habs-forecast/pinn/pinn_model.py:46: FutureWarning: `torch.cuda.amp.GradScaler(args...)` is deprecated. Please use `torch.amp.GradScaler('cuda', args...)` instead.
  SCALER    = GradScaler(enabled=MIXED_PREC)
Using device: cpu
Using device: cpu
Using device: cpu
Using device: cpu
/Users/yashnilmohanty/Desktop/habs-forecast/pinn/pinn_model.py:46: FutureWarning: `torch.cuda.amp.GradScaler(args...)` is deprecated. Please use `torch.amp.GradScaler('cuda', args...)` instead.
  SCALER    = GradScaler(enabled=MIXED_PREC)
/Users/yashnilmohanty/Desktop/habs-forecast/pinn/pinn_model.py:46: FutureWarning: `torch.cuda.amp.GradScaler(args...)` is deprecated. Please use `torch.amp.GradScaler('cuda', args...)` instead.
  SCALER    = GradScaler(enabled=MIXED_PREC)
Using device: cpu
Using device: cpu
/Users/yashnilmohanty/Desktop/habs-forecast/pinn/pinn_model.py:46: FutureWarning: `torch.cuda.amp.GradScaler(args...)` is deprecated. Please use `torch.amp.GradScaler('cuda', args...)` instead.
  SCALER    = GradScaler(enabled=MIXED_PREC)
/Users/yashnilmohanty/Desktop/habs-forecast/pinn/pinn_model.py:46: FutureWarning: `torch.cuda.amp.GradScaler(args...)` is deprecated. Please use `torch.amp.GradScaler('cuda', args...)` instead.
  SCALER    = GradScaler(enabled=MIXED_PREC)
/Users/yashnilmohanty/Desktop/habs-forecast/pinn/pinn_model.py:46: FutureWarning: `torch.cuda.amp.GradScaler(args...)` is deprecated. Please use `torch.amp.GradScaler('cuda', args...)` instead.
  SCALER    = GradScaler(enabled=MIXED_PREC)
/Users/yashnilmohanty/Desktop/habs-forecast/pinn/pinn_model.py:46: FutureWarning: `torch.cuda.amp.GradScaler(args...)` is deprecated. Please use `torch.amp.GradScaler('cuda', args...)` instead.
  SCALER    = GradScaler(enabled=MIXED_PREC)
Using device: cpu
Using device: cpu
Using device: cpu
Using device: cpu
/Users/yashnilmohanty/Desktop/habs-forecast/pinn/pinn_model.py:46: FutureWarning: `torch.cuda.amp.GradScaler(args...)` is deprecated. Please use `torch.amp.GradScaler('cuda', args...)` instead.
  SCALER    = GradScaler(enabled=MIXED_PREC)
/Users/yashnilmohanty/Desktop/habs-forecast/pinn/pinn_model.py:46: FutureWarning: `torch.cuda.amp.GradScaler(args...)` is deprecated. Please use `torch.amp.GradScaler('cuda', args...)` instead.
  SCALER    = GradScaler(enabled=MIXED_PREC)
Using device: cpu
Using device: cpu
/Users/yashnilmohanty/Desktop/habs-forecast/pinn/pinn_model.py:46: FutureWarning: `torch.cuda.amp.GradScaler(args...)` is deprecated. Please use `torch.amp.GradScaler('cuda', args...)` instead.
  SCALER    = GradScaler(enabled=MIXED_PREC)
/Users/yashnilmohanty/Desktop/habs-forecast/pinn/pinn_model.py:46: FutureWarning: `torch.cuda.amp.GradScaler(args...)` is deprecated. Please use `torch.amp.GradScaler('cuda', args...)` instead.
  SCALER    = GradScaler(enabled=MIXED_PREC)
/Users/yashnilmohanty/Desktop/habs-forecast/pinn/pinn_model.py:46: FutureWarning: `torch.cuda.amp.GradScaler(args...)` is deprecated. Please use `torch.amp.GradScaler('cuda', args...)` instead.
  SCALER    = GradScaler(enabled=MIXED_PREC)
/Users/yashnilmohanty/Desktop/habs-forecast/pinn/pinn_model.py:46: FutureWarning: `torch.cuda.amp.GradScaler(args...)` is deprecated. Please use `torch.amp.GradScaler('cuda', args...)` instead.
  SCALER    = GradScaler(enabled=MIXED_PREC)
Using device: cpu
Using device: cpu
Using device: cpu
Using device: cpu
/Users/yashnilmohanty/Desktop/habs-forecast/pinn/pinn_model.py:46: FutureWarning: `torch.cuda.amp.GradScaler(args...)` is deprecated. Please use `torch.amp.GradScaler('cuda', args...)` instead.
  SCALER    = GradScaler(enabled=MIXED_PREC)
/Users/yashnilmohanty/Desktop/habs-forecast/pinn/pinn_model.py:46: FutureWarning: `torch.cuda.amp.GradScaler(args...)` is deprecated. Please use `torch.amp.GradScaler('cuda', args...)` instead.
  SCALER    = GradScaler(enabled=MIXED_PREC)
Using device: cpu
Using device: cpu
/Users/yashnilmohanty/Desktop/habs-forecast/pinn/pinn_model.py:46: FutureWarning: `torch.cuda.amp.GradScaler(args...)` is deprecated. Please use `torch.amp.GradScaler('cuda', args...)` instead.
  SCALER    = GradScaler(enabled=MIXED_PREC)
/Users/yashnilmohanty/Desktop/habs-forecast/pinn/pinn_model.py:46: FutureWarning: `torch.cuda.amp.GradScaler(args...)` is deprecated. Please use `torch.amp.GradScaler('cuda', args...)` instead.
  SCALER    = GradScaler(enabled=MIXED_PREC)
/Users/yashnilmohanty/Desktop/habs-forecast/pinn/pinn_model.py:46: FutureWarning: `torch.cuda.amp.GradScaler(args...)` is deprecated. Please use `torch.amp.GradScaler('cuda', args...)` instead.
  SCALER    = GradScaler(enabled=MIXED_PREC)
/Users/yashnilmohanty/Desktop/habs-forecast/pinn/pinn_model.py:46: FutureWarning: `torch.cuda.amp.GradScaler(args...)` is deprecated. Please use `torch.amp.GradScaler('cuda', args...)` instead.
  SCALER    = GradScaler(enabled=MIXED_PREC)
Using device: cpu
Using device: cpu
Using device: cpu
Using device: cpu
/Users/yashnilmohanty/Desktop/habs-forecast/pinn/pinn_model.py:46: FutureWarning: `torch.cuda.amp.GradScaler(args...)` is deprecated. Please use `torch.amp.GradScaler('cuda', args...)` instead.
  SCALER    = GradScaler(enabled=MIXED_PREC)
/Users/yashnilmohanty/Desktop/habs-forecast/pinn/pinn_model.py:46: FutureWarning: `torch.cuda.amp.GradScaler(args...)` is deprecated. Please use `torch.amp.GradScaler('cuda', args...)` instead.
  SCALER    = GradScaler(enabled=MIXED_PREC)
Using device: cpu
Using device: cpu
/Users/yashnilmohanty/Desktop/habs-forecast/pinn/pinn_model.py:46: FutureWarning: `torch.cuda.amp.GradScaler(args...)` is deprecated. Please use `torch.amp.GradScaler('cuda', args...)` instead.
  SCALER    = GradScaler(enabled=MIXED_PREC)
/Users/yashnilmohanty/Desktop/habs-forecast/pinn/pinn_model.py:46: FutureWarning: `torch.cuda.amp.GradScaler(args...)` is deprecated. Please use `torch.amp.GradScaler('cuda', args...)` instead.
  SCALER    = GradScaler(enabled=MIXED_PREC)
/Users/yashnilmohanty/Desktop/habs-forecast/pinn/pinn_model.py:46: FutureWarning: `torch.cuda.amp.GradScaler(args...)` is deprecated. Please use `torch.amp.GradScaler('cuda', args...)` instead.
  SCALER    = GradScaler(enabled=MIXED_PREC)
/Users/yashnilmohanty/Desktop/habs-forecast/pinn/pinn_model.py:46: FutureWarning: `torch.cuda.amp.GradScaler(args...)` is deprecated. Please use `torch.amp.GradScaler('cuda', args...)` instead.
  SCALER    = GradScaler(enabled=MIXED_PREC)
Using device: cpu
Using device: cpu
Using device: cpu
Using device: cpu
/Users/yashnilmohanty/Desktop/habs-forecast/pinn/pinn_model.py:46: FutureWarning: `torch.cuda.amp.GradScaler(args...)` is deprecated. Please use `torch.amp.GradScaler('cuda', args...)` instead.
  SCALER    = GradScaler(enabled=MIXED_PREC)
/Users/yashnilmohanty/Desktop/habs-forecast/pinn/pinn_model.py:46: FutureWarning: `torch.cuda.amp.GradScaler(args...)` is deprecated. Please use `torch.amp.GradScaler('cuda', args...)` instead.
  SCALER    = GradScaler(enabled=MIXED_PREC)
Using device: cpu
Using device: cpu
E25  val RMSE=0.6993  κ=25.00  λ=5.0000
/Users/yashnilmohanty/Desktop/habs-forecast/pinn/pinn_model.py:46: FutureWarning: `torch.cuda.amp.GradScaler(args...)` is deprecated. Please use `torch.amp.GradScaler('cuda', args...)` instead.
  SCALER    = GradScaler(enabled=MIXED_PREC)
/Users/yashnilmohanty/Desktop/habs-forecast/pinn/pinn_model.py:46: FutureWarning: `torch.cuda.amp.GradScaler(args...)` is deprecated. Please use `torch.amp.GradScaler('cuda', args...)` instead.
  SCALER    = GradScaler(enabled=MIXED_PREC)
/Users/yashnilmohanty/Desktop/habs-forecast/pinn/pinn_model.py:46: FutureWarning: `torch.cuda.amp.GradScaler(args...)` is deprecated. Please use `torch.amp.GradScaler('cuda', args...)` instead.
  SCALER    = GradScaler(enabled=MIXED_PREC)
/Users/yashnilmohanty/Desktop/habs-forecast/pinn/pinn_model.py:46: FutureWarning: `torch.cuda.amp.GradScaler(args...)` is deprecated. Please use `torch.amp.GradScaler('cuda', args...)` instead.
  SCALER    = GradScaler(enabled=MIXED_PREC)
Using device: cpu
Using device: cpu
Using device: cpu
Using device: cpu
/Users/yashnilmohanty/Desktop/habs-forecast/pinn/pinn_model.py:46: FutureWarning: `torch.cuda.amp.GradScaler(args...)` is deprecated. Please use `torch.amp.GradScaler('cuda', args...)` instead.
  SCALER    = GradScaler(enabled=MIXED_PREC)
/Users/yashnilmohanty/Desktop/habs-forecast/pinn/pinn_model.py:46: FutureWarning: `torch.cuda.amp.GradScaler(args...)` is deprecated. Please use `torch.amp.GradScaler('cuda', args...)` instead.
  SCALER    = GradScaler(enabled=MIXED_PREC)
Using device: cpu
Using device: cpu
/Users/yashnilmohanty/Desktop/habs-forecast/pinn/pinn_model.py:46: FutureWarning: `torch.cuda.amp.GradScaler(args...)` is deprecated. Please use `torch.amp.GradScaler('cuda', args...)` instead.
  SCALER    = GradScaler(enabled=MIXED_PREC)
/Users/yashnilmohanty/Desktop/habs-forecast/pinn/pinn_model.py:46: FutureWarning: `torch.cuda.amp.GradScaler(args...)` is deprecated. Please use `torch.amp.GradScaler('cuda', args...)` instead.
  SCALER    = GradScaler(enabled=MIXED_PREC)
/Users/yashnilmohanty/Desktop/habs-forecast/pinn/pinn_model.py:46: FutureWarning: `torch.cuda.amp.GradScaler(args...)` is deprecated. Please use `torch.amp.GradScaler('cuda', args...)` instead.
  SCALER    = GradScaler(enabled=MIXED_PREC)
/Users/yashnilmohanty/Desktop/habs-forecast/pinn/pinn_model.py:46: FutureWarning: `torch.cuda.amp.GradScaler(args...)` is deprecated. Please use `torch.amp.GradScaler('cuda', args...)` instead.
  SCALER    = GradScaler(enabled=MIXED_PREC)
Using device: cpu
Using device: cpu
Using device: cpu
Using device: cpu
/Users/yashnilmohanty/Desktop/habs-forecast/pinn/pinn_model.py:46: FutureWarning: `torch.cuda.amp.GradScaler(args...)` is deprecated. Please use `torch.amp.GradScaler('cuda', args...)` instead.
  SCALER    = GradScaler(enabled=MIXED_PREC)
/Users/yashnilmohanty/Desktop/habs-forecast/pinn/pinn_model.py:46: FutureWarning: `torch.cuda.amp.GradScaler(args...)` is deprecated. Please use `torch.amp.GradScaler('cuda', args...)` instead.
  SCALER    = GradScaler(enabled=MIXED_PREC)
Using device: cpu
Using device: cpu
/Users/yashnilmohanty/Desktop/habs-forecast/pinn/pinn_model.py:46: FutureWarning: `torch.cuda.amp.GradScaler(args...)` is deprecated. Please use `torch.amp.GradScaler('cuda', args...)` instead.
  SCALER    = GradScaler(enabled=MIXED_PREC)
/Users/yashnilmohanty/Desktop/habs-forecast/pinn/pinn_model.py:46: FutureWarning: `torch.cuda.amp.GradScaler(args...)` is deprecated. Please use `torch.amp.GradScaler('cuda', args...)` instead.
  SCALER    = GradScaler(enabled=MIXED_PREC)
/Users/yashnilmohanty/Desktop/habs-forecast/pinn/pinn_model.py:46: FutureWarning: `torch.cuda.amp.GradScaler(args...)` is deprecated. Please use `torch.amp.GradScaler('cuda', args...)` instead.
  SCALER    = GradScaler(enabled=MIXED_PREC)
/Users/yashnilmohanty/Desktop/habs-forecast/pinn/pinn_model.py:46: FutureWarning: `torch.cuda.amp.GradScaler(args...)` is deprecated. Please use `torch.amp.GradScaler('cuda', args...)` instead.
  SCALER    = GradScaler(enabled=MIXED_PREC)
Using device: cpu
Using device: cpu
Using device: cpu
Using device: cpu
/Users/yashnilmohanty/Desktop/habs-forecast/pinn/pinn_model.py:46: FutureWarning: `torch.cuda.amp.GradScaler(args...)` is deprecated. Please use `torch.amp.GradScaler('cuda', args...)` instead.
  SCALER    = GradScaler(enabled=MIXED_PREC)
/Users/yashnilmohanty/Desktop/habs-forecast/pinn/pinn_model.py:46: FutureWarning: `torch.cuda.amp.GradScaler(args...)` is deprecated. Please use `torch.amp.GradScaler('cuda', args...)` instead.
  SCALER    = GradScaler(enabled=MIXED_PREC)
Using device: cpu
Using device: cpu
/Users/yashnilmohanty/Desktop/habs-forecast/pinn/pinn_model.py:46: FutureWarning: `torch.cuda.amp.GradScaler(args...)` is deprecated. Please use `torch.amp.GradScaler('cuda', args...)` instead.
  SCALER    = GradScaler(enabled=MIXED_PREC)
/Users/yashnilmohanty/Desktop/habs-forecast/pinn/pinn_model.py:46: FutureWarning: `torch.cuda.amp.GradScaler(args...)` is deprecated. Please use `torch.amp.GradScaler('cuda', args...)` instead.
  SCALER    = GradScaler(enabled=MIXED_PREC)
/Users/yashnilmohanty/Desktop/habs-forecast/pinn/pinn_model.py:46: FutureWarning: `torch.cuda.amp.GradScaler(args...)` is deprecated. Please use `torch.amp.GradScaler('cuda', args...)` instead.
  SCALER    = GradScaler(enabled=MIXED_PREC)
/Users/yashnilmohanty/Desktop/habs-forecast/pinn/pinn_model.py:46: FutureWarning: `torch.cuda.amp.GradScaler(args...)` is deprecated. Please use `torch.amp.GradScaler('cuda', args...)` instead.
  SCALER    = GradScaler(enabled=MIXED_PREC)
Using device: cpu
Using device: cpu
Using device: cpu
Using device: cpu
/Users/yashnilmohanty/Desktop/habs-forecast/pinn/pinn_model.py:46: FutureWarning: `torch.cuda.amp.GradScaler(args...)` is deprecated. Please use `torch.amp.GradScaler('cuda', args...)` instead.
  SCALER    = GradScaler(enabled=MIXED_PREC)
/Users/yashnilmohanty/Desktop/habs-forecast/pinn/pinn_model.py:46: FutureWarning: `torch.cuda.amp.GradScaler(args...)` is deprecated. Please use `torch.amp.GradScaler('cuda', args...)` instead.
  SCALER    = GradScaler(enabled=MIXED_PREC)
Using device: cpu
Using device: cpu
/Users/yashnilmohanty/Desktop/habs-forecast/pinn/pinn_model.py:46: FutureWarning: `torch.cuda.amp.GradScaler(args...)` is deprecated. Please use `torch.amp.GradScaler('cuda', args...)` instead.
  SCALER    = GradScaler(enabled=MIXED_PREC)
/Users/yashnilmohanty/Desktop/habs-forecast/pinn/pinn_model.py:46: FutureWarning: `torch.cuda.amp.GradScaler(args...)` is deprecated. Please use `torch.amp.GradScaler('cuda', args...)` instead.
  SCALER    = GradScaler(enabled=MIXED_PREC)
/Users/yashnilmohanty/Desktop/habs-forecast/pinn/pinn_model.py:46: FutureWarning: `torch.cuda.amp.GradScaler(args...)` is deprecated. Please use `torch.amp.GradScaler('cuda', args...)` instead.
  SCALER    = GradScaler(enabled=MIXED_PREC)
/Users/yashnilmohanty/Desktop/habs-forecast/pinn/pinn_model.py:46: FutureWarning: `torch.cuda.amp.GradScaler(args...)` is deprecated. Please use `torch.amp.GradScaler('cuda', args...)` instead.
  SCALER    = GradScaler(enabled=MIXED_PREC)
Using device: cpu
Using device: cpu
Using device: cpu
Using device: cpu
/Users/yashnilmohanty/Desktop/habs-forecast/pinn/pinn_model.py:46: FutureWarning: `torch.cuda.amp.GradScaler(args...)` is deprecated. Please use `torch.amp.GradScaler('cuda', args...)` instead.
  SCALER    = GradScaler(enabled=MIXED_PREC)
/Users/yashnilmohanty/Desktop/habs-forecast/pinn/pinn_model.py:46: FutureWarning: `torch.cuda.amp.GradScaler(args...)` is deprecated. Please use `torch.amp.GradScaler('cuda', args...)` instead.
  SCALER    = GradScaler(enabled=MIXED_PREC)
Using device: cpu
Using device: cpu
E30  val RMSE=0.7033  κ=25.00  λ=5.0000
/Users/yashnilmohanty/Desktop/habs-forecast/pinn/pinn_model.py:46: FutureWarning: `torch.cuda.amp.GradScaler(args...)` is deprecated. Please use `torch.amp.GradScaler('cuda', args...)` instead.
  SCALER    = GradScaler(enabled=MIXED_PREC)
/Users/yashnilmohanty/Desktop/habs-forecast/pinn/pinn_model.py:46: FutureWarning: `torch.cuda.amp.GradScaler(args...)` is deprecated. Please use `torch.amp.GradScaler('cuda', args...)` instead.
  SCALER    = GradScaler(enabled=MIXED_PREC)
/Users/yashnilmohanty/Desktop/habs-forecast/pinn/pinn_model.py:46: FutureWarning: `torch.cuda.amp.GradScaler(args...)` is deprecated. Please use `torch.amp.GradScaler('cuda', args...)` instead.
  SCALER    = GradScaler(enabled=MIXED_PREC)
/Users/yashnilmohanty/Desktop/habs-forecast/pinn/pinn_model.py:46: FutureWarning: `torch.cuda.amp.GradScaler(args...)` is deprecated. Please use `torch.amp.GradScaler('cuda', args...)` instead.
  SCALER    = GradScaler(enabled=MIXED_PREC)
/Users/yashnilmohanty/Desktop/habs-forecast/pinn/ablation_studies.py:184: FutureWarning: `torch.cuda.amp.autocast(args...)` is deprecated. Please use `torch.amp.autocast('cuda', args...)` instead.
  with autocast(enabled=MIXED_PREC):
Using device: cpu
Using device: cpu
Using device: cpu
Using device: cpu
/Users/yashnilmohanty/Desktop/habs-forecast/pinn/pinn_model.py:46: FutureWarning: `torch.cuda.amp.GradScaler(args...)` is deprecated. Please use `torch.amp.GradScaler('cuda', args...)` instead.
  SCALER    = GradScaler(enabled=MIXED_PREC)
/Users/yashnilmohanty/Desktop/habs-forecast/pinn/pinn_model.py:46: FutureWarning: `torch.cuda.amp.GradScaler(args...)` is deprecated. Please use `torch.amp.GradScaler('cuda', args...)` instead.
  SCALER    = GradScaler(enabled=MIXED_PREC)
Using device: cpu
Using device: cpu
/Users/yashnilmohanty/Desktop/habs-forecast/pinn/pinn_model.py:46: FutureWarning: `torch.cuda.amp.GradScaler(args...)` is deprecated. Please use `torch.amp.GradScaler('cuda', args...)` instead.
  SCALER    = GradScaler(enabled=MIXED_PREC)
/Users/yashnilmohanty/Desktop/habs-forecast/pinn/pinn_model.py:46: FutureWarning: `torch.cuda.amp.GradScaler(args...)` is deprecated. Please use `torch.amp.GradScaler('cuda', args...)` instead.
  SCALER    = GradScaler(enabled=MIXED_PREC)
Using device: cpu
Using device: cpu
/Users/yashnilmohanty/miniforge3/lib/python3.12/site-packages/torch/utils/data/dataloader.py:683: UserWarning: 'pin_memory' argument is set as true but not supported on MPS now, then device pinned memory won't be used.
  warnings.warn(warn_msg)
  Results: train=0.7470, val=0.7033, test=0.8102
  Final κ = 25.00 (init: 25.0)
  ✓ Saved progress to paper_results/ablation/kappa/ablation_kappa.csv

[5/7] Training with κ_init = 50.0
/Users/yashnilmohanty/Desktop/habs-forecast/pinn/pinn_model.py:46: FutureWarning: `torch.cuda.amp.GradScaler(args...)` is deprecated. Please use `torch.amp.GradScaler('cuda', args...)` instead.
  SCALER    = GradScaler(enabled=MIXED_PREC)
/Users/yashnilmohanty/Desktop/habs-forecast/pinn/pinn_model.py:46: FutureWarning: `torch.cuda.amp.GradScaler(args...)` is deprecated. Please use `torch.amp.GradScaler('cuda', args...)` instead.
  SCALER    = GradScaler(enabled=MIXED_PREC)
/Users/yashnilmohanty/Desktop/habs-forecast/pinn/pinn_model.py:46: FutureWarning: `torch.cuda.amp.GradScaler(args...)` is deprecated. Please use `torch.amp.GradScaler('cuda', args...)` instead.
  SCALER    = GradScaler(enabled=MIXED_PREC)
/Users/yashnilmohanty/Desktop/habs-forecast/pinn/pinn_model.py:46: FutureWarning: `torch.cuda.amp.GradScaler(args...)` is deprecated. Please use `torch.amp.GradScaler('cuda', args...)` instead.
  SCALER    = GradScaler(enabled=MIXED_PREC)
/Users/yashnilmohanty/Desktop/habs-forecast/pinn/ablation_studies.py:89: FutureWarning: `torch.cuda.amp.autocast(args...)` is deprecated. Please use `torch.amp.autocast('cuda', args...)` instead.
  with autocast(enabled=MIXED_PREC):
Using device: cpu
Using device: cpu
Using device: cpu
Using device: cpu
/Users/yashnilmohanty/Desktop/habs-forecast/pinn/pinn_model.py:46: FutureWarning: `torch.cuda.amp.GradScaler(args...)` is deprecated. Please use `torch.amp.GradScaler('cuda', args...)` instead.
  SCALER    = GradScaler(enabled=MIXED_PREC)
/Users/yashnilmohanty/Desktop/habs-forecast/pinn/pinn_model.py:46: FutureWarning: `torch.cuda.amp.GradScaler(args...)` is deprecated. Please use `torch.amp.GradScaler('cuda', args...)` instead.
  SCALER    = GradScaler(enabled=MIXED_PREC)
/Users/yashnilmohanty/Desktop/habs-forecast/pinn/ablation_studies.py:158: FutureWarning: `torch.cuda.amp.autocast(args...)` is deprecated. Please use `torch.amp.autocast('cuda', args...)` instead.
  with autocast(enabled=MIXED_PREC):
Using device: cpu
Using device: cpu
/Users/yashnilmohanty/Desktop/habs-forecast/pinn/pinn_model.py:46: FutureWarning: `torch.cuda.amp.GradScaler(args...)` is deprecated. Please use `torch.amp.GradScaler('cuda', args...)` instead.
  SCALER    = GradScaler(enabled=MIXED_PREC)
/Users/yashnilmohanty/Desktop/habs-forecast/pinn/pinn_model.py:46: FutureWarning: `torch.cuda.amp.GradScaler(args...)` is deprecated. Please use `torch.amp.GradScaler('cuda', args...)` instead.
  SCALER    = GradScaler(enabled=MIXED_PREC)
/Users/yashnilmohanty/Desktop/habs-forecast/pinn/pinn_model.py:46: FutureWarning: `torch.cuda.amp.GradScaler(args...)` is deprecated. Please use `torch.amp.GradScaler('cuda', args...)` instead.
  SCALER    = GradScaler(enabled=MIXED_PREC)
/Users/yashnilmohanty/Desktop/habs-forecast/pinn/pinn_model.py:46: FutureWarning: `torch.cuda.amp.GradScaler(args...)` is deprecated. Please use `torch.amp.GradScaler('cuda', args...)` instead.
  SCALER    = GradScaler(enabled=MIXED_PREC)
Using device: cpu
Using device: cpu
Using device: cpu
Using device: cpu
/Users/yashnilmohanty/Desktop/habs-forecast/pinn/pinn_model.py:46: FutureWarning: `torch.cuda.amp.GradScaler(args...)` is deprecated. Please use `torch.amp.GradScaler('cuda', args...)` instead.
  SCALER    = GradScaler(enabled=MIXED_PREC)
/Users/yashnilmohanty/Desktop/habs-forecast/pinn/pinn_model.py:46: FutureWarning: `torch.cuda.amp.GradScaler(args...)` is deprecated. Please use `torch.amp.GradScaler('cuda', args...)` instead.
  SCALER    = GradScaler(enabled=MIXED_PREC)
Using device: cpu
Using device: cpu
/Users/yashnilmohanty/Desktop/habs-forecast/pinn/pinn_model.py:46: FutureWarning: `torch.cuda.amp.GradScaler(args...)` is deprecated. Please use `torch.amp.GradScaler('cuda', args...)` instead.
  SCALER    = GradScaler(enabled=MIXED_PREC)
/Users/yashnilmohanty/Desktop/habs-forecast/pinn/pinn_model.py:46: FutureWarning: `torch.cuda.amp.GradScaler(args...)` is deprecated. Please use `torch.amp.GradScaler('cuda', args...)` instead.
  SCALER    = GradScaler(enabled=MIXED_PREC)
/Users/yashnilmohanty/Desktop/habs-forecast/pinn/pinn_model.py:46: FutureWarning: `torch.cuda.amp.GradScaler(args...)` is deprecated. Please use `torch.amp.GradScaler('cuda', args...)` instead.
  SCALER    = GradScaler(enabled=MIXED_PREC)
/Users/yashnilmohanty/Desktop/habs-forecast/pinn/pinn_model.py:46: FutureWarning: `torch.cuda.amp.GradScaler(args...)` is deprecated. Please use `torch.amp.GradScaler('cuda', args...)` instead.
  SCALER    = GradScaler(enabled=MIXED_PREC)
Using device: cpu
Using device: cpu
Using device: cpu
Using device: cpu
/Users/yashnilmohanty/Desktop/habs-forecast/pinn/pinn_model.py:46: FutureWarning: `torch.cuda.amp.GradScaler(args...)` is deprecated. Please use `torch.amp.GradScaler('cuda', args...)` instead.
  SCALER    = GradScaler(enabled=MIXED_PREC)
/Users/yashnilmohanty/Desktop/habs-forecast/pinn/pinn_model.py:46: FutureWarning: `torch.cuda.amp.GradScaler(args...)` is deprecated. Please use `torch.amp.GradScaler('cuda', args...)` instead.
  SCALER    = GradScaler(enabled=MIXED_PREC)
Using device: cpu
Using device: cpu
/Users/yashnilmohanty/Desktop/habs-forecast/pinn/pinn_model.py:46: FutureWarning: `torch.cuda.amp.GradScaler(args...)` is deprecated. Please use `torch.amp.GradScaler('cuda', args...)` instead.
  SCALER    = GradScaler(enabled=MIXED_PREC)
/Users/yashnilmohanty/Desktop/habs-forecast/pinn/pinn_model.py:46: FutureWarning: `torch.cuda.amp.GradScaler(args...)` is deprecated. Please use `torch.amp.GradScaler('cuda', args...)` instead.
  SCALER    = GradScaler(enabled=MIXED_PREC)
/Users/yashnilmohanty/Desktop/habs-forecast/pinn/pinn_model.py:46: FutureWarning: `torch.cuda.amp.GradScaler(args...)` is deprecated. Please use `torch.amp.GradScaler('cuda', args...)` instead.
  SCALER    = GradScaler(enabled=MIXED_PREC)
/Users/yashnilmohanty/Desktop/habs-forecast/pinn/pinn_model.py:46: FutureWarning: `torch.cuda.amp.GradScaler(args...)` is deprecated. Please use `torch.amp.GradScaler('cuda', args...)` instead.
  SCALER    = GradScaler(enabled=MIXED_PREC)
Using device: cpu
Using device: cpu
Using device: cpu
Using device: cpu
/Users/yashnilmohanty/Desktop/habs-forecast/pinn/pinn_model.py:46: FutureWarning: `torch.cuda.amp.GradScaler(args...)` is deprecated. Please use `torch.amp.GradScaler('cuda', args...)` instead.
  SCALER    = GradScaler(enabled=MIXED_PREC)
/Users/yashnilmohanty/Desktop/habs-forecast/pinn/pinn_model.py:46: FutureWarning: `torch.cuda.amp.GradScaler(args...)` is deprecated. Please use `torch.amp.GradScaler('cuda', args...)` instead.
  SCALER    = GradScaler(enabled=MIXED_PREC)
Using device: cpu
Using device: cpu
/Users/yashnilmohanty/Desktop/habs-forecast/pinn/pinn_model.py:46: FutureWarning: `torch.cuda.amp.GradScaler(args...)` is deprecated. Please use `torch.amp.GradScaler('cuda', args...)` instead.
  SCALER    = GradScaler(enabled=MIXED_PREC)
/Users/yashnilmohanty/Desktop/habs-forecast/pinn/pinn_model.py:46: FutureWarning: `torch.cuda.amp.GradScaler(args...)` is deprecated. Please use `torch.amp.GradScaler('cuda', args...)` instead.
  SCALER    = GradScaler(enabled=MIXED_PREC)
/Users/yashnilmohanty/Desktop/habs-forecast/pinn/pinn_model.py:46: FutureWarning: `torch.cuda.amp.GradScaler(args...)` is deprecated. Please use `torch.amp.GradScaler('cuda', args...)` instead.
  SCALER    = GradScaler(enabled=MIXED_PREC)
/Users/yashnilmohanty/Desktop/habs-forecast/pinn/pinn_model.py:46: FutureWarning: `torch.cuda.amp.GradScaler(args...)` is deprecated. Please use `torch.amp.GradScaler('cuda', args...)` instead.
  SCALER    = GradScaler(enabled=MIXED_PREC)
Using device: cpu
Using device: cpu
Using device: cpu
Using device: cpu
/Users/yashnilmohanty/Desktop/habs-forecast/pinn/pinn_model.py:46: FutureWarning: `torch.cuda.amp.GradScaler(args...)` is deprecated. Please use `torch.amp.GradScaler('cuda', args...)` instead.
  SCALER    = GradScaler(enabled=MIXED_PREC)
/Users/yashnilmohanty/Desktop/habs-forecast/pinn/pinn_model.py:46: FutureWarning: `torch.cuda.amp.GradScaler(args...)` is deprecated. Please use `torch.amp.GradScaler('cuda', args...)` instead.
  SCALER    = GradScaler(enabled=MIXED_PREC)
Using device: cpu
Using device: cpu
E05  val RMSE=0.7774  κ=50.00  λ=0.0000
/Users/yashnilmohanty/Desktop/habs-forecast/pinn/pinn_model.py:46: FutureWarning: `torch.cuda.amp.GradScaler(args...)` is deprecated. Please use `torch.amp.GradScaler('cuda', args...)` instead.
  SCALER    = GradScaler(enabled=MIXED_PREC)
/Users/yashnilmohanty/Desktop/habs-forecast/pinn/pinn_model.py:46: FutureWarning: `torch.cuda.amp.GradScaler(args...)` is deprecated. Please use `torch.amp.GradScaler('cuda', args...)` instead.
  SCALER    = GradScaler(enabled=MIXED_PREC)
/Users/yashnilmohanty/Desktop/habs-forecast/pinn/pinn_model.py:46: FutureWarning: `torch.cuda.amp.GradScaler(args...)` is deprecated. Please use `torch.amp.GradScaler('cuda', args...)` instead.
  SCALER    = GradScaler(enabled=MIXED_PREC)
/Users/yashnilmohanty/Desktop/habs-forecast/pinn/pinn_model.py:46: FutureWarning: `torch.cuda.amp.GradScaler(args...)` is deprecated. Please use `torch.amp.GradScaler('cuda', args...)` instead.
  SCALER    = GradScaler(enabled=MIXED_PREC)
Using device: cpu
Using device: cpu
Using device: cpu
Using device: cpu
/Users/yashnilmohanty/Desktop/habs-forecast/pinn/pinn_model.py:46: FutureWarning: `torch.cuda.amp.GradScaler(args...)` is deprecated. Please use `torch.amp.GradScaler('cuda', args...)` instead.
  SCALER    = GradScaler(enabled=MIXED_PREC)
/Users/yashnilmohanty/Desktop/habs-forecast/pinn/pinn_model.py:46: FutureWarning: `torch.cuda.amp.GradScaler(args...)` is deprecated. Please use `torch.amp.GradScaler('cuda', args...)` instead.
  SCALER    = GradScaler(enabled=MIXED_PREC)
Using device: cpu
Using device: cpu
/Users/yashnilmohanty/Desktop/habs-forecast/pinn/pinn_model.py:46: FutureWarning: `torch.cuda.amp.GradScaler(args...)` is deprecated. Please use `torch.amp.GradScaler('cuda', args...)` instead.
  SCALER    = GradScaler(enabled=MIXED_PREC)
/Users/yashnilmohanty/Desktop/habs-forecast/pinn/pinn_model.py:46: FutureWarning: `torch.cuda.amp.GradScaler(args...)` is deprecated. Please use `torch.amp.GradScaler('cuda', args...)` instead.
  SCALER    = GradScaler(enabled=MIXED_PREC)
/Users/yashnilmohanty/Desktop/habs-forecast/pinn/pinn_model.py:46: FutureWarning: `torch.cuda.amp.GradScaler(args...)` is deprecated. Please use `torch.amp.GradScaler('cuda', args...)` instead.
  SCALER    = GradScaler(enabled=MIXED_PREC)
/Users/yashnilmohanty/Desktop/habs-forecast/pinn/pinn_model.py:46: FutureWarning: `torch.cuda.amp.GradScaler(args...)` is deprecated. Please use `torch.amp.GradScaler('cuda', args...)` instead.
  SCALER    = GradScaler(enabled=MIXED_PREC)
Using device: cpu
Using device: cpu
Using device: cpu
Using device: cpu
/Users/yashnilmohanty/Desktop/habs-forecast/pinn/pinn_model.py:46: FutureWarning: `torch.cuda.amp.GradScaler(args...)` is deprecated. Please use `torch.amp.GradScaler('cuda', args...)` instead.
  SCALER    = GradScaler(enabled=MIXED_PREC)
/Users/yashnilmohanty/Desktop/habs-forecast/pinn/pinn_model.py:46: FutureWarning: `torch.cuda.amp.GradScaler(args...)` is deprecated. Please use `torch.amp.GradScaler('cuda', args...)` instead.
  SCALER    = GradScaler(enabled=MIXED_PREC)
Using device: cpu
Using device: cpu
/Users/yashnilmohanty/Desktop/habs-forecast/pinn/pinn_model.py:46: FutureWarning: `torch.cuda.amp.GradScaler(args...)` is deprecated. Please use `torch.amp.GradScaler('cuda', args...)` instead.
  SCALER    = GradScaler(enabled=MIXED_PREC)
/Users/yashnilmohanty/Desktop/habs-forecast/pinn/pinn_model.py:46: FutureWarning: `torch.cuda.amp.GradScaler(args...)` is deprecated. Please use `torch.amp.GradScaler('cuda', args...)` instead.
  SCALER    = GradScaler(enabled=MIXED_PREC)
/Users/yashnilmohanty/Desktop/habs-forecast/pinn/pinn_model.py:46: FutureWarning: `torch.cuda.amp.GradScaler(args...)` is deprecated. Please use `torch.amp.GradScaler('cuda', args...)` instead.
  SCALER    = GradScaler(enabled=MIXED_PREC)
/Users/yashnilmohanty/Desktop/habs-forecast/pinn/pinn_model.py:46: FutureWarning: `torch.cuda.amp.GradScaler(args...)` is deprecated. Please use `torch.amp.GradScaler('cuda', args...)` instead.
  SCALER    = GradScaler(enabled=MIXED_PREC)
Using device: cpu
Using device: cpu
Using device: cpu
Using device: cpu
/Users/yashnilmohanty/Desktop/habs-forecast/pinn/pinn_model.py:46: FutureWarning: `torch.cuda.amp.GradScaler(args...)` is deprecated. Please use `torch.amp.GradScaler('cuda', args...)` instead.
  SCALER    = GradScaler(enabled=MIXED_PREC)
/Users/yashnilmohanty/Desktop/habs-forecast/pinn/pinn_model.py:46: FutureWarning: `torch.cuda.amp.GradScaler(args...)` is deprecated. Please use `torch.amp.GradScaler('cuda', args...)` instead.
  SCALER    = GradScaler(enabled=MIXED_PREC)
Using device: cpu
Using device: cpu
/Users/yashnilmohanty/Desktop/habs-forecast/pinn/pinn_model.py:46: FutureWarning: `torch.cuda.amp.GradScaler(args...)` is deprecated. Please use `torch.amp.GradScaler('cuda', args...)` instead.
  SCALER    = GradScaler(enabled=MIXED_PREC)
/Users/yashnilmohanty/Desktop/habs-forecast/pinn/pinn_model.py:46: FutureWarning: `torch.cuda.amp.GradScaler(args...)` is deprecated. Please use `torch.amp.GradScaler('cuda', args...)` instead.
  SCALER    = GradScaler(enabled=MIXED_PREC)
/Users/yashnilmohanty/Desktop/habs-forecast/pinn/pinn_model.py:46: FutureWarning: `torch.cuda.amp.GradScaler(args...)` is deprecated. Please use `torch.amp.GradScaler('cuda', args...)` instead.
  SCALER    = GradScaler(enabled=MIXED_PREC)
/Users/yashnilmohanty/Desktop/habs-forecast/pinn/pinn_model.py:46: FutureWarning: `torch.cuda.amp.GradScaler(args...)` is deprecated. Please use `torch.amp.GradScaler('cuda', args...)` instead.
  SCALER    = GradScaler(enabled=MIXED_PREC)
Using device: cpu
Using device: cpu
Using device: cpu
Using device: cpu
/Users/yashnilmohanty/Desktop/habs-forecast/pinn/pinn_model.py:46: FutureWarning: `torch.cuda.amp.GradScaler(args...)` is deprecated. Please use `torch.amp.GradScaler('cuda', args...)` instead.
  SCALER    = GradScaler(enabled=MIXED_PREC)
/Users/yashnilmohanty/Desktop/habs-forecast/pinn/pinn_model.py:46: FutureWarning: `torch.cuda.amp.GradScaler(args...)` is deprecated. Please use `torch.amp.GradScaler('cuda', args...)` instead.
  SCALER    = GradScaler(enabled=MIXED_PREC)
Using device: cpu
Using device: cpu
/Users/yashnilmohanty/Desktop/habs-forecast/pinn/pinn_model.py:46: FutureWarning: `torch.cuda.amp.GradScaler(args...)` is deprecated. Please use `torch.amp.GradScaler('cuda', args...)` instead.
  SCALER    = GradScaler(enabled=MIXED_PREC)
/Users/yashnilmohanty/Desktop/habs-forecast/pinn/pinn_model.py:46: FutureWarning: `torch.cuda.amp.GradScaler(args...)` is deprecated. Please use `torch.amp.GradScaler('cuda', args...)` instead.
  SCALER    = GradScaler(enabled=MIXED_PREC)
/Users/yashnilmohanty/Desktop/habs-forecast/pinn/pinn_model.py:46: FutureWarning: `torch.cuda.amp.GradScaler(args...)` is deprecated. Please use `torch.amp.GradScaler('cuda', args...)` instead.
  SCALER    = GradScaler(enabled=MIXED_PREC)
/Users/yashnilmohanty/Desktop/habs-forecast/pinn/pinn_model.py:46: FutureWarning: `torch.cuda.amp.GradScaler(args...)` is deprecated. Please use `torch.amp.GradScaler('cuda', args...)` instead.
  SCALER    = GradScaler(enabled=MIXED_PREC)
Using device: cpu
Using device: cpu
Using device: cpu
Using device: cpu
/Users/yashnilmohanty/Desktop/habs-forecast/pinn/pinn_model.py:46: FutureWarning: `torch.cuda.amp.GradScaler(args...)` is deprecated. Please use `torch.amp.GradScaler('cuda', args...)` instead.
  SCALER    = GradScaler(enabled=MIXED_PREC)
/Users/yashnilmohanty/Desktop/habs-forecast/pinn/pinn_model.py:46: FutureWarning: `torch.cuda.amp.GradScaler(args...)` is deprecated. Please use `torch.amp.GradScaler('cuda', args...)` instead.
  SCALER    = GradScaler(enabled=MIXED_PREC)
Using device: cpu
Using device: cpu
E10  val RMSE=0.7696  κ=50.00  λ=0.0000
/Users/yashnilmohanty/Desktop/habs-forecast/pinn/pinn_model.py:46: FutureWarning: `torch.cuda.amp.GradScaler(args...)` is deprecated. Please use `torch.amp.GradScaler('cuda', args...)` instead.
  SCALER    = GradScaler(enabled=MIXED_PREC)
/Users/yashnilmohanty/Desktop/habs-forecast/pinn/pinn_model.py:46: FutureWarning: `torch.cuda.amp.GradScaler(args...)` is deprecated. Please use `torch.amp.GradScaler('cuda', args...)` instead.
  SCALER    = GradScaler(enabled=MIXED_PREC)
/Users/yashnilmohanty/Desktop/habs-forecast/pinn/pinn_model.py:46: FutureWarning: `torch.cuda.amp.GradScaler(args...)` is deprecated. Please use `torch.amp.GradScaler('cuda', args...)` instead.
  SCALER    = GradScaler(enabled=MIXED_PREC)
/Users/yashnilmohanty/Desktop/habs-forecast/pinn/pinn_model.py:46: FutureWarning: `torch.cuda.amp.GradScaler(args...)` is deprecated. Please use `torch.amp.GradScaler('cuda', args...)` instead.
  SCALER    = GradScaler(enabled=MIXED_PREC)
Using device: cpu
Using device: cpu
Using device: cpu
Using device: cpu
/Users/yashnilmohanty/Desktop/habs-forecast/pinn/pinn_model.py:46: FutureWarning: `torch.cuda.amp.GradScaler(args...)` is deprecated. Please use `torch.amp.GradScaler('cuda', args...)` instead.
  SCALER    = GradScaler(enabled=MIXED_PREC)
/Users/yashnilmohanty/Desktop/habs-forecast/pinn/pinn_model.py:46: FutureWarning: `torch.cuda.amp.GradScaler(args...)` is deprecated. Please use `torch.amp.GradScaler('cuda', args...)` instead.
  SCALER    = GradScaler(enabled=MIXED_PREC)
Using device: cpu
Using device: cpu
/Users/yashnilmohanty/Desktop/habs-forecast/pinn/pinn_model.py:46: FutureWarning: `torch.cuda.amp.GradScaler(args...)` is deprecated. Please use `torch.amp.GradScaler('cuda', args...)` instead.
  SCALER    = GradScaler(enabled=MIXED_PREC)
/Users/yashnilmohanty/Desktop/habs-forecast/pinn/pinn_model.py:46: FutureWarning: `torch.cuda.amp.GradScaler(args...)` is deprecated. Please use `torch.amp.GradScaler('cuda', args...)` instead.
  SCALER    = GradScaler(enabled=MIXED_PREC)
/Users/yashnilmohanty/Desktop/habs-forecast/pinn/pinn_model.py:46: FutureWarning: `torch.cuda.amp.GradScaler(args...)` is deprecated. Please use `torch.amp.GradScaler('cuda', args...)` instead.
  SCALER    = GradScaler(enabled=MIXED_PREC)
/Users/yashnilmohanty/Desktop/habs-forecast/pinn/pinn_model.py:46: FutureWarning: `torch.cuda.amp.GradScaler(args...)` is deprecated. Please use `torch.amp.GradScaler('cuda', args...)` instead.
  SCALER    = GradScaler(enabled=MIXED_PREC)
Using device: cpu
Using device: cpu
Using device: cpu
Using device: cpu
/Users/yashnilmohanty/Desktop/habs-forecast/pinn/pinn_model.py:46: FutureWarning: `torch.cuda.amp.GradScaler(args...)` is deprecated. Please use `torch.amp.GradScaler('cuda', args...)` instead.
  SCALER    = GradScaler(enabled=MIXED_PREC)
/Users/yashnilmohanty/Desktop/habs-forecast/pinn/pinn_model.py:46: FutureWarning: `torch.cuda.amp.GradScaler(args...)` is deprecated. Please use `torch.amp.GradScaler('cuda', args...)` instead.
  SCALER    = GradScaler(enabled=MIXED_PREC)
Using device: cpu
Using device: cpu
/Users/yashnilmohanty/Desktop/habs-forecast/pinn/pinn_model.py:46: FutureWarning: `torch.cuda.amp.GradScaler(args...)` is deprecated. Please use `torch.amp.GradScaler('cuda', args...)` instead.
  SCALER    = GradScaler(enabled=MIXED_PREC)
/Users/yashnilmohanty/Desktop/habs-forecast/pinn/pinn_model.py:46: FutureWarning: `torch.cuda.amp.GradScaler(args...)` is deprecated. Please use `torch.amp.GradScaler('cuda', args...)` instead.
  SCALER    = GradScaler(enabled=MIXED_PREC)
/Users/yashnilmohanty/Desktop/habs-forecast/pinn/pinn_model.py:46: FutureWarning: `torch.cuda.amp.GradScaler(args...)` is deprecated. Please use `torch.amp.GradScaler('cuda', args...)` instead.
  SCALER    = GradScaler(enabled=MIXED_PREC)
/Users/yashnilmohanty/Desktop/habs-forecast/pinn/pinn_model.py:46: FutureWarning: `torch.cuda.amp.GradScaler(args...)` is deprecated. Please use `torch.amp.GradScaler('cuda', args...)` instead.
  SCALER    = GradScaler(enabled=MIXED_PREC)
Using device: cpu
Using device: cpu
Using device: cpu
Using device: cpu
/Users/yashnilmohanty/Desktop/habs-forecast/pinn/pinn_model.py:46: FutureWarning: `torch.cuda.amp.GradScaler(args...)` is deprecated. Please use `torch.amp.GradScaler('cuda', args...)` instead.
  SCALER    = GradScaler(enabled=MIXED_PREC)
/Users/yashnilmohanty/Desktop/habs-forecast/pinn/pinn_model.py:46: FutureWarning: `torch.cuda.amp.GradScaler(args...)` is deprecated. Please use `torch.amp.GradScaler('cuda', args...)` instead.
  SCALER    = GradScaler(enabled=MIXED_PREC)
Using device: cpu
Using device: cpu
/Users/yashnilmohanty/Desktop/habs-forecast/pinn/pinn_model.py:46: FutureWarning: `torch.cuda.amp.GradScaler(args...)` is deprecated. Please use `torch.amp.GradScaler('cuda', args...)` instead.
  SCALER    = GradScaler(enabled=MIXED_PREC)
/Users/yashnilmohanty/Desktop/habs-forecast/pinn/pinn_model.py:46: FutureWarning: `torch.cuda.amp.GradScaler(args...)` is deprecated. Please use `torch.amp.GradScaler('cuda', args...)` instead.
  SCALER    = GradScaler(enabled=MIXED_PREC)
/Users/yashnilmohanty/Desktop/habs-forecast/pinn/pinn_model.py:46: FutureWarning: `torch.cuda.amp.GradScaler(args...)` is deprecated. Please use `torch.amp.GradScaler('cuda', args...)` instead.
  SCALER    = GradScaler(enabled=MIXED_PREC)
/Users/yashnilmohanty/Desktop/habs-forecast/pinn/pinn_model.py:46: FutureWarning: `torch.cuda.amp.GradScaler(args...)` is deprecated. Please use `torch.amp.GradScaler('cuda', args...)` instead.
  SCALER    = GradScaler(enabled=MIXED_PREC)
Using device: cpu
Using device: cpu
Using device: cpu
Using device: cpu
/Users/yashnilmohanty/Desktop/habs-forecast/pinn/pinn_model.py:46: FutureWarning: `torch.cuda.amp.GradScaler(args...)` is deprecated. Please use `torch.amp.GradScaler('cuda', args...)` instead.
  SCALER    = GradScaler(enabled=MIXED_PREC)
/Users/yashnilmohanty/Desktop/habs-forecast/pinn/pinn_model.py:46: FutureWarning: `torch.cuda.amp.GradScaler(args...)` is deprecated. Please use `torch.amp.GradScaler('cuda', args...)` instead.
  SCALER    = GradScaler(enabled=MIXED_PREC)
Using device: cpu
Using device: cpu
/Users/yashnilmohanty/Desktop/habs-forecast/pinn/pinn_model.py:46: FutureWarning: `torch.cuda.amp.GradScaler(args...)` is deprecated. Please use `torch.amp.GradScaler('cuda', args...)` instead.
  SCALER    = GradScaler(enabled=MIXED_PREC)
/Users/yashnilmohanty/Desktop/habs-forecast/pinn/pinn_model.py:46: FutureWarning: `torch.cuda.amp.GradScaler(args...)` is deprecated. Please use `torch.amp.GradScaler('cuda', args...)` instead.
  SCALER    = GradScaler(enabled=MIXED_PREC)
/Users/yashnilmohanty/Desktop/habs-forecast/pinn/pinn_model.py:46: FutureWarning: `torch.cuda.amp.GradScaler(args...)` is deprecated. Please use `torch.amp.GradScaler('cuda', args...)` instead.
  SCALER    = GradScaler(enabled=MIXED_PREC)
/Users/yashnilmohanty/Desktop/habs-forecast/pinn/pinn_model.py:46: FutureWarning: `torch.cuda.amp.GradScaler(args...)` is deprecated. Please use `torch.amp.GradScaler('cuda', args...)` instead.
  SCALER    = GradScaler(enabled=MIXED_PREC)
Using device: cpu
Using device: cpu
Using device: cpu
Using device: cpu
/Users/yashnilmohanty/Desktop/habs-forecast/pinn/pinn_model.py:46: FutureWarning: `torch.cuda.amp.GradScaler(args...)` is deprecated. Please use `torch.amp.GradScaler('cuda', args...)` instead.
  SCALER    = GradScaler(enabled=MIXED_PREC)
/Users/yashnilmohanty/Desktop/habs-forecast/pinn/pinn_model.py:46: FutureWarning: `torch.cuda.amp.GradScaler(args...)` is deprecated. Please use `torch.amp.GradScaler('cuda', args...)` instead.
  SCALER    = GradScaler(enabled=MIXED_PREC)
Using device: cpu
Using device: cpu
E15  val RMSE=0.7231  κ=50.00  λ=5.0000
/Users/yashnilmohanty/Desktop/habs-forecast/pinn/pinn_model.py:46: FutureWarning: `torch.cuda.amp.GradScaler(args...)` is deprecated. Please use `torch.amp.GradScaler('cuda', args...)` instead.
  SCALER    = GradScaler(enabled=MIXED_PREC)
/Users/yashnilmohanty/Desktop/habs-forecast/pinn/pinn_model.py:46: FutureWarning: `torch.cuda.amp.GradScaler(args...)` is deprecated. Please use `torch.amp.GradScaler('cuda', args...)` instead.
  SCALER    = GradScaler(enabled=MIXED_PREC)
/Users/yashnilmohanty/Desktop/habs-forecast/pinn/pinn_model.py:46: FutureWarning: `torch.cuda.amp.GradScaler(args...)` is deprecated. Please use `torch.amp.GradScaler('cuda', args...)` instead.
  SCALER    = GradScaler(enabled=MIXED_PREC)
/Users/yashnilmohanty/Desktop/habs-forecast/pinn/pinn_model.py:46: FutureWarning: `torch.cuda.amp.GradScaler(args...)` is deprecated. Please use `torch.amp.GradScaler('cuda', args...)` instead.
  SCALER    = GradScaler(enabled=MIXED_PREC)
Using device: cpu
Using device: cpu
Using device: cpu
Using device: cpu
/Users/yashnilmohanty/Desktop/habs-forecast/pinn/pinn_model.py:46: FutureWarning: `torch.cuda.amp.GradScaler(args...)` is deprecated. Please use `torch.amp.GradScaler('cuda', args...)` instead.
  SCALER    = GradScaler(enabled=MIXED_PREC)
/Users/yashnilmohanty/Desktop/habs-forecast/pinn/pinn_model.py:46: FutureWarning: `torch.cuda.amp.GradScaler(args...)` is deprecated. Please use `torch.amp.GradScaler('cuda', args...)` instead.
  SCALER    = GradScaler(enabled=MIXED_PREC)
Using device: cpu
Using device: cpu
/Users/yashnilmohanty/Desktop/habs-forecast/pinn/pinn_model.py:46: FutureWarning: `torch.cuda.amp.GradScaler(args...)` is deprecated. Please use `torch.amp.GradScaler('cuda', args...)` instead.
  SCALER    = GradScaler(enabled=MIXED_PREC)
/Users/yashnilmohanty/Desktop/habs-forecast/pinn/pinn_model.py:46: FutureWarning: `torch.cuda.amp.GradScaler(args...)` is deprecated. Please use `torch.amp.GradScaler('cuda', args...)` instead.
  SCALER    = GradScaler(enabled=MIXED_PREC)
/Users/yashnilmohanty/Desktop/habs-forecast/pinn/pinn_model.py:46: FutureWarning: `torch.cuda.amp.GradScaler(args...)` is deprecated. Please use `torch.amp.GradScaler('cuda', args...)` instead.
  SCALER    = GradScaler(enabled=MIXED_PREC)
/Users/yashnilmohanty/Desktop/habs-forecast/pinn/pinn_model.py:46: FutureWarning: `torch.cuda.amp.GradScaler(args...)` is deprecated. Please use `torch.amp.GradScaler('cuda', args...)` instead.
  SCALER    = GradScaler(enabled=MIXED_PREC)
Using device: cpu
Using device: cpu
Using device: cpu
Using device: cpu
/Users/yashnilmohanty/Desktop/habs-forecast/pinn/pinn_model.py:46: FutureWarning: `torch.cuda.amp.GradScaler(args...)` is deprecated. Please use `torch.amp.GradScaler('cuda', args...)` instead.
  SCALER    = GradScaler(enabled=MIXED_PREC)
/Users/yashnilmohanty/Desktop/habs-forecast/pinn/pinn_model.py:46: FutureWarning: `torch.cuda.amp.GradScaler(args...)` is deprecated. Please use `torch.amp.GradScaler('cuda', args...)` instead.
  SCALER    = GradScaler(enabled=MIXED_PREC)
Using device: cpu
Using device: cpu
/Users/yashnilmohanty/Desktop/habs-forecast/pinn/pinn_model.py:46: FutureWarning: `torch.cuda.amp.GradScaler(args...)` is deprecated. Please use `torch.amp.GradScaler('cuda', args...)` instead.
  SCALER    = GradScaler(enabled=MIXED_PREC)
/Users/yashnilmohanty/Desktop/habs-forecast/pinn/pinn_model.py:46: FutureWarning: `torch.cuda.amp.GradScaler(args...)` is deprecated. Please use `torch.amp.GradScaler('cuda', args...)` instead.
  SCALER    = GradScaler(enabled=MIXED_PREC)
/Users/yashnilmohanty/Desktop/habs-forecast/pinn/pinn_model.py:46: FutureWarning: `torch.cuda.amp.GradScaler(args...)` is deprecated. Please use `torch.amp.GradScaler('cuda', args...)` instead.
  SCALER    = GradScaler(enabled=MIXED_PREC)
/Users/yashnilmohanty/Desktop/habs-forecast/pinn/pinn_model.py:46: FutureWarning: `torch.cuda.amp.GradScaler(args...)` is deprecated. Please use `torch.amp.GradScaler('cuda', args...)` instead.
  SCALER    = GradScaler(enabled=MIXED_PREC)
Using device: cpu
Using device: cpu
Using device: cpu
Using device: cpu
/Users/yashnilmohanty/Desktop/habs-forecast/pinn/pinn_model.py:46: FutureWarning: `torch.cuda.amp.GradScaler(args...)` is deprecated. Please use `torch.amp.GradScaler('cuda', args...)` instead.
  SCALER    = GradScaler(enabled=MIXED_PREC)
/Users/yashnilmohanty/Desktop/habs-forecast/pinn/pinn_model.py:46: FutureWarning: `torch.cuda.amp.GradScaler(args...)` is deprecated. Please use `torch.amp.GradScaler('cuda', args...)` instead.
  SCALER    = GradScaler(enabled=MIXED_PREC)
Using device: cpu
Using device: cpu
/Users/yashnilmohanty/Desktop/habs-forecast/pinn/pinn_model.py:46: FutureWarning: `torch.cuda.amp.GradScaler(args...)` is deprecated. Please use `torch.amp.GradScaler('cuda', args...)` instead.
  SCALER    = GradScaler(enabled=MIXED_PREC)
/Users/yashnilmohanty/Desktop/habs-forecast/pinn/pinn_model.py:46: FutureWarning: `torch.cuda.amp.GradScaler(args...)` is deprecated. Please use `torch.amp.GradScaler('cuda', args...)` instead.
  SCALER    = GradScaler(enabled=MIXED_PREC)
/Users/yashnilmohanty/Desktop/habs-forecast/pinn/pinn_model.py:46: FutureWarning: `torch.cuda.amp.GradScaler(args...)` is deprecated. Please use `torch.amp.GradScaler('cuda', args...)` instead.
  SCALER    = GradScaler(enabled=MIXED_PREC)
/Users/yashnilmohanty/Desktop/habs-forecast/pinn/pinn_model.py:46: FutureWarning: `torch.cuda.amp.GradScaler(args...)` is deprecated. Please use `torch.amp.GradScaler('cuda', args...)` instead.
  SCALER    = GradScaler(enabled=MIXED_PREC)
Using device: cpu
Using device: cpu
Using device: cpu
Using device: cpu
/Users/yashnilmohanty/Desktop/habs-forecast/pinn/pinn_model.py:46: FutureWarning: `torch.cuda.amp.GradScaler(args...)` is deprecated. Please use `torch.amp.GradScaler('cuda', args...)` instead.
  SCALER    = GradScaler(enabled=MIXED_PREC)
/Users/yashnilmohanty/Desktop/habs-forecast/pinn/pinn_model.py:46: FutureWarning: `torch.cuda.amp.GradScaler(args...)` is deprecated. Please use `torch.amp.GradScaler('cuda', args...)` instead.
  SCALER    = GradScaler(enabled=MIXED_PREC)
Using device: cpu
Using device: cpu
/Users/yashnilmohanty/Desktop/habs-forecast/pinn/pinn_model.py:46: FutureWarning: `torch.cuda.amp.GradScaler(args...)` is deprecated. Please use `torch.amp.GradScaler('cuda', args...)` instead.
  SCALER    = GradScaler(enabled=MIXED_PREC)
/Users/yashnilmohanty/Desktop/habs-forecast/pinn/pinn_model.py:46: FutureWarning: `torch.cuda.amp.GradScaler(args...)` is deprecated. Please use `torch.amp.GradScaler('cuda', args...)` instead.
  SCALER    = GradScaler(enabled=MIXED_PREC)
/Users/yashnilmohanty/Desktop/habs-forecast/pinn/pinn_model.py:46: FutureWarning: `torch.cuda.amp.GradScaler(args...)` is deprecated. Please use `torch.amp.GradScaler('cuda', args...)` instead.
  SCALER    = GradScaler(enabled=MIXED_PREC)
/Users/yashnilmohanty/Desktop/habs-forecast/pinn/pinn_model.py:46: FutureWarning: `torch.cuda.amp.GradScaler(args...)` is deprecated. Please use `torch.amp.GradScaler('cuda', args...)` instead.
  SCALER    = GradScaler(enabled=MIXED_PREC)
Using device: cpu
Using device: cpu
Using device: cpu
Using device: cpu
/Users/yashnilmohanty/Desktop/habs-forecast/pinn/pinn_model.py:46: FutureWarning: `torch.cuda.amp.GradScaler(args...)` is deprecated. Please use `torch.amp.GradScaler('cuda', args...)` instead.
  SCALER    = GradScaler(enabled=MIXED_PREC)
/Users/yashnilmohanty/Desktop/habs-forecast/pinn/pinn_model.py:46: FutureWarning: `torch.cuda.amp.GradScaler(args...)` is deprecated. Please use `torch.amp.GradScaler('cuda', args...)` instead.
  SCALER    = GradScaler(enabled=MIXED_PREC)
Using device: cpu
Using device: cpu
E20  val RMSE=0.7301  κ=50.00  λ=5.0000
/Users/yashnilmohanty/Desktop/habs-forecast/pinn/pinn_model.py:46: FutureWarning: `torch.cuda.amp.GradScaler(args...)` is deprecated. Please use `torch.amp.GradScaler('cuda', args...)` instead.
  SCALER    = GradScaler(enabled=MIXED_PREC)
/Users/yashnilmohanty/Desktop/habs-forecast/pinn/pinn_model.py:46: FutureWarning: `torch.cuda.amp.GradScaler(args...)` is deprecated. Please use `torch.amp.GradScaler('cuda', args...)` instead.
  SCALER    = GradScaler(enabled=MIXED_PREC)
/Users/yashnilmohanty/Desktop/habs-forecast/pinn/pinn_model.py:46: FutureWarning: `torch.cuda.amp.GradScaler(args...)` is deprecated. Please use `torch.amp.GradScaler('cuda', args...)` instead.
  SCALER    = GradScaler(enabled=MIXED_PREC)
/Users/yashnilmohanty/Desktop/habs-forecast/pinn/pinn_model.py:46: FutureWarning: `torch.cuda.amp.GradScaler(args...)` is deprecated. Please use `torch.amp.GradScaler('cuda', args...)` instead.
  SCALER    = GradScaler(enabled=MIXED_PREC)
Using device: cpu
Using device: cpu
Using device: cpu
Using device: cpu
/Users/yashnilmohanty/Desktop/habs-forecast/pinn/pinn_model.py:46: FutureWarning: `torch.cuda.amp.GradScaler(args...)` is deprecated. Please use `torch.amp.GradScaler('cuda', args...)` instead.
  SCALER    = GradScaler(enabled=MIXED_PREC)
/Users/yashnilmohanty/Desktop/habs-forecast/pinn/pinn_model.py:46: FutureWarning: `torch.cuda.amp.GradScaler(args...)` is deprecated. Please use `torch.amp.GradScaler('cuda', args...)` instead.
  SCALER    = GradScaler(enabled=MIXED_PREC)
Using device: cpu
Using device: cpu
/Users/yashnilmohanty/Desktop/habs-forecast/pinn/pinn_model.py:46: FutureWarning: `torch.cuda.amp.GradScaler(args...)` is deprecated. Please use `torch.amp.GradScaler('cuda', args...)` instead.
  SCALER    = GradScaler(enabled=MIXED_PREC)
/Users/yashnilmohanty/Desktop/habs-forecast/pinn/pinn_model.py:46: FutureWarning: `torch.cuda.amp.GradScaler(args...)` is deprecated. Please use `torch.amp.GradScaler('cuda', args...)` instead.
  SCALER    = GradScaler(enabled=MIXED_PREC)
/Users/yashnilmohanty/Desktop/habs-forecast/pinn/pinn_model.py:46: FutureWarning: `torch.cuda.amp.GradScaler(args...)` is deprecated. Please use `torch.amp.GradScaler('cuda', args...)` instead.
  SCALER    = GradScaler(enabled=MIXED_PREC)
/Users/yashnilmohanty/Desktop/habs-forecast/pinn/pinn_model.py:46: FutureWarning: `torch.cuda.amp.GradScaler(args...)` is deprecated. Please use `torch.amp.GradScaler('cuda', args...)` instead.
  SCALER    = GradScaler(enabled=MIXED_PREC)
Using device: cpu
Using device: cpu
Using device: cpu
Using device: cpu
/Users/yashnilmohanty/Desktop/habs-forecast/pinn/pinn_model.py:46: FutureWarning: `torch.cuda.amp.GradScaler(args...)` is deprecated. Please use `torch.amp.GradScaler('cuda', args...)` instead.
  SCALER    = GradScaler(enabled=MIXED_PREC)
/Users/yashnilmohanty/Desktop/habs-forecast/pinn/pinn_model.py:46: FutureWarning: `torch.cuda.amp.GradScaler(args...)` is deprecated. Please use `torch.amp.GradScaler('cuda', args...)` instead.
  SCALER    = GradScaler(enabled=MIXED_PREC)
Using device: cpu
Using device: cpu
/Users/yashnilmohanty/Desktop/habs-forecast/pinn/pinn_model.py:46: FutureWarning: `torch.cuda.amp.GradScaler(args...)` is deprecated. Please use `torch.amp.GradScaler('cuda', args...)` instead.
  SCALER    = GradScaler(enabled=MIXED_PREC)
/Users/yashnilmohanty/Desktop/habs-forecast/pinn/pinn_model.py:46: FutureWarning: `torch.cuda.amp.GradScaler(args...)` is deprecated. Please use `torch.amp.GradScaler('cuda', args...)` instead.
  SCALER    = GradScaler(enabled=MIXED_PREC)
/Users/yashnilmohanty/Desktop/habs-forecast/pinn/pinn_model.py:46: FutureWarning: `torch.cuda.amp.GradScaler(args...)` is deprecated. Please use `torch.amp.GradScaler('cuda', args...)` instead.
  SCALER    = GradScaler(enabled=MIXED_PREC)
/Users/yashnilmohanty/Desktop/habs-forecast/pinn/pinn_model.py:46: FutureWarning: `torch.cuda.amp.GradScaler(args...)` is deprecated. Please use `torch.amp.GradScaler('cuda', args...)` instead.
  SCALER    = GradScaler(enabled=MIXED_PREC)
Using device: cpu
Using device: cpu
Using device: cpu
Using device: cpu
/Users/yashnilmohanty/Desktop/habs-forecast/pinn/pinn_model.py:46: FutureWarning: `torch.cuda.amp.GradScaler(args...)` is deprecated. Please use `torch.amp.GradScaler('cuda', args...)` instead.
  SCALER    = GradScaler(enabled=MIXED_PREC)
/Users/yashnilmohanty/Desktop/habs-forecast/pinn/pinn_model.py:46: FutureWarning: `torch.cuda.amp.GradScaler(args...)` is deprecated. Please use `torch.amp.GradScaler('cuda', args...)` instead.
  SCALER    = GradScaler(enabled=MIXED_PREC)
Using device: cpu
Using device: cpu
/Users/yashnilmohanty/Desktop/habs-forecast/pinn/pinn_model.py:46: FutureWarning: `torch.cuda.amp.GradScaler(args...)` is deprecated. Please use `torch.amp.GradScaler('cuda', args...)` instead.
  SCALER    = GradScaler(enabled=MIXED_PREC)
/Users/yashnilmohanty/Desktop/habs-forecast/pinn/pinn_model.py:46: FutureWarning: `torch.cuda.amp.GradScaler(args...)` is deprecated. Please use `torch.amp.GradScaler('cuda', args...)` instead.
  SCALER    = GradScaler(enabled=MIXED_PREC)
/Users/yashnilmohanty/Desktop/habs-forecast/pinn/pinn_model.py:46: FutureWarning: `torch.cuda.amp.GradScaler(args...)` is deprecated. Please use `torch.amp.GradScaler('cuda', args...)` instead.
  SCALER    = GradScaler(enabled=MIXED_PREC)
/Users/yashnilmohanty/Desktop/habs-forecast/pinn/pinn_model.py:46: FutureWarning: `torch.cuda.amp.GradScaler(args...)` is deprecated. Please use `torch.amp.GradScaler('cuda', args...)` instead.
  SCALER    = GradScaler(enabled=MIXED_PREC)
Using device: cpu
Using device: cpu
Using device: cpu
Using device: cpu
/Users/yashnilmohanty/Desktop/habs-forecast/pinn/pinn_model.py:46: FutureWarning: `torch.cuda.amp.GradScaler(args...)` is deprecated. Please use `torch.amp.GradScaler('cuda', args...)` instead.
  SCALER    = GradScaler(enabled=MIXED_PREC)
/Users/yashnilmohanty/Desktop/habs-forecast/pinn/pinn_model.py:46: FutureWarning: `torch.cuda.amp.GradScaler(args...)` is deprecated. Please use `torch.amp.GradScaler('cuda', args...)` instead.
  SCALER    = GradScaler(enabled=MIXED_PREC)
Using device: cpu
Using device: cpu
/Users/yashnilmohanty/Desktop/habs-forecast/pinn/pinn_model.py:46: FutureWarning: `torch.cuda.amp.GradScaler(args...)` is deprecated. Please use `torch.amp.GradScaler('cuda', args...)` instead.
  SCALER    = GradScaler(enabled=MIXED_PREC)
/Users/yashnilmohanty/Desktop/habs-forecast/pinn/pinn_model.py:46: FutureWarning: `torch.cuda.amp.GradScaler(args...)` is deprecated. Please use `torch.amp.GradScaler('cuda', args...)` instead.
  SCALER    = GradScaler(enabled=MIXED_PREC)
/Users/yashnilmohanty/Desktop/habs-forecast/pinn/pinn_model.py:46: FutureWarning: `torch.cuda.amp.GradScaler(args...)` is deprecated. Please use `torch.amp.GradScaler('cuda', args...)` instead.
  SCALER    = GradScaler(enabled=MIXED_PREC)
/Users/yashnilmohanty/Desktop/habs-forecast/pinn/pinn_model.py:46: FutureWarning: `torch.cuda.amp.GradScaler(args...)` is deprecated. Please use `torch.amp.GradScaler('cuda', args...)` instead.
  SCALER    = GradScaler(enabled=MIXED_PREC)
Using device: cpu
Using device: cpu
Using device: cpu
Using device: cpu
/Users/yashnilmohanty/Desktop/habs-forecast/pinn/pinn_model.py:46: FutureWarning: `torch.cuda.amp.GradScaler(args...)` is deprecated. Please use `torch.amp.GradScaler('cuda', args...)` instead.
  SCALER    = GradScaler(enabled=MIXED_PREC)
/Users/yashnilmohanty/Desktop/habs-forecast/pinn/pinn_model.py:46: FutureWarning: `torch.cuda.amp.GradScaler(args...)` is deprecated. Please use `torch.amp.GradScaler('cuda', args...)` instead.
  SCALER    = GradScaler(enabled=MIXED_PREC)
Using device: cpu
Using device: cpu
E25  val RMSE=0.7124  κ=50.00  λ=5.0000
/Users/yashnilmohanty/Desktop/habs-forecast/pinn/pinn_model.py:46: FutureWarning: `torch.cuda.amp.GradScaler(args...)` is deprecated. Please use `torch.amp.GradScaler('cuda', args...)` instead.
  SCALER    = GradScaler(enabled=MIXED_PREC)
/Users/yashnilmohanty/Desktop/habs-forecast/pinn/pinn_model.py:46: FutureWarning: `torch.cuda.amp.GradScaler(args...)` is deprecated. Please use `torch.amp.GradScaler('cuda', args...)` instead.
  SCALER    = GradScaler(enabled=MIXED_PREC)
/Users/yashnilmohanty/Desktop/habs-forecast/pinn/pinn_model.py:46: FutureWarning: `torch.cuda.amp.GradScaler(args...)` is deprecated. Please use `torch.amp.GradScaler('cuda', args...)` instead.
  SCALER    = GradScaler(enabled=MIXED_PREC)
/Users/yashnilmohanty/Desktop/habs-forecast/pinn/pinn_model.py:46: FutureWarning: `torch.cuda.amp.GradScaler(args...)` is deprecated. Please use `torch.amp.GradScaler('cuda', args...)` instead.
  SCALER    = GradScaler(enabled=MIXED_PREC)
Using device: cpu
Using device: cpu
Using device: cpu
Using device: cpu
/Users/yashnilmohanty/Desktop/habs-forecast/pinn/pinn_model.py:46: FutureWarning: `torch.cuda.amp.GradScaler(args...)` is deprecated. Please use `torch.amp.GradScaler('cuda', args...)` instead.
  SCALER    = GradScaler(enabled=MIXED_PREC)
/Users/yashnilmohanty/Desktop/habs-forecast/pinn/pinn_model.py:46: FutureWarning: `torch.cuda.amp.GradScaler(args...)` is deprecated. Please use `torch.amp.GradScaler('cuda', args...)` instead.
  SCALER    = GradScaler(enabled=MIXED_PREC)
Using device: cpu
Using device: cpu
/Users/yashnilmohanty/Desktop/habs-forecast/pinn/pinn_model.py:46: FutureWarning: `torch.cuda.amp.GradScaler(args...)` is deprecated. Please use `torch.amp.GradScaler('cuda', args...)` instead.
  SCALER    = GradScaler(enabled=MIXED_PREC)
/Users/yashnilmohanty/Desktop/habs-forecast/pinn/pinn_model.py:46: FutureWarning: `torch.cuda.amp.GradScaler(args...)` is deprecated. Please use `torch.amp.GradScaler('cuda', args...)` instead.
  SCALER    = GradScaler(enabled=MIXED_PREC)
/Users/yashnilmohanty/Desktop/habs-forecast/pinn/pinn_model.py:46: FutureWarning: `torch.cuda.amp.GradScaler(args...)` is deprecated. Please use `torch.amp.GradScaler('cuda', args...)` instead.
  SCALER    = GradScaler(enabled=MIXED_PREC)
/Users/yashnilmohanty/Desktop/habs-forecast/pinn/pinn_model.py:46: FutureWarning: `torch.cuda.amp.GradScaler(args...)` is deprecated. Please use `torch.amp.GradScaler('cuda', args...)` instead.
  SCALER    = GradScaler(enabled=MIXED_PREC)
Using device: cpu
Using device: cpu
Using device: cpu
Using device: cpu
/Users/yashnilmohanty/Desktop/habs-forecast/pinn/pinn_model.py:46: FutureWarning: `torch.cuda.amp.GradScaler(args...)` is deprecated. Please use `torch.amp.GradScaler('cuda', args...)` instead.
  SCALER    = GradScaler(enabled=MIXED_PREC)
/Users/yashnilmohanty/Desktop/habs-forecast/pinn/pinn_model.py:46: FutureWarning: `torch.cuda.amp.GradScaler(args...)` is deprecated. Please use `torch.amp.GradScaler('cuda', args...)` instead.
  SCALER    = GradScaler(enabled=MIXED_PREC)
Using device: cpu
Using device: cpu
/Users/yashnilmohanty/Desktop/habs-forecast/pinn/pinn_model.py:46: FutureWarning: `torch.cuda.amp.GradScaler(args...)` is deprecated. Please use `torch.amp.GradScaler('cuda', args...)` instead.
  SCALER    = GradScaler(enabled=MIXED_PREC)
/Users/yashnilmohanty/Desktop/habs-forecast/pinn/pinn_model.py:46: FutureWarning: `torch.cuda.amp.GradScaler(args...)` is deprecated. Please use `torch.amp.GradScaler('cuda', args...)` instead.
  SCALER    = GradScaler(enabled=MIXED_PREC)
/Users/yashnilmohanty/Desktop/habs-forecast/pinn/pinn_model.py:46: FutureWarning: `torch.cuda.amp.GradScaler(args...)` is deprecated. Please use `torch.amp.GradScaler('cuda', args...)` instead.
  SCALER    = GradScaler(enabled=MIXED_PREC)
/Users/yashnilmohanty/Desktop/habs-forecast/pinn/pinn_model.py:46: FutureWarning: `torch.cuda.amp.GradScaler(args...)` is deprecated. Please use `torch.amp.GradScaler('cuda', args...)` instead.
  SCALER    = GradScaler(enabled=MIXED_PREC)
Using device: cpu
Using device: cpu
Using device: cpu
Using device: cpu
/Users/yashnilmohanty/Desktop/habs-forecast/pinn/pinn_model.py:46: FutureWarning: `torch.cuda.amp.GradScaler(args...)` is deprecated. Please use `torch.amp.GradScaler('cuda', args...)` instead.
  SCALER    = GradScaler(enabled=MIXED_PREC)
/Users/yashnilmohanty/Desktop/habs-forecast/pinn/pinn_model.py:46: FutureWarning: `torch.cuda.amp.GradScaler(args...)` is deprecated. Please use `torch.amp.GradScaler('cuda', args...)` instead.
  SCALER    = GradScaler(enabled=MIXED_PREC)
Using device: cpu
Using device: cpu
/Users/yashnilmohanty/Desktop/habs-forecast/pinn/pinn_model.py:46: FutureWarning: `torch.cuda.amp.GradScaler(args...)` is deprecated. Please use `torch.amp.GradScaler('cuda', args...)` instead.
  SCALER    = GradScaler(enabled=MIXED_PREC)
/Users/yashnilmohanty/Desktop/habs-forecast/pinn/pinn_model.py:46: FutureWarning: `torch.cuda.amp.GradScaler(args...)` is deprecated. Please use `torch.amp.GradScaler('cuda', args...)` instead.
  SCALER    = GradScaler(enabled=MIXED_PREC)
/Users/yashnilmohanty/Desktop/habs-forecast/pinn/pinn_model.py:46: FutureWarning: `torch.cuda.amp.GradScaler(args...)` is deprecated. Please use `torch.amp.GradScaler('cuda', args...)` instead.
  SCALER    = GradScaler(enabled=MIXED_PREC)
/Users/yashnilmohanty/Desktop/habs-forecast/pinn/pinn_model.py:46: FutureWarning: `torch.cuda.amp.GradScaler(args...)` is deprecated. Please use `torch.amp.GradScaler('cuda', args...)` instead.
  SCALER    = GradScaler(enabled=MIXED_PREC)
Using device: cpu
Using device: cpu
Using device: cpu
Using device: cpu
/Users/yashnilmohanty/Desktop/habs-forecast/pinn/pinn_model.py:46: FutureWarning: `torch.cuda.amp.GradScaler(args...)` is deprecated. Please use `torch.amp.GradScaler('cuda', args...)` instead.
  SCALER    = GradScaler(enabled=MIXED_PREC)
/Users/yashnilmohanty/Desktop/habs-forecast/pinn/pinn_model.py:46: FutureWarning: `torch.cuda.amp.GradScaler(args...)` is deprecated. Please use `torch.amp.GradScaler('cuda', args...)` instead.
  SCALER    = GradScaler(enabled=MIXED_PREC)
Using device: cpu
Using device: cpu
/Users/yashnilmohanty/Desktop/habs-forecast/pinn/pinn_model.py:46: FutureWarning: `torch.cuda.amp.GradScaler(args...)` is deprecated. Please use `torch.amp.GradScaler('cuda', args...)` instead.
  SCALER    = GradScaler(enabled=MIXED_PREC)
/Users/yashnilmohanty/Desktop/habs-forecast/pinn/pinn_model.py:46: FutureWarning: `torch.cuda.amp.GradScaler(args...)` is deprecated. Please use `torch.amp.GradScaler('cuda', args...)` instead.
  SCALER    = GradScaler(enabled=MIXED_PREC)
/Users/yashnilmohanty/Desktop/habs-forecast/pinn/pinn_model.py:46: FutureWarning: `torch.cuda.amp.GradScaler(args...)` is deprecated. Please use `torch.amp.GradScaler('cuda', args...)` instead.
  SCALER    = GradScaler(enabled=MIXED_PREC)
/Users/yashnilmohanty/Desktop/habs-forecast/pinn/pinn_model.py:46: FutureWarning: `torch.cuda.amp.GradScaler(args...)` is deprecated. Please use `torch.amp.GradScaler('cuda', args...)` instead.
  SCALER    = GradScaler(enabled=MIXED_PREC)
Using device: cpu
Using device: cpu
Using device: cpu
Using device: cpu
/Users/yashnilmohanty/Desktop/habs-forecast/pinn/pinn_model.py:46: FutureWarning: `torch.cuda.amp.GradScaler(args...)` is deprecated. Please use `torch.amp.GradScaler('cuda', args...)` instead.
  SCALER    = GradScaler(enabled=MIXED_PREC)
/Users/yashnilmohanty/Desktop/habs-forecast/pinn/pinn_model.py:46: FutureWarning: `torch.cuda.amp.GradScaler(args...)` is deprecated. Please use `torch.amp.GradScaler('cuda', args...)` instead.
  SCALER    = GradScaler(enabled=MIXED_PREC)
Using device: cpu
Using device: cpu
E30  val RMSE=0.7039  κ=50.00  λ=5.0000
/Users/yashnilmohanty/Desktop/habs-forecast/pinn/pinn_model.py:46: FutureWarning: `torch.cuda.amp.GradScaler(args...)` is deprecated. Please use `torch.amp.GradScaler('cuda', args...)` instead.
  SCALER    = GradScaler(enabled=MIXED_PREC)
/Users/yashnilmohanty/Desktop/habs-forecast/pinn/pinn_model.py:46: FutureWarning: `torch.cuda.amp.GradScaler(args...)` is deprecated. Please use `torch.amp.GradScaler('cuda', args...)` instead.
  SCALER    = GradScaler(enabled=MIXED_PREC)
/Users/yashnilmohanty/Desktop/habs-forecast/pinn/pinn_model.py:46: FutureWarning: `torch.cuda.amp.GradScaler(args...)` is deprecated. Please use `torch.amp.GradScaler('cuda', args...)` instead.
  SCALER    = GradScaler(enabled=MIXED_PREC)
/Users/yashnilmohanty/Desktop/habs-forecast/pinn/pinn_model.py:46: FutureWarning: `torch.cuda.amp.GradScaler(args...)` is deprecated. Please use `torch.amp.GradScaler('cuda', args...)` instead.
  SCALER    = GradScaler(enabled=MIXED_PREC)
/Users/yashnilmohanty/Desktop/habs-forecast/pinn/ablation_studies.py:184: FutureWarning: `torch.cuda.amp.autocast(args...)` is deprecated. Please use `torch.amp.autocast('cuda', args...)` instead.
  with autocast(enabled=MIXED_PREC):
Using device: cpu
Using device: cpu
Using device: cpu
Using device: cpu
/Users/yashnilmohanty/Desktop/habs-forecast/pinn/pinn_model.py:46: FutureWarning: `torch.cuda.amp.GradScaler(args...)` is deprecated. Please use `torch.amp.GradScaler('cuda', args...)` instead.
  SCALER    = GradScaler(enabled=MIXED_PREC)
/Users/yashnilmohanty/Desktop/habs-forecast/pinn/pinn_model.py:46: FutureWarning: `torch.cuda.amp.GradScaler(args...)` is deprecated. Please use `torch.amp.GradScaler('cuda', args...)` instead.
  SCALER    = GradScaler(enabled=MIXED_PREC)
Using device: cpu
Using device: cpu
/Users/yashnilmohanty/Desktop/habs-forecast/pinn/pinn_model.py:46: FutureWarning: `torch.cuda.amp.GradScaler(args...)` is deprecated. Please use `torch.amp.GradScaler('cuda', args...)` instead.
  SCALER    = GradScaler(enabled=MIXED_PREC)
/Users/yashnilmohanty/Desktop/habs-forecast/pinn/pinn_model.py:46: FutureWarning: `torch.cuda.amp.GradScaler(args...)` is deprecated. Please use `torch.amp.GradScaler('cuda', args...)` instead.
  SCALER    = GradScaler(enabled=MIXED_PREC)
Using device: cpu
Using device: cpu
/Users/yashnilmohanty/miniforge3/lib/python3.12/site-packages/torch/utils/data/dataloader.py:683: UserWarning: 'pin_memory' argument is set as true but not supported on MPS now, then device pinned memory won't be used.
  warnings.warn(warn_msg)
  Results: train=0.7495, val=0.7039, test=0.8051
  Final κ = 50.00 (init: 50.0)
  ✓ Saved progress to paper_results/ablation/kappa/ablation_kappa.csv

[6/7] Training with κ_init = 100.0
/Users/yashnilmohanty/Desktop/habs-forecast/pinn/pinn_model.py:46: FutureWarning: `torch.cuda.amp.GradScaler(args...)` is deprecated. Please use `torch.amp.GradScaler('cuda', args...)` instead.
  SCALER    = GradScaler(enabled=MIXED_PREC)
/Users/yashnilmohanty/Desktop/habs-forecast/pinn/pinn_model.py:46: FutureWarning: `torch.cuda.amp.GradScaler(args...)` is deprecated. Please use `torch.amp.GradScaler('cuda', args...)` instead.
  SCALER    = GradScaler(enabled=MIXED_PREC)
/Users/yashnilmohanty/Desktop/habs-forecast/pinn/pinn_model.py:46: FutureWarning: `torch.cuda.amp.GradScaler(args...)` is deprecated. Please use `torch.amp.GradScaler('cuda', args...)` instead.
  SCALER    = GradScaler(enabled=MIXED_PREC)
/Users/yashnilmohanty/Desktop/habs-forecast/pinn/pinn_model.py:46: FutureWarning: `torch.cuda.amp.GradScaler(args...)` is deprecated. Please use `torch.amp.GradScaler('cuda', args...)` instead.
  SCALER    = GradScaler(enabled=MIXED_PREC)
/Users/yashnilmohanty/Desktop/habs-forecast/pinn/ablation_studies.py:89: FutureWarning: `torch.cuda.amp.autocast(args...)` is deprecated. Please use `torch.amp.autocast('cuda', args...)` instead.
  with autocast(enabled=MIXED_PREC):
Using device: cpu
Using device: cpu
Using device: cpu
Using device: cpu
/Users/yashnilmohanty/Desktop/habs-forecast/pinn/pinn_model.py:46: FutureWarning: `torch.cuda.amp.GradScaler(args...)` is deprecated. Please use `torch.amp.GradScaler('cuda', args...)` instead.
  SCALER    = GradScaler(enabled=MIXED_PREC)
/Users/yashnilmohanty/Desktop/habs-forecast/pinn/pinn_model.py:46: FutureWarning: `torch.cuda.amp.GradScaler(args...)` is deprecated. Please use `torch.amp.GradScaler('cuda', args...)` instead.
  SCALER    = GradScaler(enabled=MIXED_PREC)
/Users/yashnilmohanty/Desktop/habs-forecast/pinn/ablation_studies.py:158: FutureWarning: `torch.cuda.amp.autocast(args...)` is deprecated. Please use `torch.amp.autocast('cuda', args...)` instead.
  with autocast(enabled=MIXED_PREC):
Using device: cpu
Using device: cpu
/Users/yashnilmohanty/Desktop/habs-forecast/pinn/pinn_model.py:46: FutureWarning: `torch.cuda.amp.GradScaler(args...)` is deprecated. Please use `torch.amp.GradScaler('cuda', args...)` instead.
  SCALER    = GradScaler(enabled=MIXED_PREC)
/Users/yashnilmohanty/Desktop/habs-forecast/pinn/pinn_model.py:46: FutureWarning: `torch.cuda.amp.GradScaler(args...)` is deprecated. Please use `torch.amp.GradScaler('cuda', args...)` instead.
  SCALER    = GradScaler(enabled=MIXED_PREC)
/Users/yashnilmohanty/Desktop/habs-forecast/pinn/pinn_model.py:46: FutureWarning: `torch.cuda.amp.GradScaler(args...)` is deprecated. Please use `torch.amp.GradScaler('cuda', args...)` instead.
  SCALER    = GradScaler(enabled=MIXED_PREC)
/Users/yashnilmohanty/Desktop/habs-forecast/pinn/pinn_model.py:46: FutureWarning: `torch.cuda.amp.GradScaler(args...)` is deprecated. Please use `torch.amp.GradScaler('cuda', args...)` instead.
  SCALER    = GradScaler(enabled=MIXED_PREC)
Using device: cpu
Using device: cpu
Using device: cpu
Using device: cpu
/Users/yashnilmohanty/Desktop/habs-forecast/pinn/pinn_model.py:46: FutureWarning: `torch.cuda.amp.GradScaler(args...)` is deprecated. Please use `torch.amp.GradScaler('cuda', args...)` instead.
  SCALER    = GradScaler(enabled=MIXED_PREC)
/Users/yashnilmohanty/Desktop/habs-forecast/pinn/pinn_model.py:46: FutureWarning: `torch.cuda.amp.GradScaler(args...)` is deprecated. Please use `torch.amp.GradScaler('cuda', args...)` instead.
  SCALER    = GradScaler(enabled=MIXED_PREC)
Using device: cpu
Using device: cpu
/Users/yashnilmohanty/Desktop/habs-forecast/pinn/pinn_model.py:46: FutureWarning: `torch.cuda.amp.GradScaler(args...)` is deprecated. Please use `torch.amp.GradScaler('cuda', args...)` instead.
  SCALER    = GradScaler(enabled=MIXED_PREC)
/Users/yashnilmohanty/Desktop/habs-forecast/pinn/pinn_model.py:46: FutureWarning: `torch.cuda.amp.GradScaler(args...)` is deprecated. Please use `torch.amp.GradScaler('cuda', args...)` instead.
  SCALER    = GradScaler(enabled=MIXED_PREC)
/Users/yashnilmohanty/Desktop/habs-forecast/pinn/pinn_model.py:46: FutureWarning: `torch.cuda.amp.GradScaler(args...)` is deprecated. Please use `torch.amp.GradScaler('cuda', args...)` instead.
  SCALER    = GradScaler(enabled=MIXED_PREC)
/Users/yashnilmohanty/Desktop/habs-forecast/pinn/pinn_model.py:46: FutureWarning: `torch.cuda.amp.GradScaler(args...)` is deprecated. Please use `torch.amp.GradScaler('cuda', args...)` instead.
  SCALER    = GradScaler(enabled=MIXED_PREC)
Using device: cpu
Using device: cpu
Using device: cpu
Using device: cpu
/Users/yashnilmohanty/Desktop/habs-forecast/pinn/pinn_model.py:46: FutureWarning: `torch.cuda.amp.GradScaler(args...)` is deprecated. Please use `torch.amp.GradScaler('cuda', args...)` instead.
  SCALER    = GradScaler(enabled=MIXED_PREC)
/Users/yashnilmohanty/Desktop/habs-forecast/pinn/pinn_model.py:46: FutureWarning: `torch.cuda.amp.GradScaler(args...)` is deprecated. Please use `torch.amp.GradScaler('cuda', args...)` instead.
  SCALER    = GradScaler(enabled=MIXED_PREC)
Using device: cpu
Using device: cpu
/Users/yashnilmohanty/Desktop/habs-forecast/pinn/pinn_model.py:46: FutureWarning: `torch.cuda.amp.GradScaler(args...)` is deprecated. Please use `torch.amp.GradScaler('cuda', args...)` instead.
  SCALER    = GradScaler(enabled=MIXED_PREC)
/Users/yashnilmohanty/Desktop/habs-forecast/pinn/pinn_model.py:46: FutureWarning: `torch.cuda.amp.GradScaler(args...)` is deprecated. Please use `torch.amp.GradScaler('cuda', args...)` instead.
  SCALER    = GradScaler(enabled=MIXED_PREC)
/Users/yashnilmohanty/Desktop/habs-forecast/pinn/pinn_model.py:46: FutureWarning: `torch.cuda.amp.GradScaler(args...)` is deprecated. Please use `torch.amp.GradScaler('cuda', args...)` instead.
  SCALER    = GradScaler(enabled=MIXED_PREC)
/Users/yashnilmohanty/Desktop/habs-forecast/pinn/pinn_model.py:46: FutureWarning: `torch.cuda.amp.GradScaler(args...)` is deprecated. Please use `torch.amp.GradScaler('cuda', args...)` instead.
  SCALER    = GradScaler(enabled=MIXED_PREC)
Using device: cpu
Using device: cpu
Using device: cpu
Using device: cpu
/Users/yashnilmohanty/Desktop/habs-forecast/pinn/pinn_model.py:46: FutureWarning: `torch.cuda.amp.GradScaler(args...)` is deprecated. Please use `torch.amp.GradScaler('cuda', args...)` instead.
  SCALER    = GradScaler(enabled=MIXED_PREC)
/Users/yashnilmohanty/Desktop/habs-forecast/pinn/pinn_model.py:46: FutureWarning: `torch.cuda.amp.GradScaler(args...)` is deprecated. Please use `torch.amp.GradScaler('cuda', args...)` instead.
  SCALER    = GradScaler(enabled=MIXED_PREC)
Using device: cpu
Using device: cpu
/Users/yashnilmohanty/Desktop/habs-forecast/pinn/pinn_model.py:46: FutureWarning: `torch.cuda.amp.GradScaler(args...)` is deprecated. Please use `torch.amp.GradScaler('cuda', args...)` instead.
  SCALER    = GradScaler(enabled=MIXED_PREC)
/Users/yashnilmohanty/Desktop/habs-forecast/pinn/pinn_model.py:46: FutureWarning: `torch.cuda.amp.GradScaler(args...)` is deprecated. Please use `torch.amp.GradScaler('cuda', args...)` instead.
  SCALER    = GradScaler(enabled=MIXED_PREC)
/Users/yashnilmohanty/Desktop/habs-forecast/pinn/pinn_model.py:46: FutureWarning: `torch.cuda.amp.GradScaler(args...)` is deprecated. Please use `torch.amp.GradScaler('cuda', args...)` instead.
  SCALER    = GradScaler(enabled=MIXED_PREC)
/Users/yashnilmohanty/Desktop/habs-forecast/pinn/pinn_model.py:46: FutureWarning: `torch.cuda.amp.GradScaler(args...)` is deprecated. Please use `torch.amp.GradScaler('cuda', args...)` instead.
  SCALER    = GradScaler(enabled=MIXED_PREC)
Using device: cpu
Using device: cpu
Using device: cpu
Using device: cpu
/Users/yashnilmohanty/Desktop/habs-forecast/pinn/pinn_model.py:46: FutureWarning: `torch.cuda.amp.GradScaler(args...)` is deprecated. Please use `torch.amp.GradScaler('cuda', args...)` instead.
  SCALER    = GradScaler(enabled=MIXED_PREC)
/Users/yashnilmohanty/Desktop/habs-forecast/pinn/pinn_model.py:46: FutureWarning: `torch.cuda.amp.GradScaler(args...)` is deprecated. Please use `torch.amp.GradScaler('cuda', args...)` instead.
  SCALER    = GradScaler(enabled=MIXED_PREC)
Using device: cpu
Using device: cpu
E05  val RMSE=0.7781  κ=100.00  λ=0.0000
/Users/yashnilmohanty/Desktop/habs-forecast/pinn/pinn_model.py:46: FutureWarning: `torch.cuda.amp.GradScaler(args...)` is deprecated. Please use `torch.amp.GradScaler('cuda', args...)` instead.
  SCALER    = GradScaler(enabled=MIXED_PREC)
/Users/yashnilmohanty/Desktop/habs-forecast/pinn/pinn_model.py:46: FutureWarning: `torch.cuda.amp.GradScaler(args...)` is deprecated. Please use `torch.amp.GradScaler('cuda', args...)` instead.
  SCALER    = GradScaler(enabled=MIXED_PREC)
/Users/yashnilmohanty/Desktop/habs-forecast/pinn/pinn_model.py:46: FutureWarning: `torch.cuda.amp.GradScaler(args...)` is deprecated. Please use `torch.amp.GradScaler('cuda', args...)` instead.
  SCALER    = GradScaler(enabled=MIXED_PREC)
/Users/yashnilmohanty/Desktop/habs-forecast/pinn/pinn_model.py:46: FutureWarning: `torch.cuda.amp.GradScaler(args...)` is deprecated. Please use `torch.amp.GradScaler('cuda', args...)` instead.
  SCALER    = GradScaler(enabled=MIXED_PREC)
Using device: cpu
Using device: cpu
Using device: cpu
Using device: cpu
/Users/yashnilmohanty/Desktop/habs-forecast/pinn/pinn_model.py:46: FutureWarning: `torch.cuda.amp.GradScaler(args...)` is deprecated. Please use `torch.amp.GradScaler('cuda', args...)` instead.
  SCALER    = GradScaler(enabled=MIXED_PREC)
/Users/yashnilmohanty/Desktop/habs-forecast/pinn/pinn_model.py:46: FutureWarning: `torch.cuda.amp.GradScaler(args...)` is deprecated. Please use `torch.amp.GradScaler('cuda', args...)` instead.
  SCALER    = GradScaler(enabled=MIXED_PREC)
Using device: cpu
Using device: cpu
/Users/yashnilmohanty/Desktop/habs-forecast/pinn/pinn_model.py:46: FutureWarning: `torch.cuda.amp.GradScaler(args...)` is deprecated. Please use `torch.amp.GradScaler('cuda', args...)` instead.
  SCALER    = GradScaler(enabled=MIXED_PREC)
/Users/yashnilmohanty/Desktop/habs-forecast/pinn/pinn_model.py:46: FutureWarning: `torch.cuda.amp.GradScaler(args...)` is deprecated. Please use `torch.amp.GradScaler('cuda', args...)` instead.
  SCALER    = GradScaler(enabled=MIXED_PREC)
/Users/yashnilmohanty/Desktop/habs-forecast/pinn/pinn_model.py:46: FutureWarning: `torch.cuda.amp.GradScaler(args...)` is deprecated. Please use `torch.amp.GradScaler('cuda', args...)` instead.
  SCALER    = GradScaler(enabled=MIXED_PREC)
/Users/yashnilmohanty/Desktop/habs-forecast/pinn/pinn_model.py:46: FutureWarning: `torch.cuda.amp.GradScaler(args...)` is deprecated. Please use `torch.amp.GradScaler('cuda', args...)` instead.
  SCALER    = GradScaler(enabled=MIXED_PREC)
Using device: cpu
Using device: cpu
Using device: cpu
Using device: cpu
/Users/yashnilmohanty/Desktop/habs-forecast/pinn/pinn_model.py:46: FutureWarning: `torch.cuda.amp.GradScaler(args...)` is deprecated. Please use `torch.amp.GradScaler('cuda', args...)` instead.
  SCALER    = GradScaler(enabled=MIXED_PREC)
/Users/yashnilmohanty/Desktop/habs-forecast/pinn/pinn_model.py:46: FutureWarning: `torch.cuda.amp.GradScaler(args...)` is deprecated. Please use `torch.amp.GradScaler('cuda', args...)` instead.
  SCALER    = GradScaler(enabled=MIXED_PREC)
Using device: cpu
Using device: cpu
/Users/yashnilmohanty/Desktop/habs-forecast/pinn/pinn_model.py:46: FutureWarning: `torch.cuda.amp.GradScaler(args...)` is deprecated. Please use `torch.amp.GradScaler('cuda', args...)` instead.
  SCALER    = GradScaler(enabled=MIXED_PREC)
/Users/yashnilmohanty/Desktop/habs-forecast/pinn/pinn_model.py:46: FutureWarning: `torch.cuda.amp.GradScaler(args...)` is deprecated. Please use `torch.amp.GradScaler('cuda', args...)` instead.
  SCALER    = GradScaler(enabled=MIXED_PREC)
/Users/yashnilmohanty/Desktop/habs-forecast/pinn/pinn_model.py:46: FutureWarning: `torch.cuda.amp.GradScaler(args...)` is deprecated. Please use `torch.amp.GradScaler('cuda', args...)` instead.
  SCALER    = GradScaler(enabled=MIXED_PREC)
/Users/yashnilmohanty/Desktop/habs-forecast/pinn/pinn_model.py:46: FutureWarning: `torch.cuda.amp.GradScaler(args...)` is deprecated. Please use `torch.amp.GradScaler('cuda', args...)` instead.
  SCALER    = GradScaler(enabled=MIXED_PREC)
Using device: cpu
Using device: cpu
Using device: cpu
Using device: cpu
/Users/yashnilmohanty/Desktop/habs-forecast/pinn/pinn_model.py:46: FutureWarning: `torch.cuda.amp.GradScaler(args...)` is deprecated. Please use `torch.amp.GradScaler('cuda', args...)` instead.
  SCALER    = GradScaler(enabled=MIXED_PREC)
/Users/yashnilmohanty/Desktop/habs-forecast/pinn/pinn_model.py:46: FutureWarning: `torch.cuda.amp.GradScaler(args...)` is deprecated. Please use `torch.amp.GradScaler('cuda', args...)` instead.
  SCALER    = GradScaler(enabled=MIXED_PREC)
Using device: cpu
Using device: cpu
/Users/yashnilmohanty/Desktop/habs-forecast/pinn/pinn_model.py:46: FutureWarning: `torch.cuda.amp.GradScaler(args...)` is deprecated. Please use `torch.amp.GradScaler('cuda', args...)` instead.
  SCALER    = GradScaler(enabled=MIXED_PREC)
/Users/yashnilmohanty/Desktop/habs-forecast/pinn/pinn_model.py:46: FutureWarning: `torch.cuda.amp.GradScaler(args...)` is deprecated. Please use `torch.amp.GradScaler('cuda', args...)` instead.
  SCALER    = GradScaler(enabled=MIXED_PREC)
/Users/yashnilmohanty/Desktop/habs-forecast/pinn/pinn_model.py:46: FutureWarning: `torch.cuda.amp.GradScaler(args...)` is deprecated. Please use `torch.amp.GradScaler('cuda', args...)` instead.
  SCALER    = GradScaler(enabled=MIXED_PREC)
/Users/yashnilmohanty/Desktop/habs-forecast/pinn/pinn_model.py:46: FutureWarning: `torch.cuda.amp.GradScaler(args...)` is deprecated. Please use `torch.amp.GradScaler('cuda', args...)` instead.
  SCALER    = GradScaler(enabled=MIXED_PREC)
Using device: cpu
Using device: cpu
Using device: cpu
Using device: cpu
/Users/yashnilmohanty/Desktop/habs-forecast/pinn/pinn_model.py:46: FutureWarning: `torch.cuda.amp.GradScaler(args...)` is deprecated. Please use `torch.amp.GradScaler('cuda', args...)` instead.
  SCALER    = GradScaler(enabled=MIXED_PREC)
/Users/yashnilmohanty/Desktop/habs-forecast/pinn/pinn_model.py:46: FutureWarning: `torch.cuda.amp.GradScaler(args...)` is deprecated. Please use `torch.amp.GradScaler('cuda', args...)` instead.
  SCALER    = GradScaler(enabled=MIXED_PREC)
Using device: cpu
Using device: cpu
/Users/yashnilmohanty/Desktop/habs-forecast/pinn/pinn_model.py:46: FutureWarning: `torch.cuda.amp.GradScaler(args...)` is deprecated. Please use `torch.amp.GradScaler('cuda', args...)` instead.
  SCALER    = GradScaler(enabled=MIXED_PREC)
/Users/yashnilmohanty/Desktop/habs-forecast/pinn/pinn_model.py:46: FutureWarning: `torch.cuda.amp.GradScaler(args...)` is deprecated. Please use `torch.amp.GradScaler('cuda', args...)` instead.
  SCALER    = GradScaler(enabled=MIXED_PREC)
/Users/yashnilmohanty/Desktop/habs-forecast/pinn/pinn_model.py:46: FutureWarning: `torch.cuda.amp.GradScaler(args...)` is deprecated. Please use `torch.amp.GradScaler('cuda', args...)` instead.
  SCALER    = GradScaler(enabled=MIXED_PREC)
/Users/yashnilmohanty/Desktop/habs-forecast/pinn/pinn_model.py:46: FutureWarning: `torch.cuda.amp.GradScaler(args...)` is deprecated. Please use `torch.amp.GradScaler('cuda', args...)` instead.
  SCALER    = GradScaler(enabled=MIXED_PREC)
Using device: cpu
Using device: cpu
Using device: cpu
Using device: cpu
/Users/yashnilmohanty/Desktop/habs-forecast/pinn/pinn_model.py:46: FutureWarning: `torch.cuda.amp.GradScaler(args...)` is deprecated. Please use `torch.amp.GradScaler('cuda', args...)` instead.
  SCALER    = GradScaler(enabled=MIXED_PREC)
/Users/yashnilmohanty/Desktop/habs-forecast/pinn/pinn_model.py:46: FutureWarning: `torch.cuda.amp.GradScaler(args...)` is deprecated. Please use `torch.amp.GradScaler('cuda', args...)` instead.
  SCALER    = GradScaler(enabled=MIXED_PREC)
Using device: cpu
Using device: cpu
E10  val RMSE=0.7639  κ=100.00  λ=0.0000
/Users/yashnilmohanty/Desktop/habs-forecast/pinn/pinn_model.py:46: FutureWarning: `torch.cuda.amp.GradScaler(args...)` is deprecated. Please use `torch.amp.GradScaler('cuda', args...)` instead.
  SCALER    = GradScaler(enabled=MIXED_PREC)
/Users/yashnilmohanty/Desktop/habs-forecast/pinn/pinn_model.py:46: FutureWarning: `torch.cuda.amp.GradScaler(args...)` is deprecated. Please use `torch.amp.GradScaler('cuda', args...)` instead.
  SCALER    = GradScaler(enabled=MIXED_PREC)
/Users/yashnilmohanty/Desktop/habs-forecast/pinn/pinn_model.py:46: FutureWarning: `torch.cuda.amp.GradScaler(args...)` is deprecated. Please use `torch.amp.GradScaler('cuda', args...)` instead.
  SCALER    = GradScaler(enabled=MIXED_PREC)
/Users/yashnilmohanty/Desktop/habs-forecast/pinn/pinn_model.py:46: FutureWarning: `torch.cuda.amp.GradScaler(args...)` is deprecated. Please use `torch.amp.GradScaler('cuda', args...)` instead.
  SCALER    = GradScaler(enabled=MIXED_PREC)
Using device: cpu
Using device: cpu
Using device: cpu
Using device: cpu
/Users/yashnilmohanty/Desktop/habs-forecast/pinn/pinn_model.py:46: FutureWarning: `torch.cuda.amp.GradScaler(args...)` is deprecated. Please use `torch.amp.GradScaler('cuda', args...)` instead.
  SCALER    = GradScaler(enabled=MIXED_PREC)
/Users/yashnilmohanty/Desktop/habs-forecast/pinn/pinn_model.py:46: FutureWarning: `torch.cuda.amp.GradScaler(args...)` is deprecated. Please use `torch.amp.GradScaler('cuda', args...)` instead.
  SCALER    = GradScaler(enabled=MIXED_PREC)
Using device: cpu
Using device: cpu
/Users/yashnilmohanty/Desktop/habs-forecast/pinn/pinn_model.py:46: FutureWarning: `torch.cuda.amp.GradScaler(args...)` is deprecated. Please use `torch.amp.GradScaler('cuda', args...)` instead.
  SCALER    = GradScaler(enabled=MIXED_PREC)
/Users/yashnilmohanty/Desktop/habs-forecast/pinn/pinn_model.py:46: FutureWarning: `torch.cuda.amp.GradScaler(args...)` is deprecated. Please use `torch.amp.GradScaler('cuda', args...)` instead.
  SCALER    = GradScaler(enabled=MIXED_PREC)
/Users/yashnilmohanty/Desktop/habs-forecast/pinn/pinn_model.py:46: FutureWarning: `torch.cuda.amp.GradScaler(args...)` is deprecated. Please use `torch.amp.GradScaler('cuda', args...)` instead.
  SCALER    = GradScaler(enabled=MIXED_PREC)
/Users/yashnilmohanty/Desktop/habs-forecast/pinn/pinn_model.py:46: FutureWarning: `torch.cuda.amp.GradScaler(args...)` is deprecated. Please use `torch.amp.GradScaler('cuda', args...)` instead.
  SCALER    = GradScaler(enabled=MIXED_PREC)
Using device: cpu
Using device: cpu
Using device: cpu
Using device: cpu
/Users/yashnilmohanty/Desktop/habs-forecast/pinn/pinn_model.py:46: FutureWarning: `torch.cuda.amp.GradScaler(args...)` is deprecated. Please use `torch.amp.GradScaler('cuda', args...)` instead.
  SCALER    = GradScaler(enabled=MIXED_PREC)
/Users/yashnilmohanty/Desktop/habs-forecast/pinn/pinn_model.py:46: FutureWarning: `torch.cuda.amp.GradScaler(args...)` is deprecated. Please use `torch.amp.GradScaler('cuda', args...)` instead.
  SCALER    = GradScaler(enabled=MIXED_PREC)
Using device: cpu
Using device: cpu
/Users/yashnilmohanty/Desktop/habs-forecast/pinn/pinn_model.py:46: FutureWarning: `torch.cuda.amp.GradScaler(args...)` is deprecated. Please use `torch.amp.GradScaler('cuda', args...)` instead.
  SCALER    = GradScaler(enabled=MIXED_PREC)
/Users/yashnilmohanty/Desktop/habs-forecast/pinn/pinn_model.py:46: FutureWarning: `torch.cuda.amp.GradScaler(args...)` is deprecated. Please use `torch.amp.GradScaler('cuda', args...)` instead.
  SCALER    = GradScaler(enabled=MIXED_PREC)
/Users/yashnilmohanty/Desktop/habs-forecast/pinn/pinn_model.py:46: FutureWarning: `torch.cuda.amp.GradScaler(args...)` is deprecated. Please use `torch.amp.GradScaler('cuda', args...)` instead.
  SCALER    = GradScaler(enabled=MIXED_PREC)
/Users/yashnilmohanty/Desktop/habs-forecast/pinn/pinn_model.py:46: FutureWarning: `torch.cuda.amp.GradScaler(args...)` is deprecated. Please use `torch.amp.GradScaler('cuda', args...)` instead.
  SCALER    = GradScaler(enabled=MIXED_PREC)
Using device: cpu
Using device: cpu
Using device: cpu
Using device: cpu
/Users/yashnilmohanty/Desktop/habs-forecast/pinn/pinn_model.py:46: FutureWarning: `torch.cuda.amp.GradScaler(args...)` is deprecated. Please use `torch.amp.GradScaler('cuda', args...)` instead.
  SCALER    = GradScaler(enabled=MIXED_PREC)
/Users/yashnilmohanty/Desktop/habs-forecast/pinn/pinn_model.py:46: FutureWarning: `torch.cuda.amp.GradScaler(args...)` is deprecated. Please use `torch.amp.GradScaler('cuda', args...)` instead.
  SCALER    = GradScaler(enabled=MIXED_PREC)
Using device: cpu
Using device: cpu
/Users/yashnilmohanty/Desktop/habs-forecast/pinn/pinn_model.py:46: FutureWarning: `torch.cuda.amp.GradScaler(args...)` is deprecated. Please use `torch.amp.GradScaler('cuda', args...)` instead.
  SCALER    = GradScaler(enabled=MIXED_PREC)
/Users/yashnilmohanty/Desktop/habs-forecast/pinn/pinn_model.py:46: FutureWarning: `torch.cuda.amp.GradScaler(args...)` is deprecated. Please use `torch.amp.GradScaler('cuda', args...)` instead.
  SCALER    = GradScaler(enabled=MIXED_PREC)
/Users/yashnilmohanty/Desktop/habs-forecast/pinn/pinn_model.py:46: FutureWarning: `torch.cuda.amp.GradScaler(args...)` is deprecated. Please use `torch.amp.GradScaler('cuda', args...)` instead.
  SCALER    = GradScaler(enabled=MIXED_PREC)
/Users/yashnilmohanty/Desktop/habs-forecast/pinn/pinn_model.py:46: FutureWarning: `torch.cuda.amp.GradScaler(args...)` is deprecated. Please use `torch.amp.GradScaler('cuda', args...)` instead.
  SCALER    = GradScaler(enabled=MIXED_PREC)
Using device: cpu
Using device: cpu
Using device: cpu
Using device: cpu
/Users/yashnilmohanty/Desktop/habs-forecast/pinn/pinn_model.py:46: FutureWarning: `torch.cuda.amp.GradScaler(args...)` is deprecated. Please use `torch.amp.GradScaler('cuda', args...)` instead.
  SCALER    = GradScaler(enabled=MIXED_PREC)
/Users/yashnilmohanty/Desktop/habs-forecast/pinn/pinn_model.py:46: FutureWarning: `torch.cuda.amp.GradScaler(args...)` is deprecated. Please use `torch.amp.GradScaler('cuda', args...)` instead.
  SCALER    = GradScaler(enabled=MIXED_PREC)
Using device: cpu
Using device: cpu
/Users/yashnilmohanty/Desktop/habs-forecast/pinn/pinn_model.py:46: FutureWarning: `torch.cuda.amp.GradScaler(args...)` is deprecated. Please use `torch.amp.GradScaler('cuda', args...)` instead.
  SCALER    = GradScaler(enabled=MIXED_PREC)
/Users/yashnilmohanty/Desktop/habs-forecast/pinn/pinn_model.py:46: FutureWarning: `torch.cuda.amp.GradScaler(args...)` is deprecated. Please use `torch.amp.GradScaler('cuda', args...)` instead.
  SCALER    = GradScaler(enabled=MIXED_PREC)
/Users/yashnilmohanty/Desktop/habs-forecast/pinn/pinn_model.py:46: FutureWarning: `torch.cuda.amp.GradScaler(args...)` is deprecated. Please use `torch.amp.GradScaler('cuda', args...)` instead.
  SCALER    = GradScaler(enabled=MIXED_PREC)
/Users/yashnilmohanty/Desktop/habs-forecast/pinn/pinn_model.py:46: FutureWarning: `torch.cuda.amp.GradScaler(args...)` is deprecated. Please use `torch.amp.GradScaler('cuda', args...)` instead.
  SCALER    = GradScaler(enabled=MIXED_PREC)
Using device: cpu
Using device: cpu
Using device: cpu
Using device: cpu
/Users/yashnilmohanty/Desktop/habs-forecast/pinn/pinn_model.py:46: FutureWarning: `torch.cuda.amp.GradScaler(args...)` is deprecated. Please use `torch.amp.GradScaler('cuda', args...)` instead.
  SCALER    = GradScaler(enabled=MIXED_PREC)
/Users/yashnilmohanty/Desktop/habs-forecast/pinn/pinn_model.py:46: FutureWarning: `torch.cuda.amp.GradScaler(args...)` is deprecated. Please use `torch.amp.GradScaler('cuda', args...)` instead.
  SCALER    = GradScaler(enabled=MIXED_PREC)
Using device: cpu
Using device: cpu
E15  val RMSE=0.7165  κ=100.00  λ=5.0000
/Users/yashnilmohanty/Desktop/habs-forecast/pinn/pinn_model.py:46: FutureWarning: `torch.cuda.amp.GradScaler(args...)` is deprecated. Please use `torch.amp.GradScaler('cuda', args...)` instead.
  SCALER    = GradScaler(enabled=MIXED_PREC)
/Users/yashnilmohanty/Desktop/habs-forecast/pinn/pinn_model.py:46: FutureWarning: `torch.cuda.amp.GradScaler(args...)` is deprecated. Please use `torch.amp.GradScaler('cuda', args...)` instead.
  SCALER    = GradScaler(enabled=MIXED_PREC)
/Users/yashnilmohanty/Desktop/habs-forecast/pinn/pinn_model.py:46: FutureWarning: `torch.cuda.amp.GradScaler(args...)` is deprecated. Please use `torch.amp.GradScaler('cuda', args...)` instead.
  SCALER    = GradScaler(enabled=MIXED_PREC)
/Users/yashnilmohanty/Desktop/habs-forecast/pinn/pinn_model.py:46: FutureWarning: `torch.cuda.amp.GradScaler(args...)` is deprecated. Please use `torch.amp.GradScaler('cuda', args...)` instead.
  SCALER    = GradScaler(enabled=MIXED_PREC)
Using device: cpu
Using device: cpu
Using device: cpu
Using device: cpu
/Users/yashnilmohanty/Desktop/habs-forecast/pinn/pinn_model.py:46: FutureWarning: `torch.cuda.amp.GradScaler(args...)` is deprecated. Please use `torch.amp.GradScaler('cuda', args...)` instead.
  SCALER    = GradScaler(enabled=MIXED_PREC)
/Users/yashnilmohanty/Desktop/habs-forecast/pinn/pinn_model.py:46: FutureWarning: `torch.cuda.amp.GradScaler(args...)` is deprecated. Please use `torch.amp.GradScaler('cuda', args...)` instead.
  SCALER    = GradScaler(enabled=MIXED_PREC)
Using device: cpu
Using device: cpu
/Users/yashnilmohanty/Desktop/habs-forecast/pinn/pinn_model.py:46: FutureWarning: `torch.cuda.amp.GradScaler(args...)` is deprecated. Please use `torch.amp.GradScaler('cuda', args...)` instead.
  SCALER    = GradScaler(enabled=MIXED_PREC)
/Users/yashnilmohanty/Desktop/habs-forecast/pinn/pinn_model.py:46: FutureWarning: `torch.cuda.amp.GradScaler(args...)` is deprecated. Please use `torch.amp.GradScaler('cuda', args...)` instead.
  SCALER    = GradScaler(enabled=MIXED_PREC)
/Users/yashnilmohanty/Desktop/habs-forecast/pinn/pinn_model.py:46: FutureWarning: `torch.cuda.amp.GradScaler(args...)` is deprecated. Please use `torch.amp.GradScaler('cuda', args...)` instead.
  SCALER    = GradScaler(enabled=MIXED_PREC)
/Users/yashnilmohanty/Desktop/habs-forecast/pinn/pinn_model.py:46: FutureWarning: `torch.cuda.amp.GradScaler(args...)` is deprecated. Please use `torch.amp.GradScaler('cuda', args...)` instead.
  SCALER    = GradScaler(enabled=MIXED_PREC)
Using device: cpu
Using device: cpu
Using device: cpu
Using device: cpu
/Users/yashnilmohanty/Desktop/habs-forecast/pinn/pinn_model.py:46: FutureWarning: `torch.cuda.amp.GradScaler(args...)` is deprecated. Please use `torch.amp.GradScaler('cuda', args...)` instead.
  SCALER    = GradScaler(enabled=MIXED_PREC)
/Users/yashnilmohanty/Desktop/habs-forecast/pinn/pinn_model.py:46: FutureWarning: `torch.cuda.amp.GradScaler(args...)` is deprecated. Please use `torch.amp.GradScaler('cuda', args...)` instead.
  SCALER    = GradScaler(enabled=MIXED_PREC)
Using device: cpu
Using device: cpu
/Users/yashnilmohanty/Desktop/habs-forecast/pinn/pinn_model.py:46: FutureWarning: `torch.cuda.amp.GradScaler(args...)` is deprecated. Please use `torch.amp.GradScaler('cuda', args...)` instead.
  SCALER    = GradScaler(enabled=MIXED_PREC)
/Users/yashnilmohanty/Desktop/habs-forecast/pinn/pinn_model.py:46: FutureWarning: `torch.cuda.amp.GradScaler(args...)` is deprecated. Please use `torch.amp.GradScaler('cuda', args...)` instead.
  SCALER    = GradScaler(enabled=MIXED_PREC)
/Users/yashnilmohanty/Desktop/habs-forecast/pinn/pinn_model.py:46: FutureWarning: `torch.cuda.amp.GradScaler(args...)` is deprecated. Please use `torch.amp.GradScaler('cuda', args...)` instead.
  SCALER    = GradScaler(enabled=MIXED_PREC)
/Users/yashnilmohanty/Desktop/habs-forecast/pinn/pinn_model.py:46: FutureWarning: `torch.cuda.amp.GradScaler(args...)` is deprecated. Please use `torch.amp.GradScaler('cuda', args...)` instead.
  SCALER    = GradScaler(enabled=MIXED_PREC)
Using device: cpu
Using device: cpu
Using device: cpu
Using device: cpu
/Users/yashnilmohanty/Desktop/habs-forecast/pinn/pinn_model.py:46: FutureWarning: `torch.cuda.amp.GradScaler(args...)` is deprecated. Please use `torch.amp.GradScaler('cuda', args...)` instead.
  SCALER    = GradScaler(enabled=MIXED_PREC)
/Users/yashnilmohanty/Desktop/habs-forecast/pinn/pinn_model.py:46: FutureWarning: `torch.cuda.amp.GradScaler(args...)` is deprecated. Please use `torch.amp.GradScaler('cuda', args...)` instead.
  SCALER    = GradScaler(enabled=MIXED_PREC)
Using device: cpu
Using device: cpu
/Users/yashnilmohanty/Desktop/habs-forecast/pinn/pinn_model.py:46: FutureWarning: `torch.cuda.amp.GradScaler(args...)` is deprecated. Please use `torch.amp.GradScaler('cuda', args...)` instead.
  SCALER    = GradScaler(enabled=MIXED_PREC)
/Users/yashnilmohanty/Desktop/habs-forecast/pinn/pinn_model.py:46: FutureWarning: `torch.cuda.amp.GradScaler(args...)` is deprecated. Please use `torch.amp.GradScaler('cuda', args...)` instead.
  SCALER    = GradScaler(enabled=MIXED_PREC)
/Users/yashnilmohanty/Desktop/habs-forecast/pinn/pinn_model.py:46: FutureWarning: `torch.cuda.amp.GradScaler(args...)` is deprecated. Please use `torch.amp.GradScaler('cuda', args...)` instead.
  SCALER    = GradScaler(enabled=MIXED_PREC)
/Users/yashnilmohanty/Desktop/habs-forecast/pinn/pinn_model.py:46: FutureWarning: `torch.cuda.amp.GradScaler(args...)` is deprecated. Please use `torch.amp.GradScaler('cuda', args...)` instead.
  SCALER    = GradScaler(enabled=MIXED_PREC)
Using device: cpu
Using device: cpu
Using device: cpu
Using device: cpu
/Users/yashnilmohanty/Desktop/habs-forecast/pinn/pinn_model.py:46: FutureWarning: `torch.cuda.amp.GradScaler(args...)` is deprecated. Please use `torch.amp.GradScaler('cuda', args...)` instead.
  SCALER    = GradScaler(enabled=MIXED_PREC)
/Users/yashnilmohanty/Desktop/habs-forecast/pinn/pinn_model.py:46: FutureWarning: `torch.cuda.amp.GradScaler(args...)` is deprecated. Please use `torch.amp.GradScaler('cuda', args...)` instead.
  SCALER    = GradScaler(enabled=MIXED_PREC)
Using device: cpu
Using device: cpu
/Users/yashnilmohanty/Desktop/habs-forecast/pinn/pinn_model.py:46: FutureWarning: `torch.cuda.amp.GradScaler(args...)` is deprecated. Please use `torch.amp.GradScaler('cuda', args...)` instead.
  SCALER    = GradScaler(enabled=MIXED_PREC)
/Users/yashnilmohanty/Desktop/habs-forecast/pinn/pinn_model.py:46: FutureWarning: `torch.cuda.amp.GradScaler(args...)` is deprecated. Please use `torch.amp.GradScaler('cuda', args...)` instead.
  SCALER    = GradScaler(enabled=MIXED_PREC)
/Users/yashnilmohanty/Desktop/habs-forecast/pinn/pinn_model.py:46: FutureWarning: `torch.cuda.amp.GradScaler(args...)` is deprecated. Please use `torch.amp.GradScaler('cuda', args...)` instead.
  SCALER    = GradScaler(enabled=MIXED_PREC)
/Users/yashnilmohanty/Desktop/habs-forecast/pinn/pinn_model.py:46: FutureWarning: `torch.cuda.amp.GradScaler(args...)` is deprecated. Please use `torch.amp.GradScaler('cuda', args...)` instead.
  SCALER    = GradScaler(enabled=MIXED_PREC)
Using device: cpu
Using device: cpu
Using device: cpu
Using device: cpu
/Users/yashnilmohanty/Desktop/habs-forecast/pinn/pinn_model.py:46: FutureWarning: `torch.cuda.amp.GradScaler(args...)` is deprecated. Please use `torch.amp.GradScaler('cuda', args...)` instead.
  SCALER    = GradScaler(enabled=MIXED_PREC)
/Users/yashnilmohanty/Desktop/habs-forecast/pinn/pinn_model.py:46: FutureWarning: `torch.cuda.amp.GradScaler(args...)` is deprecated. Please use `torch.amp.GradScaler('cuda', args...)` instead.
  SCALER    = GradScaler(enabled=MIXED_PREC)
Using device: cpu
Using device: cpu
E20  val RMSE=0.7095  κ=100.00  λ=5.0000
/Users/yashnilmohanty/Desktop/habs-forecast/pinn/pinn_model.py:46: FutureWarning: `torch.cuda.amp.GradScaler(args...)` is deprecated. Please use `torch.amp.GradScaler('cuda', args...)` instead.
  SCALER    = GradScaler(enabled=MIXED_PREC)
/Users/yashnilmohanty/Desktop/habs-forecast/pinn/pinn_model.py:46: FutureWarning: `torch.cuda.amp.GradScaler(args...)` is deprecated. Please use `torch.amp.GradScaler('cuda', args...)` instead.
  SCALER    = GradScaler(enabled=MIXED_PREC)
/Users/yashnilmohanty/Desktop/habs-forecast/pinn/pinn_model.py:46: FutureWarning: `torch.cuda.amp.GradScaler(args...)` is deprecated. Please use `torch.amp.GradScaler('cuda', args...)` instead.
  SCALER    = GradScaler(enabled=MIXED_PREC)
/Users/yashnilmohanty/Desktop/habs-forecast/pinn/pinn_model.py:46: FutureWarning: `torch.cuda.amp.GradScaler(args...)` is deprecated. Please use `torch.amp.GradScaler('cuda', args...)` instead.
  SCALER    = GradScaler(enabled=MIXED_PREC)
Using device: cpu
Using device: cpu
Using device: cpu
Using device: cpu
/Users/yashnilmohanty/Desktop/habs-forecast/pinn/pinn_model.py:46: FutureWarning: `torch.cuda.amp.GradScaler(args...)` is deprecated. Please use `torch.amp.GradScaler('cuda', args...)` instead.
  SCALER    = GradScaler(enabled=MIXED_PREC)
/Users/yashnilmohanty/Desktop/habs-forecast/pinn/pinn_model.py:46: FutureWarning: `torch.cuda.amp.GradScaler(args...)` is deprecated. Please use `torch.amp.GradScaler('cuda', args...)` instead.
  SCALER    = GradScaler(enabled=MIXED_PREC)
Using device: cpu
Using device: cpu
/Users/yashnilmohanty/Desktop/habs-forecast/pinn/pinn_model.py:46: FutureWarning: `torch.cuda.amp.GradScaler(args...)` is deprecated. Please use `torch.amp.GradScaler('cuda', args...)` instead.
  SCALER    = GradScaler(enabled=MIXED_PREC)
/Users/yashnilmohanty/Desktop/habs-forecast/pinn/pinn_model.py:46: FutureWarning: `torch.cuda.amp.GradScaler(args...)` is deprecated. Please use `torch.amp.GradScaler('cuda', args...)` instead.
  SCALER    = GradScaler(enabled=MIXED_PREC)
/Users/yashnilmohanty/Desktop/habs-forecast/pinn/pinn_model.py:46: FutureWarning: `torch.cuda.amp.GradScaler(args...)` is deprecated. Please use `torch.amp.GradScaler('cuda', args...)` instead.
  SCALER    = GradScaler(enabled=MIXED_PREC)
/Users/yashnilmohanty/Desktop/habs-forecast/pinn/pinn_model.py:46: FutureWarning: `torch.cuda.amp.GradScaler(args...)` is deprecated. Please use `torch.amp.GradScaler('cuda', args...)` instead.
  SCALER    = GradScaler(enabled=MIXED_PREC)
Using device: cpu
Using device: cpu
Using device: cpu
Using device: cpu
/Users/yashnilmohanty/Desktop/habs-forecast/pinn/pinn_model.py:46: FutureWarning: `torch.cuda.amp.GradScaler(args...)` is deprecated. Please use `torch.amp.GradScaler('cuda', args...)` instead.
  SCALER    = GradScaler(enabled=MIXED_PREC)
/Users/yashnilmohanty/Desktop/habs-forecast/pinn/pinn_model.py:46: FutureWarning: `torch.cuda.amp.GradScaler(args...)` is deprecated. Please use `torch.amp.GradScaler('cuda', args...)` instead.
  SCALER    = GradScaler(enabled=MIXED_PREC)
Using device: cpu
Using device: cpu
/Users/yashnilmohanty/Desktop/habs-forecast/pinn/pinn_model.py:46: FutureWarning: `torch.cuda.amp.GradScaler(args...)` is deprecated. Please use `torch.amp.GradScaler('cuda', args...)` instead.
  SCALER    = GradScaler(enabled=MIXED_PREC)
/Users/yashnilmohanty/Desktop/habs-forecast/pinn/pinn_model.py:46: FutureWarning: `torch.cuda.amp.GradScaler(args...)` is deprecated. Please use `torch.amp.GradScaler('cuda', args...)` instead.
  SCALER    = GradScaler(enabled=MIXED_PREC)
/Users/yashnilmohanty/Desktop/habs-forecast/pinn/pinn_model.py:46: FutureWarning: `torch.cuda.amp.GradScaler(args...)` is deprecated. Please use `torch.amp.GradScaler('cuda', args...)` instead.
  SCALER    = GradScaler(enabled=MIXED_PREC)
/Users/yashnilmohanty/Desktop/habs-forecast/pinn/pinn_model.py:46: FutureWarning: `torch.cuda.amp.GradScaler(args...)` is deprecated. Please use `torch.amp.GradScaler('cuda', args...)` instead.
  SCALER    = GradScaler(enabled=MIXED_PREC)
Using device: cpu
Using device: cpu
Using device: cpu
Using device: cpu
/Users/yashnilmohanty/Desktop/habs-forecast/pinn/pinn_model.py:46: FutureWarning: `torch.cuda.amp.GradScaler(args...)` is deprecated. Please use `torch.amp.GradScaler('cuda', args...)` instead.
  SCALER    = GradScaler(enabled=MIXED_PREC)
/Users/yashnilmohanty/Desktop/habs-forecast/pinn/pinn_model.py:46: FutureWarning: `torch.cuda.amp.GradScaler(args...)` is deprecated. Please use `torch.amp.GradScaler('cuda', args...)` instead.
  SCALER    = GradScaler(enabled=MIXED_PREC)
Using device: cpu
Using device: cpu
/Users/yashnilmohanty/Desktop/habs-forecast/pinn/pinn_model.py:46: FutureWarning: `torch.cuda.amp.GradScaler(args...)` is deprecated. Please use `torch.amp.GradScaler('cuda', args...)` instead.
  SCALER    = GradScaler(enabled=MIXED_PREC)
/Users/yashnilmohanty/Desktop/habs-forecast/pinn/pinn_model.py:46: FutureWarning: `torch.cuda.amp.GradScaler(args...)` is deprecated. Please use `torch.amp.GradScaler('cuda', args...)` instead.
  SCALER    = GradScaler(enabled=MIXED_PREC)
/Users/yashnilmohanty/Desktop/habs-forecast/pinn/pinn_model.py:46: FutureWarning: `torch.cuda.amp.GradScaler(args...)` is deprecated. Please use `torch.amp.GradScaler('cuda', args...)` instead.
  SCALER    = GradScaler(enabled=MIXED_PREC)
/Users/yashnilmohanty/Desktop/habs-forecast/pinn/pinn_model.py:46: FutureWarning: `torch.cuda.amp.GradScaler(args...)` is deprecated. Please use `torch.amp.GradScaler('cuda', args...)` instead.
  SCALER    = GradScaler(enabled=MIXED_PREC)
Using device: cpu
Using device: cpu
Using device: cpu
Using device: cpu
/Users/yashnilmohanty/Desktop/habs-forecast/pinn/pinn_model.py:46: FutureWarning: `torch.cuda.amp.GradScaler(args...)` is deprecated. Please use `torch.amp.GradScaler('cuda', args...)` instead.
  SCALER    = GradScaler(enabled=MIXED_PREC)
/Users/yashnilmohanty/Desktop/habs-forecast/pinn/pinn_model.py:46: FutureWarning: `torch.cuda.amp.GradScaler(args...)` is deprecated. Please use `torch.amp.GradScaler('cuda', args...)` instead.
  SCALER    = GradScaler(enabled=MIXED_PREC)
Using device: cpu
Using device: cpu
/Users/yashnilmohanty/Desktop/habs-forecast/pinn/pinn_model.py:46: FutureWarning: `torch.cuda.amp.GradScaler(args...)` is deprecated. Please use `torch.amp.GradScaler('cuda', args...)` instead.
  SCALER    = GradScaler(enabled=MIXED_PREC)
/Users/yashnilmohanty/Desktop/habs-forecast/pinn/pinn_model.py:46: FutureWarning: `torch.cuda.amp.GradScaler(args...)` is deprecated. Please use `torch.amp.GradScaler('cuda', args...)` instead.
  SCALER    = GradScaler(enabled=MIXED_PREC)
/Users/yashnilmohanty/Desktop/habs-forecast/pinn/pinn_model.py:46: FutureWarning: `torch.cuda.amp.GradScaler(args...)` is deprecated. Please use `torch.amp.GradScaler('cuda', args...)` instead.
  SCALER    = GradScaler(enabled=MIXED_PREC)
/Users/yashnilmohanty/Desktop/habs-forecast/pinn/pinn_model.py:46: FutureWarning: `torch.cuda.amp.GradScaler(args...)` is deprecated. Please use `torch.amp.GradScaler('cuda', args...)` instead.
  SCALER    = GradScaler(enabled=MIXED_PREC)
Using device: cpu
Using device: cpu
Using device: cpu
Using device: cpu
/Users/yashnilmohanty/Desktop/habs-forecast/pinn/pinn_model.py:46: FutureWarning: `torch.cuda.amp.GradScaler(args...)` is deprecated. Please use `torch.amp.GradScaler('cuda', args...)` instead.
  SCALER    = GradScaler(enabled=MIXED_PREC)
/Users/yashnilmohanty/Desktop/habs-forecast/pinn/pinn_model.py:46: FutureWarning: `torch.cuda.amp.GradScaler(args...)` is deprecated. Please use `torch.amp.GradScaler('cuda', args...)` instead.
  SCALER    = GradScaler(enabled=MIXED_PREC)
Using device: cpu
Using device: cpu
E25  val RMSE=0.6993  κ=100.00  λ=5.0000
/Users/yashnilmohanty/Desktop/habs-forecast/pinn/pinn_model.py:46: FutureWarning: `torch.cuda.amp.GradScaler(args...)` is deprecated. Please use `torch.amp.GradScaler('cuda', args...)` instead.
  SCALER    = GradScaler(enabled=MIXED_PREC)
/Users/yashnilmohanty/Desktop/habs-forecast/pinn/pinn_model.py:46: FutureWarning: `torch.cuda.amp.GradScaler(args...)` is deprecated. Please use `torch.amp.GradScaler('cuda', args...)` instead.
  SCALER    = GradScaler(enabled=MIXED_PREC)
/Users/yashnilmohanty/Desktop/habs-forecast/pinn/pinn_model.py:46: FutureWarning: `torch.cuda.amp.GradScaler(args...)` is deprecated. Please use `torch.amp.GradScaler('cuda', args...)` instead.
  SCALER    = GradScaler(enabled=MIXED_PREC)
/Users/yashnilmohanty/Desktop/habs-forecast/pinn/pinn_model.py:46: FutureWarning: `torch.cuda.amp.GradScaler(args...)` is deprecated. Please use `torch.amp.GradScaler('cuda', args...)` instead.
  SCALER    = GradScaler(enabled=MIXED_PREC)
Using device: cpu
Using device: cpu
Using device: cpu
Using device: cpu
/Users/yashnilmohanty/Desktop/habs-forecast/pinn/pinn_model.py:46: FutureWarning: `torch.cuda.amp.GradScaler(args...)` is deprecated. Please use `torch.amp.GradScaler('cuda', args...)` instead.
  SCALER    = GradScaler(enabled=MIXED_PREC)
/Users/yashnilmohanty/Desktop/habs-forecast/pinn/pinn_model.py:46: FutureWarning: `torch.cuda.amp.GradScaler(args...)` is deprecated. Please use `torch.amp.GradScaler('cuda', args...)` instead.
  SCALER    = GradScaler(enabled=MIXED_PREC)
Using device: cpu
Using device: cpu
/Users/yashnilmohanty/Desktop/habs-forecast/pinn/pinn_model.py:46: FutureWarning: `torch.cuda.amp.GradScaler(args...)` is deprecated. Please use `torch.amp.GradScaler('cuda', args...)` instead.
  SCALER    = GradScaler(enabled=MIXED_PREC)
/Users/yashnilmohanty/Desktop/habs-forecast/pinn/pinn_model.py:46: FutureWarning: `torch.cuda.amp.GradScaler(args...)` is deprecated. Please use `torch.amp.GradScaler('cuda', args...)` instead.
  SCALER    = GradScaler(enabled=MIXED_PREC)
/Users/yashnilmohanty/Desktop/habs-forecast/pinn/pinn_model.py:46: FutureWarning: `torch.cuda.amp.GradScaler(args...)` is deprecated. Please use `torch.amp.GradScaler('cuda', args...)` instead.
  SCALER    = GradScaler(enabled=MIXED_PREC)
/Users/yashnilmohanty/Desktop/habs-forecast/pinn/pinn_model.py:46: FutureWarning: `torch.cuda.amp.GradScaler(args...)` is deprecated. Please use `torch.amp.GradScaler('cuda', args...)` instead.
  SCALER    = GradScaler(enabled=MIXED_PREC)
Using device: cpu
Using device: cpu
Using device: cpu
Using device: cpu
/Users/yashnilmohanty/Desktop/habs-forecast/pinn/pinn_model.py:46: FutureWarning: `torch.cuda.amp.GradScaler(args...)` is deprecated. Please use `torch.amp.GradScaler('cuda', args...)` instead.
  SCALER    = GradScaler(enabled=MIXED_PREC)
/Users/yashnilmohanty/Desktop/habs-forecast/pinn/pinn_model.py:46: FutureWarning: `torch.cuda.amp.GradScaler(args...)` is deprecated. Please use `torch.amp.GradScaler('cuda', args...)` instead.
  SCALER    = GradScaler(enabled=MIXED_PREC)
Using device: cpu
Using device: cpu
/Users/yashnilmohanty/Desktop/habs-forecast/pinn/pinn_model.py:46: FutureWarning: `torch.cuda.amp.GradScaler(args...)` is deprecated. Please use `torch.amp.GradScaler('cuda', args...)` instead.
  SCALER    = GradScaler(enabled=MIXED_PREC)
/Users/yashnilmohanty/Desktop/habs-forecast/pinn/pinn_model.py:46: FutureWarning: `torch.cuda.amp.GradScaler(args...)` is deprecated. Please use `torch.amp.GradScaler('cuda', args...)` instead.
  SCALER    = GradScaler(enabled=MIXED_PREC)
/Users/yashnilmohanty/Desktop/habs-forecast/pinn/pinn_model.py:46: FutureWarning: `torch.cuda.amp.GradScaler(args...)` is deprecated. Please use `torch.amp.GradScaler('cuda', args...)` instead.
  SCALER    = GradScaler(enabled=MIXED_PREC)
/Users/yashnilmohanty/Desktop/habs-forecast/pinn/pinn_model.py:46: FutureWarning: `torch.cuda.amp.GradScaler(args...)` is deprecated. Please use `torch.amp.GradScaler('cuda', args...)` instead.
  SCALER    = GradScaler(enabled=MIXED_PREC)
Using device: cpu
Using device: cpu
Using device: cpu
Using device: cpu
/Users/yashnilmohanty/Desktop/habs-forecast/pinn/pinn_model.py:46: FutureWarning: `torch.cuda.amp.GradScaler(args...)` is deprecated. Please use `torch.amp.GradScaler('cuda', args...)` instead.
  SCALER    = GradScaler(enabled=MIXED_PREC)
/Users/yashnilmohanty/Desktop/habs-forecast/pinn/pinn_model.py:46: FutureWarning: `torch.cuda.amp.GradScaler(args...)` is deprecated. Please use `torch.amp.GradScaler('cuda', args...)` instead.
  SCALER    = GradScaler(enabled=MIXED_PREC)
Using device: cpu
Using device: cpu
/Users/yashnilmohanty/Desktop/habs-forecast/pinn/pinn_model.py:46: FutureWarning: `torch.cuda.amp.GradScaler(args...)` is deprecated. Please use `torch.amp.GradScaler('cuda', args...)` instead.
  SCALER    = GradScaler(enabled=MIXED_PREC)
/Users/yashnilmohanty/Desktop/habs-forecast/pinn/pinn_model.py:46: FutureWarning: `torch.cuda.amp.GradScaler(args...)` is deprecated. Please use `torch.amp.GradScaler('cuda', args...)` instead.
  SCALER    = GradScaler(enabled=MIXED_PREC)
/Users/yashnilmohanty/Desktop/habs-forecast/pinn/pinn_model.py:46: FutureWarning: `torch.cuda.amp.GradScaler(args...)` is deprecated. Please use `torch.amp.GradScaler('cuda', args...)` instead.
  SCALER    = GradScaler(enabled=MIXED_PREC)
/Users/yashnilmohanty/Desktop/habs-forecast/pinn/pinn_model.py:46: FutureWarning: `torch.cuda.amp.GradScaler(args...)` is deprecated. Please use `torch.amp.GradScaler('cuda', args...)` instead.
  SCALER    = GradScaler(enabled=MIXED_PREC)
Using device: cpu
Using device: cpu
Using device: cpu
Using device: cpu
/Users/yashnilmohanty/Desktop/habs-forecast/pinn/pinn_model.py:46: FutureWarning: `torch.cuda.amp.GradScaler(args...)` is deprecated. Please use `torch.amp.GradScaler('cuda', args...)` instead.
  SCALER    = GradScaler(enabled=MIXED_PREC)
/Users/yashnilmohanty/Desktop/habs-forecast/pinn/pinn_model.py:46: FutureWarning: `torch.cuda.amp.GradScaler(args...)` is deprecated. Please use `torch.amp.GradScaler('cuda', args...)` instead.
  SCALER    = GradScaler(enabled=MIXED_PREC)
Using device: cpu
Using device: cpu
/Users/yashnilmohanty/Desktop/habs-forecast/pinn/pinn_model.py:46: FutureWarning: `torch.cuda.amp.GradScaler(args...)` is deprecated. Please use `torch.amp.GradScaler('cuda', args...)` instead.
  SCALER    = GradScaler(enabled=MIXED_PREC)
/Users/yashnilmohanty/Desktop/habs-forecast/pinn/pinn_model.py:46: FutureWarning: `torch.cuda.amp.GradScaler(args...)` is deprecated. Please use `torch.amp.GradScaler('cuda', args...)` instead.
  SCALER    = GradScaler(enabled=MIXED_PREC)
/Users/yashnilmohanty/Desktop/habs-forecast/pinn/pinn_model.py:46: FutureWarning: `torch.cuda.amp.GradScaler(args...)` is deprecated. Please use `torch.amp.GradScaler('cuda', args...)` instead.
  SCALER    = GradScaler(enabled=MIXED_PREC)
/Users/yashnilmohanty/Desktop/habs-forecast/pinn/pinn_model.py:46: FutureWarning: `torch.cuda.amp.GradScaler(args...)` is deprecated. Please use `torch.amp.GradScaler('cuda', args...)` instead.
  SCALER    = GradScaler(enabled=MIXED_PREC)
Using device: cpu
Using device: cpu
Using device: cpu
Using device: cpu
/Users/yashnilmohanty/Desktop/habs-forecast/pinn/pinn_model.py:46: FutureWarning: `torch.cuda.amp.GradScaler(args...)` is deprecated. Please use `torch.amp.GradScaler('cuda', args...)` instead.
  SCALER    = GradScaler(enabled=MIXED_PREC)
/Users/yashnilmohanty/Desktop/habs-forecast/pinn/pinn_model.py:46: FutureWarning: `torch.cuda.amp.GradScaler(args...)` is deprecated. Please use `torch.amp.GradScaler('cuda', args...)` instead.
  SCALER    = GradScaler(enabled=MIXED_PREC)
Using device: cpu
Using device: cpu
E30  val RMSE=0.6952  κ=100.00  λ=5.0000
/Users/yashnilmohanty/Desktop/habs-forecast/pinn/pinn_model.py:46: FutureWarning: `torch.cuda.amp.GradScaler(args...)` is deprecated. Please use `torch.amp.GradScaler('cuda', args...)` instead.
  SCALER    = GradScaler(enabled=MIXED_PREC)
/Users/yashnilmohanty/Desktop/habs-forecast/pinn/pinn_model.py:46: FutureWarning: `torch.cuda.amp.GradScaler(args...)` is deprecated. Please use `torch.amp.GradScaler('cuda', args...)` instead.
  SCALER    = GradScaler(enabled=MIXED_PREC)
/Users/yashnilmohanty/Desktop/habs-forecast/pinn/pinn_model.py:46: FutureWarning: `torch.cuda.amp.GradScaler(args...)` is deprecated. Please use `torch.amp.GradScaler('cuda', args...)` instead.
  SCALER    = GradScaler(enabled=MIXED_PREC)
/Users/yashnilmohanty/Desktop/habs-forecast/pinn/pinn_model.py:46: FutureWarning: `torch.cuda.amp.GradScaler(args...)` is deprecated. Please use `torch.amp.GradScaler('cuda', args...)` instead.
  SCALER    = GradScaler(enabled=MIXED_PREC)
/Users/yashnilmohanty/Desktop/habs-forecast/pinn/ablation_studies.py:184: FutureWarning: `torch.cuda.amp.autocast(args...)` is deprecated. Please use `torch.amp.autocast('cuda', args...)` instead.
  with autocast(enabled=MIXED_PREC):
Using device: cpu
Using device: cpu
Using device: cpu
Using device: cpu
/Users/yashnilmohanty/Desktop/habs-forecast/pinn/pinn_model.py:46: FutureWarning: `torch.cuda.amp.GradScaler(args...)` is deprecated. Please use `torch.amp.GradScaler('cuda', args...)` instead.
  SCALER    = GradScaler(enabled=MIXED_PREC)
/Users/yashnilmohanty/Desktop/habs-forecast/pinn/pinn_model.py:46: FutureWarning: `torch.cuda.amp.GradScaler(args...)` is deprecated. Please use `torch.amp.GradScaler('cuda', args...)` instead.
  SCALER    = GradScaler(enabled=MIXED_PREC)
Using device: cpu
Using device: cpu
/Users/yashnilmohanty/Desktop/habs-forecast/pinn/pinn_model.py:46: FutureWarning: `torch.cuda.amp.GradScaler(args...)` is deprecated. Please use `torch.amp.GradScaler('cuda', args...)` instead.
  SCALER    = GradScaler(enabled=MIXED_PREC)
/Users/yashnilmohanty/Desktop/habs-forecast/pinn/pinn_model.py:46: FutureWarning: `torch.cuda.amp.GradScaler(args...)` is deprecated. Please use `torch.amp.GradScaler('cuda', args...)` instead.
  SCALER    = GradScaler(enabled=MIXED_PREC)
Using device: cpu
Using device: cpu
/Users/yashnilmohanty/miniforge3/lib/python3.12/site-packages/torch/utils/data/dataloader.py:683: UserWarning: 'pin_memory' argument is set as true but not supported on MPS now, then device pinned memory won't be used.
  warnings.warn(warn_msg)
  Results: train=0.7427, val=0.6952, test=0.8061
  Final κ = 100.00 (init: 100.0)
  ✓ Saved progress to paper_results/ablation/kappa/ablation_kappa.csv

[7/7] Training with κ_init = 500.0
/Users/yashnilmohanty/Desktop/habs-forecast/pinn/pinn_model.py:46: FutureWarning: `torch.cuda.amp.GradScaler(args...)` is deprecated. Please use `torch.amp.GradScaler('cuda', args...)` instead.
  SCALER    = GradScaler(enabled=MIXED_PREC)
/Users/yashnilmohanty/Desktop/habs-forecast/pinn/pinn_model.py:46: FutureWarning: `torch.cuda.amp.GradScaler(args...)` is deprecated. Please use `torch.amp.GradScaler('cuda', args...)` instead.
  SCALER    = GradScaler(enabled=MIXED_PREC)
/Users/yashnilmohanty/Desktop/habs-forecast/pinn/pinn_model.py:46: FutureWarning: `torch.cuda.amp.GradScaler(args...)` is deprecated. Please use `torch.amp.GradScaler('cuda', args...)` instead.
  SCALER    = GradScaler(enabled=MIXED_PREC)
/Users/yashnilmohanty/Desktop/habs-forecast/pinn/pinn_model.py:46: FutureWarning: `torch.cuda.amp.GradScaler(args...)` is deprecated. Please use `torch.amp.GradScaler('cuda', args...)` instead.
  SCALER    = GradScaler(enabled=MIXED_PREC)
/Users/yashnilmohanty/Desktop/habs-forecast/pinn/ablation_studies.py:89: FutureWarning: `torch.cuda.amp.autocast(args...)` is deprecated. Please use `torch.amp.autocast('cuda', args...)` instead.
  with autocast(enabled=MIXED_PREC):
Using device: cpu
Using device: cpu
Using device: cpu
Using device: cpu
/Users/yashnilmohanty/Desktop/habs-forecast/pinn/pinn_model.py:46: FutureWarning: `torch.cuda.amp.GradScaler(args...)` is deprecated. Please use `torch.amp.GradScaler('cuda', args...)` instead.
  SCALER    = GradScaler(enabled=MIXED_PREC)
/Users/yashnilmohanty/Desktop/habs-forecast/pinn/pinn_model.py:46: FutureWarning: `torch.cuda.amp.GradScaler(args...)` is deprecated. Please use `torch.amp.GradScaler('cuda', args...)` instead.
  SCALER    = GradScaler(enabled=MIXED_PREC)
/Users/yashnilmohanty/Desktop/habs-forecast/pinn/ablation_studies.py:158: FutureWarning: `torch.cuda.amp.autocast(args...)` is deprecated. Please use `torch.amp.autocast('cuda', args...)` instead.
  with autocast(enabled=MIXED_PREC):
Using device: cpu
Using device: cpu
/Users/yashnilmohanty/Desktop/habs-forecast/pinn/pinn_model.py:46: FutureWarning: `torch.cuda.amp.GradScaler(args...)` is deprecated. Please use `torch.amp.GradScaler('cuda', args...)` instead.
  SCALER    = GradScaler(enabled=MIXED_PREC)
/Users/yashnilmohanty/Desktop/habs-forecast/pinn/pinn_model.py:46: FutureWarning: `torch.cuda.amp.GradScaler(args...)` is deprecated. Please use `torch.amp.GradScaler('cuda', args...)` instead.
  SCALER    = GradScaler(enabled=MIXED_PREC)
/Users/yashnilmohanty/Desktop/habs-forecast/pinn/pinn_model.py:46: FutureWarning: `torch.cuda.amp.GradScaler(args...)` is deprecated. Please use `torch.amp.GradScaler('cuda', args...)` instead.
  SCALER    = GradScaler(enabled=MIXED_PREC)
/Users/yashnilmohanty/Desktop/habs-forecast/pinn/pinn_model.py:46: FutureWarning: `torch.cuda.amp.GradScaler(args...)` is deprecated. Please use `torch.amp.GradScaler('cuda', args...)` instead.
  SCALER    = GradScaler(enabled=MIXED_PREC)
Using device: cpu
Using device: cpu
Using device: cpu
Using device: cpu
/Users/yashnilmohanty/Desktop/habs-forecast/pinn/pinn_model.py:46: FutureWarning: `torch.cuda.amp.GradScaler(args...)` is deprecated. Please use `torch.amp.GradScaler('cuda', args...)` instead.
  SCALER    = GradScaler(enabled=MIXED_PREC)
/Users/yashnilmohanty/Desktop/habs-forecast/pinn/pinn_model.py:46: FutureWarning: `torch.cuda.amp.GradScaler(args...)` is deprecated. Please use `torch.amp.GradScaler('cuda', args...)` instead.
  SCALER    = GradScaler(enabled=MIXED_PREC)
Using device: cpu
Using device: cpu
/Users/yashnilmohanty/Desktop/habs-forecast/pinn/pinn_model.py:46: FutureWarning: `torch.cuda.amp.GradScaler(args...)` is deprecated. Please use `torch.amp.GradScaler('cuda', args...)` instead.
  SCALER    = GradScaler(enabled=MIXED_PREC)
/Users/yashnilmohanty/Desktop/habs-forecast/pinn/pinn_model.py:46: FutureWarning: `torch.cuda.amp.GradScaler(args...)` is deprecated. Please use `torch.amp.GradScaler('cuda', args...)` instead.
  SCALER    = GradScaler(enabled=MIXED_PREC)
/Users/yashnilmohanty/Desktop/habs-forecast/pinn/pinn_model.py:46: FutureWarning: `torch.cuda.amp.GradScaler(args...)` is deprecated. Please use `torch.amp.GradScaler('cuda', args...)` instead.
  SCALER    = GradScaler(enabled=MIXED_PREC)
/Users/yashnilmohanty/Desktop/habs-forecast/pinn/pinn_model.py:46: FutureWarning: `torch.cuda.amp.GradScaler(args...)` is deprecated. Please use `torch.amp.GradScaler('cuda', args...)` instead.
  SCALER    = GradScaler(enabled=MIXED_PREC)
Using device: cpu
Using device: cpu
Using device: cpu
Using device: cpu
/Users/yashnilmohanty/Desktop/habs-forecast/pinn/pinn_model.py:46: FutureWarning: `torch.cuda.amp.GradScaler(args...)` is deprecated. Please use `torch.amp.GradScaler('cuda', args...)` instead.
  SCALER    = GradScaler(enabled=MIXED_PREC)
/Users/yashnilmohanty/Desktop/habs-forecast/pinn/pinn_model.py:46: FutureWarning: `torch.cuda.amp.GradScaler(args...)` is deprecated. Please use `torch.amp.GradScaler('cuda', args...)` instead.
  SCALER    = GradScaler(enabled=MIXED_PREC)
Using device: cpu
Using device: cpu
/Users/yashnilmohanty/Desktop/habs-forecast/pinn/pinn_model.py:46: FutureWarning: `torch.cuda.amp.GradScaler(args...)` is deprecated. Please use `torch.amp.GradScaler('cuda', args...)` instead.
  SCALER    = GradScaler(enabled=MIXED_PREC)
/Users/yashnilmohanty/Desktop/habs-forecast/pinn/pinn_model.py:46: FutureWarning: `torch.cuda.amp.GradScaler(args...)` is deprecated. Please use `torch.amp.GradScaler('cuda', args...)` instead.
  SCALER    = GradScaler(enabled=MIXED_PREC)
/Users/yashnilmohanty/Desktop/habs-forecast/pinn/pinn_model.py:46: FutureWarning: `torch.cuda.amp.GradScaler(args...)` is deprecated. Please use `torch.amp.GradScaler('cuda', args...)` instead.
  SCALER    = GradScaler(enabled=MIXED_PREC)
/Users/yashnilmohanty/Desktop/habs-forecast/pinn/pinn_model.py:46: FutureWarning: `torch.cuda.amp.GradScaler(args...)` is deprecated. Please use `torch.amp.GradScaler('cuda', args...)` instead.
  SCALER    = GradScaler(enabled=MIXED_PREC)
Using device: cpu
Using device: cpu
Using device: cpu
Using device: cpu
/Users/yashnilmohanty/Desktop/habs-forecast/pinn/pinn_model.py:46: FutureWarning: `torch.cuda.amp.GradScaler(args...)` is deprecated. Please use `torch.amp.GradScaler('cuda', args...)` instead.
  SCALER    = GradScaler(enabled=MIXED_PREC)
/Users/yashnilmohanty/Desktop/habs-forecast/pinn/pinn_model.py:46: FutureWarning: `torch.cuda.amp.GradScaler(args...)` is deprecated. Please use `torch.amp.GradScaler('cuda', args...)` instead.
  SCALER    = GradScaler(enabled=MIXED_PREC)
Using device: cpu
Using device: cpu
/Users/yashnilmohanty/Desktop/habs-forecast/pinn/pinn_model.py:46: FutureWarning: `torch.cuda.amp.GradScaler(args...)` is deprecated. Please use `torch.amp.GradScaler('cuda', args...)` instead.
  SCALER    = GradScaler(enabled=MIXED_PREC)
/Users/yashnilmohanty/Desktop/habs-forecast/pinn/pinn_model.py:46: FutureWarning: `torch.cuda.amp.GradScaler(args...)` is deprecated. Please use `torch.amp.GradScaler('cuda', args...)` instead.
  SCALER    = GradScaler(enabled=MIXED_PREC)
/Users/yashnilmohanty/Desktop/habs-forecast/pinn/pinn_model.py:46: FutureWarning: `torch.cuda.amp.GradScaler(args...)` is deprecated. Please use `torch.amp.GradScaler('cuda', args...)` instead.
  SCALER    = GradScaler(enabled=MIXED_PREC)
/Users/yashnilmohanty/Desktop/habs-forecast/pinn/pinn_model.py:46: FutureWarning: `torch.cuda.amp.GradScaler(args...)` is deprecated. Please use `torch.amp.GradScaler('cuda', args...)` instead.
  SCALER    = GradScaler(enabled=MIXED_PREC)
Using device: cpu
Using device: cpu
Using device: cpu
Using device: cpu
/Users/yashnilmohanty/Desktop/habs-forecast/pinn/pinn_model.py:46: FutureWarning: `torch.cuda.amp.GradScaler(args...)` is deprecated. Please use `torch.amp.GradScaler('cuda', args...)` instead.
  SCALER    = GradScaler(enabled=MIXED_PREC)
/Users/yashnilmohanty/Desktop/habs-forecast/pinn/pinn_model.py:46: FutureWarning: `torch.cuda.amp.GradScaler(args...)` is deprecated. Please use `torch.amp.GradScaler('cuda', args...)` instead.
  SCALER    = GradScaler(enabled=MIXED_PREC)
Using device: cpu
Using device: cpu
E05  val RMSE=0.7729  κ=500.00  λ=0.0000
/Users/yashnilmohanty/Desktop/habs-forecast/pinn/pinn_model.py:46: FutureWarning: `torch.cuda.amp.GradScaler(args...)` is deprecated. Please use `torch.amp.GradScaler('cuda', args...)` instead.
  SCALER    = GradScaler(enabled=MIXED_PREC)
/Users/yashnilmohanty/Desktop/habs-forecast/pinn/pinn_model.py:46: FutureWarning: `torch.cuda.amp.GradScaler(args...)` is deprecated. Please use `torch.amp.GradScaler('cuda', args...)` instead.
  SCALER    = GradScaler(enabled=MIXED_PREC)
/Users/yashnilmohanty/Desktop/habs-forecast/pinn/pinn_model.py:46: FutureWarning: `torch.cuda.amp.GradScaler(args...)` is deprecated. Please use `torch.amp.GradScaler('cuda', args...)` instead.
  SCALER    = GradScaler(enabled=MIXED_PREC)
/Users/yashnilmohanty/Desktop/habs-forecast/pinn/pinn_model.py:46: FutureWarning: `torch.cuda.amp.GradScaler(args...)` is deprecated. Please use `torch.amp.GradScaler('cuda', args...)` instead.
  SCALER    = GradScaler(enabled=MIXED_PREC)
Using device: cpu
Using device: cpu
Using device: cpu
Using device: cpu
/Users/yashnilmohanty/Desktop/habs-forecast/pinn/pinn_model.py:46: FutureWarning: `torch.cuda.amp.GradScaler(args...)` is deprecated. Please use `torch.amp.GradScaler('cuda', args...)` instead.
  SCALER    = GradScaler(enabled=MIXED_PREC)
/Users/yashnilmohanty/Desktop/habs-forecast/pinn/pinn_model.py:46: FutureWarning: `torch.cuda.amp.GradScaler(args...)` is deprecated. Please use `torch.amp.GradScaler('cuda', args...)` instead.
  SCALER    = GradScaler(enabled=MIXED_PREC)
Using device: cpu
Using device: cpu
/Users/yashnilmohanty/Desktop/habs-forecast/pinn/pinn_model.py:46: FutureWarning: `torch.cuda.amp.GradScaler(args...)` is deprecated. Please use `torch.amp.GradScaler('cuda', args...)` instead.
  SCALER    = GradScaler(enabled=MIXED_PREC)
/Users/yashnilmohanty/Desktop/habs-forecast/pinn/pinn_model.py:46: FutureWarning: `torch.cuda.amp.GradScaler(args...)` is deprecated. Please use `torch.amp.GradScaler('cuda', args...)` instead.
  SCALER    = GradScaler(enabled=MIXED_PREC)
/Users/yashnilmohanty/Desktop/habs-forecast/pinn/pinn_model.py:46: FutureWarning: `torch.cuda.amp.GradScaler(args...)` is deprecated. Please use `torch.amp.GradScaler('cuda', args...)` instead.
  SCALER    = GradScaler(enabled=MIXED_PREC)
/Users/yashnilmohanty/Desktop/habs-forecast/pinn/pinn_model.py:46: FutureWarning: `torch.cuda.amp.GradScaler(args...)` is deprecated. Please use `torch.amp.GradScaler('cuda', args...)` instead.
  SCALER    = GradScaler(enabled=MIXED_PREC)
Using device: cpu
Using device: cpu
Using device: cpu
Using device: cpu
/Users/yashnilmohanty/Desktop/habs-forecast/pinn/pinn_model.py:46: FutureWarning: `torch.cuda.amp.GradScaler(args...)` is deprecated. Please use `torch.amp.GradScaler('cuda', args...)` instead.
  SCALER    = GradScaler(enabled=MIXED_PREC)
/Users/yashnilmohanty/Desktop/habs-forecast/pinn/pinn_model.py:46: FutureWarning: `torch.cuda.amp.GradScaler(args...)` is deprecated. Please use `torch.amp.GradScaler('cuda', args...)` instead.
  SCALER    = GradScaler(enabled=MIXED_PREC)
Using device: cpu
Using device: cpu
/Users/yashnilmohanty/Desktop/habs-forecast/pinn/pinn_model.py:46: FutureWarning: `torch.cuda.amp.GradScaler(args...)` is deprecated. Please use `torch.amp.GradScaler('cuda', args...)` instead.
  SCALER    = GradScaler(enabled=MIXED_PREC)
/Users/yashnilmohanty/Desktop/habs-forecast/pinn/pinn_model.py:46: FutureWarning: `torch.cuda.amp.GradScaler(args...)` is deprecated. Please use `torch.amp.GradScaler('cuda', args...)` instead.
  SCALER    = GradScaler(enabled=MIXED_PREC)
/Users/yashnilmohanty/Desktop/habs-forecast/pinn/pinn_model.py:46: FutureWarning: `torch.cuda.amp.GradScaler(args...)` is deprecated. Please use `torch.amp.GradScaler('cuda', args...)` instead.
  SCALER    = GradScaler(enabled=MIXED_PREC)
/Users/yashnilmohanty/Desktop/habs-forecast/pinn/pinn_model.py:46: FutureWarning: `torch.cuda.amp.GradScaler(args...)` is deprecated. Please use `torch.amp.GradScaler('cuda', args...)` instead.
  SCALER    = GradScaler(enabled=MIXED_PREC)
Using device: cpu
Using device: cpu
Using device: cpu
Using device: cpu
/Users/yashnilmohanty/Desktop/habs-forecast/pinn/pinn_model.py:46: FutureWarning: `torch.cuda.amp.GradScaler(args...)` is deprecated. Please use `torch.amp.GradScaler('cuda', args...)` instead.
  SCALER    = GradScaler(enabled=MIXED_PREC)
/Users/yashnilmohanty/Desktop/habs-forecast/pinn/pinn_model.py:46: FutureWarning: `torch.cuda.amp.GradScaler(args...)` is deprecated. Please use `torch.amp.GradScaler('cuda', args...)` instead.
  SCALER    = GradScaler(enabled=MIXED_PREC)
Using device: cpu
Using device: cpu
/Users/yashnilmohanty/Desktop/habs-forecast/pinn/pinn_model.py:46: FutureWarning: `torch.cuda.amp.GradScaler(args...)` is deprecated. Please use `torch.amp.GradScaler('cuda', args...)` instead.
  SCALER    = GradScaler(enabled=MIXED_PREC)
/Users/yashnilmohanty/Desktop/habs-forecast/pinn/pinn_model.py:46: FutureWarning: `torch.cuda.amp.GradScaler(args...)` is deprecated. Please use `torch.amp.GradScaler('cuda', args...)` instead.
  SCALER    = GradScaler(enabled=MIXED_PREC)
/Users/yashnilmohanty/Desktop/habs-forecast/pinn/pinn_model.py:46: FutureWarning: `torch.cuda.amp.GradScaler(args...)` is deprecated. Please use `torch.amp.GradScaler('cuda', args...)` instead.
  SCALER    = GradScaler(enabled=MIXED_PREC)
/Users/yashnilmohanty/Desktop/habs-forecast/pinn/pinn_model.py:46: FutureWarning: `torch.cuda.amp.GradScaler(args...)` is deprecated. Please use `torch.amp.GradScaler('cuda', args...)` instead.
  SCALER    = GradScaler(enabled=MIXED_PREC)
Using device: cpu
Using device: cpu
Using device: cpu
Using device: cpu
/Users/yashnilmohanty/Desktop/habs-forecast/pinn/pinn_model.py:46: FutureWarning: `torch.cuda.amp.GradScaler(args...)` is deprecated. Please use `torch.amp.GradScaler('cuda', args...)` instead.
  SCALER    = GradScaler(enabled=MIXED_PREC)
/Users/yashnilmohanty/Desktop/habs-forecast/pinn/pinn_model.py:46: FutureWarning: `torch.cuda.amp.GradScaler(args...)` is deprecated. Please use `torch.amp.GradScaler('cuda', args...)` instead.
  SCALER    = GradScaler(enabled=MIXED_PREC)
Using device: cpu
Using device: cpu
/Users/yashnilmohanty/Desktop/habs-forecast/pinn/pinn_model.py:46: FutureWarning: `torch.cuda.amp.GradScaler(args...)` is deprecated. Please use `torch.amp.GradScaler('cuda', args...)` instead.
  SCALER    = GradScaler(enabled=MIXED_PREC)
/Users/yashnilmohanty/Desktop/habs-forecast/pinn/pinn_model.py:46: FutureWarning: `torch.cuda.amp.GradScaler(args...)` is deprecated. Please use `torch.amp.GradScaler('cuda', args...)` instead.
  SCALER    = GradScaler(enabled=MIXED_PREC)
/Users/yashnilmohanty/Desktop/habs-forecast/pinn/pinn_model.py:46: FutureWarning: `torch.cuda.amp.GradScaler(args...)` is deprecated. Please use `torch.amp.GradScaler('cuda', args...)` instead.
  SCALER    = GradScaler(enabled=MIXED_PREC)
/Users/yashnilmohanty/Desktop/habs-forecast/pinn/pinn_model.py:46: FutureWarning: `torch.cuda.amp.GradScaler(args...)` is deprecated. Please use `torch.amp.GradScaler('cuda', args...)` instead.
  SCALER    = GradScaler(enabled=MIXED_PREC)
Using device: cpu
Using device: cpu
Using device: cpu
Using device: cpu
/Users/yashnilmohanty/Desktop/habs-forecast/pinn/pinn_model.py:46: FutureWarning: `torch.cuda.amp.GradScaler(args...)` is deprecated. Please use `torch.amp.GradScaler('cuda', args...)` instead.
  SCALER    = GradScaler(enabled=MIXED_PREC)
/Users/yashnilmohanty/Desktop/habs-forecast/pinn/pinn_model.py:46: FutureWarning: `torch.cuda.amp.GradScaler(args...)` is deprecated. Please use `torch.amp.GradScaler('cuda', args...)` instead.
  SCALER    = GradScaler(enabled=MIXED_PREC)
Using device: cpu
Using device: cpu
E10  val RMSE=0.7577  κ=500.00  λ=0.0000
/Users/yashnilmohanty/Desktop/habs-forecast/pinn/pinn_model.py:46: FutureWarning: `torch.cuda.amp.GradScaler(args...)` is deprecated. Please use `torch.amp.GradScaler('cuda', args...)` instead.
  SCALER    = GradScaler(enabled=MIXED_PREC)
/Users/yashnilmohanty/Desktop/habs-forecast/pinn/pinn_model.py:46: FutureWarning: `torch.cuda.amp.GradScaler(args...)` is deprecated. Please use `torch.amp.GradScaler('cuda', args...)` instead.
  SCALER    = GradScaler(enabled=MIXED_PREC)
/Users/yashnilmohanty/Desktop/habs-forecast/pinn/pinn_model.py:46: FutureWarning: `torch.cuda.amp.GradScaler(args...)` is deprecated. Please use `torch.amp.GradScaler('cuda', args...)` instead.
  SCALER    = GradScaler(enabled=MIXED_PREC)
/Users/yashnilmohanty/Desktop/habs-forecast/pinn/pinn_model.py:46: FutureWarning: `torch.cuda.amp.GradScaler(args...)` is deprecated. Please use `torch.amp.GradScaler('cuda', args...)` instead.
  SCALER    = GradScaler(enabled=MIXED_PREC)
Using device: cpu
Using device: cpu
Using device: cpu
Using device: cpu
/Users/yashnilmohanty/Desktop/habs-forecast/pinn/pinn_model.py:46: FutureWarning: `torch.cuda.amp.GradScaler(args...)` is deprecated. Please use `torch.amp.GradScaler('cuda', args...)` instead.
  SCALER    = GradScaler(enabled=MIXED_PREC)
/Users/yashnilmohanty/Desktop/habs-forecast/pinn/pinn_model.py:46: FutureWarning: `torch.cuda.amp.GradScaler(args...)` is deprecated. Please use `torch.amp.GradScaler('cuda', args...)` instead.
  SCALER    = GradScaler(enabled=MIXED_PREC)
Using device: cpu
Using device: cpu
/Users/yashnilmohanty/Desktop/habs-forecast/pinn/pinn_model.py:46: FutureWarning: `torch.cuda.amp.GradScaler(args...)` is deprecated. Please use `torch.amp.GradScaler('cuda', args...)` instead.
  SCALER    = GradScaler(enabled=MIXED_PREC)
/Users/yashnilmohanty/Desktop/habs-forecast/pinn/pinn_model.py:46: FutureWarning: `torch.cuda.amp.GradScaler(args...)` is deprecated. Please use `torch.amp.GradScaler('cuda', args...)` instead.
  SCALER    = GradScaler(enabled=MIXED_PREC)
/Users/yashnilmohanty/Desktop/habs-forecast/pinn/pinn_model.py:46: FutureWarning: `torch.cuda.amp.GradScaler(args...)` is deprecated. Please use `torch.amp.GradScaler('cuda', args...)` instead.
  SCALER    = GradScaler(enabled=MIXED_PREC)
/Users/yashnilmohanty/Desktop/habs-forecast/pinn/pinn_model.py:46: FutureWarning: `torch.cuda.amp.GradScaler(args...)` is deprecated. Please use `torch.amp.GradScaler('cuda', args...)` instead.
  SCALER    = GradScaler(enabled=MIXED_PREC)
Using device: cpu
Using device: cpu
Using device: cpu
Using device: cpu
/Users/yashnilmohanty/Desktop/habs-forecast/pinn/pinn_model.py:46: FutureWarning: `torch.cuda.amp.GradScaler(args...)` is deprecated. Please use `torch.amp.GradScaler('cuda', args...)` instead.
  SCALER    = GradScaler(enabled=MIXED_PREC)
/Users/yashnilmohanty/Desktop/habs-forecast/pinn/pinn_model.py:46: FutureWarning: `torch.cuda.amp.GradScaler(args...)` is deprecated. Please use `torch.amp.GradScaler('cuda', args...)` instead.
  SCALER    = GradScaler(enabled=MIXED_PREC)
Using device: cpu
Using device: cpu
/Users/yashnilmohanty/Desktop/habs-forecast/pinn/pinn_model.py:46: FutureWarning: `torch.cuda.amp.GradScaler(args...)` is deprecated. Please use `torch.amp.GradScaler('cuda', args...)` instead.
  SCALER    = GradScaler(enabled=MIXED_PREC)
/Users/yashnilmohanty/Desktop/habs-forecast/pinn/pinn_model.py:46: FutureWarning: `torch.cuda.amp.GradScaler(args...)` is deprecated. Please use `torch.amp.GradScaler('cuda', args...)` instead.
  SCALER    = GradScaler(enabled=MIXED_PREC)
/Users/yashnilmohanty/Desktop/habs-forecast/pinn/pinn_model.py:46: FutureWarning: `torch.cuda.amp.GradScaler(args...)` is deprecated. Please use `torch.amp.GradScaler('cuda', args...)` instead.
  SCALER    = GradScaler(enabled=MIXED_PREC)
/Users/yashnilmohanty/Desktop/habs-forecast/pinn/pinn_model.py:46: FutureWarning: `torch.cuda.amp.GradScaler(args...)` is deprecated. Please use `torch.amp.GradScaler('cuda', args...)` instead.
  SCALER    = GradScaler(enabled=MIXED_PREC)
Using device: cpu
Using device: cpu
Using device: cpu
Using device: cpu
/Users/yashnilmohanty/Desktop/habs-forecast/pinn/pinn_model.py:46: FutureWarning: `torch.cuda.amp.GradScaler(args...)` is deprecated. Please use `torch.amp.GradScaler('cuda', args...)` instead.
  SCALER    = GradScaler(enabled=MIXED_PREC)
/Users/yashnilmohanty/Desktop/habs-forecast/pinn/pinn_model.py:46: FutureWarning: `torch.cuda.amp.GradScaler(args...)` is deprecated. Please use `torch.amp.GradScaler('cuda', args...)` instead.
  SCALER    = GradScaler(enabled=MIXED_PREC)
Using device: cpu
Using device: cpu
/Users/yashnilmohanty/Desktop/habs-forecast/pinn/pinn_model.py:46: FutureWarning: `torch.cuda.amp.GradScaler(args...)` is deprecated. Please use `torch.amp.GradScaler('cuda', args...)` instead.
  SCALER    = GradScaler(enabled=MIXED_PREC)
/Users/yashnilmohanty/Desktop/habs-forecast/pinn/pinn_model.py:46: FutureWarning: `torch.cuda.amp.GradScaler(args...)` is deprecated. Please use `torch.amp.GradScaler('cuda', args...)` instead.
  SCALER    = GradScaler(enabled=MIXED_PREC)
/Users/yashnilmohanty/Desktop/habs-forecast/pinn/pinn_model.py:46: FutureWarning: `torch.cuda.amp.GradScaler(args...)` is deprecated. Please use `torch.amp.GradScaler('cuda', args...)` instead.
  SCALER    = GradScaler(enabled=MIXED_PREC)
/Users/yashnilmohanty/Desktop/habs-forecast/pinn/pinn_model.py:46: FutureWarning: `torch.cuda.amp.GradScaler(args...)` is deprecated. Please use `torch.amp.GradScaler('cuda', args...)` instead.
  SCALER    = GradScaler(enabled=MIXED_PREC)
Using device: cpu
Using device: cpu
Using device: cpu
Using device: cpu
/Users/yashnilmohanty/Desktop/habs-forecast/pinn/pinn_model.py:46: FutureWarning: `torch.cuda.amp.GradScaler(args...)` is deprecated. Please use `torch.amp.GradScaler('cuda', args...)` instead.
  SCALER    = GradScaler(enabled=MIXED_PREC)
/Users/yashnilmohanty/Desktop/habs-forecast/pinn/pinn_model.py:46: FutureWarning: `torch.cuda.amp.GradScaler(args...)` is deprecated. Please use `torch.amp.GradScaler('cuda', args...)` instead.
  SCALER    = GradScaler(enabled=MIXED_PREC)
Using device: cpu
Using device: cpu
/Users/yashnilmohanty/Desktop/habs-forecast/pinn/pinn_model.py:46: FutureWarning: `torch.cuda.amp.GradScaler(args...)` is deprecated. Please use `torch.amp.GradScaler('cuda', args...)` instead.
  SCALER    = GradScaler(enabled=MIXED_PREC)
/Users/yashnilmohanty/Desktop/habs-forecast/pinn/pinn_model.py:46: FutureWarning: `torch.cuda.amp.GradScaler(args...)` is deprecated. Please use `torch.amp.GradScaler('cuda', args...)` instead.
  SCALER    = GradScaler(enabled=MIXED_PREC)
/Users/yashnilmohanty/Desktop/habs-forecast/pinn/pinn_model.py:46: FutureWarning: `torch.cuda.amp.GradScaler(args...)` is deprecated. Please use `torch.amp.GradScaler('cuda', args...)` instead.
  SCALER    = GradScaler(enabled=MIXED_PREC)
/Users/yashnilmohanty/Desktop/habs-forecast/pinn/pinn_model.py:46: FutureWarning: `torch.cuda.amp.GradScaler(args...)` is deprecated. Please use `torch.amp.GradScaler('cuda', args...)` instead.
  SCALER    = GradScaler(enabled=MIXED_PREC)
Using device: cpu
Using device: cpu
Using device: cpu
Using device: cpu
/Users/yashnilmohanty/Desktop/habs-forecast/pinn/pinn_model.py:46: FutureWarning: `torch.cuda.amp.GradScaler(args...)` is deprecated. Please use `torch.amp.GradScaler('cuda', args...)` instead.
  SCALER    = GradScaler(enabled=MIXED_PREC)
/Users/yashnilmohanty/Desktop/habs-forecast/pinn/pinn_model.py:46: FutureWarning: `torch.cuda.amp.GradScaler(args...)` is deprecated. Please use `torch.amp.GradScaler('cuda', args...)` instead.
  SCALER    = GradScaler(enabled=MIXED_PREC)
Using device: cpu
Using device: cpu
E15  val RMSE=0.7256  κ=500.00  λ=5.0000
/Users/yashnilmohanty/Desktop/habs-forecast/pinn/pinn_model.py:46: FutureWarning: `torch.cuda.amp.GradScaler(args...)` is deprecated. Please use `torch.amp.GradScaler('cuda', args...)` instead.
  SCALER    = GradScaler(enabled=MIXED_PREC)
/Users/yashnilmohanty/Desktop/habs-forecast/pinn/pinn_model.py:46: FutureWarning: `torch.cuda.amp.GradScaler(args...)` is deprecated. Please use `torch.amp.GradScaler('cuda', args...)` instead.
  SCALER    = GradScaler(enabled=MIXED_PREC)
/Users/yashnilmohanty/Desktop/habs-forecast/pinn/pinn_model.py:46: FutureWarning: `torch.cuda.amp.GradScaler(args...)` is deprecated. Please use `torch.amp.GradScaler('cuda', args...)` instead.
  SCALER    = GradScaler(enabled=MIXED_PREC)
/Users/yashnilmohanty/Desktop/habs-forecast/pinn/pinn_model.py:46: FutureWarning: `torch.cuda.amp.GradScaler(args...)` is deprecated. Please use `torch.amp.GradScaler('cuda', args...)` instead.
  SCALER    = GradScaler(enabled=MIXED_PREC)
Using device: cpu
Using device: cpu
Using device: cpu
Using device: cpu
/Users/yashnilmohanty/Desktop/habs-forecast/pinn/pinn_model.py:46: FutureWarning: `torch.cuda.amp.GradScaler(args...)` is deprecated. Please use `torch.amp.GradScaler('cuda', args...)` instead.
  SCALER    = GradScaler(enabled=MIXED_PREC)
/Users/yashnilmohanty/Desktop/habs-forecast/pinn/pinn_model.py:46: FutureWarning: `torch.cuda.amp.GradScaler(args...)` is deprecated. Please use `torch.amp.GradScaler('cuda', args...)` instead.
  SCALER    = GradScaler(enabled=MIXED_PREC)
Using device: cpu
Using device: cpu
/Users/yashnilmohanty/Desktop/habs-forecast/pinn/pinn_model.py:46: FutureWarning: `torch.cuda.amp.GradScaler(args...)` is deprecated. Please use `torch.amp.GradScaler('cuda', args...)` instead.
  SCALER    = GradScaler(enabled=MIXED_PREC)
/Users/yashnilmohanty/Desktop/habs-forecast/pinn/pinn_model.py:46: FutureWarning: `torch.cuda.amp.GradScaler(args...)` is deprecated. Please use `torch.amp.GradScaler('cuda', args...)` instead.
  SCALER    = GradScaler(enabled=MIXED_PREC)
/Users/yashnilmohanty/Desktop/habs-forecast/pinn/pinn_model.py:46: FutureWarning: `torch.cuda.amp.GradScaler(args...)` is deprecated. Please use `torch.amp.GradScaler('cuda', args...)` instead.
  SCALER    = GradScaler(enabled=MIXED_PREC)
/Users/yashnilmohanty/Desktop/habs-forecast/pinn/pinn_model.py:46: FutureWarning: `torch.cuda.amp.GradScaler(args...)` is deprecated. Please use `torch.amp.GradScaler('cuda', args...)` instead.
  SCALER    = GradScaler(enabled=MIXED_PREC)
Using device: cpu
Using device: cpu
Using device: cpu
Using device: cpu
/Users/yashnilmohanty/Desktop/habs-forecast/pinn/pinn_model.py:46: FutureWarning: `torch.cuda.amp.GradScaler(args...)` is deprecated. Please use `torch.amp.GradScaler('cuda', args...)` instead.
  SCALER    = GradScaler(enabled=MIXED_PREC)
/Users/yashnilmohanty/Desktop/habs-forecast/pinn/pinn_model.py:46: FutureWarning: `torch.cuda.amp.GradScaler(args...)` is deprecated. Please use `torch.amp.GradScaler('cuda', args...)` instead.
  SCALER    = GradScaler(enabled=MIXED_PREC)
Using device: cpu
Using device: cpu
/Users/yashnilmohanty/Desktop/habs-forecast/pinn/pinn_model.py:46: FutureWarning: `torch.cuda.amp.GradScaler(args...)` is deprecated. Please use `torch.amp.GradScaler('cuda', args...)` instead.
  SCALER    = GradScaler(enabled=MIXED_PREC)
/Users/yashnilmohanty/Desktop/habs-forecast/pinn/pinn_model.py:46: FutureWarning: `torch.cuda.amp.GradScaler(args...)` is deprecated. Please use `torch.amp.GradScaler('cuda', args...)` instead.
  SCALER    = GradScaler(enabled=MIXED_PREC)
/Users/yashnilmohanty/Desktop/habs-forecast/pinn/pinn_model.py:46: FutureWarning: `torch.cuda.amp.GradScaler(args...)` is deprecated. Please use `torch.amp.GradScaler('cuda', args...)` instead.
  SCALER    = GradScaler(enabled=MIXED_PREC)
/Users/yashnilmohanty/Desktop/habs-forecast/pinn/pinn_model.py:46: FutureWarning: `torch.cuda.amp.GradScaler(args...)` is deprecated. Please use `torch.amp.GradScaler('cuda', args...)` instead.
  SCALER    = GradScaler(enabled=MIXED_PREC)
Using device: cpu
Using device: cpu
Using device: cpu
Using device: cpu
/Users/yashnilmohanty/Desktop/habs-forecast/pinn/pinn_model.py:46: FutureWarning: `torch.cuda.amp.GradScaler(args...)` is deprecated. Please use `torch.amp.GradScaler('cuda', args...)` instead.
  SCALER    = GradScaler(enabled=MIXED_PREC)
/Users/yashnilmohanty/Desktop/habs-forecast/pinn/pinn_model.py:46: FutureWarning: `torch.cuda.amp.GradScaler(args...)` is deprecated. Please use `torch.amp.GradScaler('cuda', args...)` instead.
  SCALER    = GradScaler(enabled=MIXED_PREC)
Using device: cpu
Using device: cpu
/Users/yashnilmohanty/Desktop/habs-forecast/pinn/pinn_model.py:46: FutureWarning: `torch.cuda.amp.GradScaler(args...)` is deprecated. Please use `torch.amp.GradScaler('cuda', args...)` instead.
  SCALER    = GradScaler(enabled=MIXED_PREC)
/Users/yashnilmohanty/Desktop/habs-forecast/pinn/pinn_model.py:46: FutureWarning: `torch.cuda.amp.GradScaler(args...)` is deprecated. Please use `torch.amp.GradScaler('cuda', args...)` instead.
  SCALER    = GradScaler(enabled=MIXED_PREC)
/Users/yashnilmohanty/Desktop/habs-forecast/pinn/pinn_model.py:46: FutureWarning: `torch.cuda.amp.GradScaler(args...)` is deprecated. Please use `torch.amp.GradScaler('cuda', args...)` instead.
  SCALER    = GradScaler(enabled=MIXED_PREC)
/Users/yashnilmohanty/Desktop/habs-forecast/pinn/pinn_model.py:46: FutureWarning: `torch.cuda.amp.GradScaler(args...)` is deprecated. Please use `torch.amp.GradScaler('cuda', args...)` instead.
  SCALER    = GradScaler(enabled=MIXED_PREC)
Using device: cpu
Using device: cpu
Using device: cpu
Using device: cpu
/Users/yashnilmohanty/Desktop/habs-forecast/pinn/pinn_model.py:46: FutureWarning: `torch.cuda.amp.GradScaler(args...)` is deprecated. Please use `torch.amp.GradScaler('cuda', args...)` instead.
  SCALER    = GradScaler(enabled=MIXED_PREC)
/Users/yashnilmohanty/Desktop/habs-forecast/pinn/pinn_model.py:46: FutureWarning: `torch.cuda.amp.GradScaler(args...)` is deprecated. Please use `torch.amp.GradScaler('cuda', args...)` instead.
  SCALER    = GradScaler(enabled=MIXED_PREC)
Using device: cpu
Using device: cpu
/Users/yashnilmohanty/Desktop/habs-forecast/pinn/pinn_model.py:46: FutureWarning: `torch.cuda.amp.GradScaler(args...)` is deprecated. Please use `torch.amp.GradScaler('cuda', args...)` instead.
  SCALER    = GradScaler(enabled=MIXED_PREC)
/Users/yashnilmohanty/Desktop/habs-forecast/pinn/pinn_model.py:46: FutureWarning: `torch.cuda.amp.GradScaler(args...)` is deprecated. Please use `torch.amp.GradScaler('cuda', args...)` instead.
  SCALER    = GradScaler(enabled=MIXED_PREC)
/Users/yashnilmohanty/Desktop/habs-forecast/pinn/pinn_model.py:46: FutureWarning: `torch.cuda.amp.GradScaler(args...)` is deprecated. Please use `torch.amp.GradScaler('cuda', args...)` instead.
  SCALER    = GradScaler(enabled=MIXED_PREC)
/Users/yashnilmohanty/Desktop/habs-forecast/pinn/pinn_model.py:46: FutureWarning: `torch.cuda.amp.GradScaler(args...)` is deprecated. Please use `torch.amp.GradScaler('cuda', args...)` instead.
  SCALER    = GradScaler(enabled=MIXED_PREC)
Using device: cpu
Using device: cpu
Using device: cpu
Using device: cpu
/Users/yashnilmohanty/Desktop/habs-forecast/pinn/pinn_model.py:46: FutureWarning: `torch.cuda.amp.GradScaler(args...)` is deprecated. Please use `torch.amp.GradScaler('cuda', args...)` instead.
  SCALER    = GradScaler(enabled=MIXED_PREC)
/Users/yashnilmohanty/Desktop/habs-forecast/pinn/pinn_model.py:46: FutureWarning: `torch.cuda.amp.GradScaler(args...)` is deprecated. Please use `torch.amp.GradScaler('cuda', args...)` instead.
  SCALER    = GradScaler(enabled=MIXED_PREC)
Using device: cpu
Using device: cpu
E20  val RMSE=0.7054  κ=499.99  λ=5.0000
/Users/yashnilmohanty/Desktop/habs-forecast/pinn/pinn_model.py:46: FutureWarning: `torch.cuda.amp.GradScaler(args...)` is deprecated. Please use `torch.amp.GradScaler('cuda', args...)` instead.
  SCALER    = GradScaler(enabled=MIXED_PREC)
/Users/yashnilmohanty/Desktop/habs-forecast/pinn/pinn_model.py:46: FutureWarning: `torch.cuda.amp.GradScaler(args...)` is deprecated. Please use `torch.amp.GradScaler('cuda', args...)` instead.
  SCALER    = GradScaler(enabled=MIXED_PREC)
/Users/yashnilmohanty/Desktop/habs-forecast/pinn/pinn_model.py:46: FutureWarning: `torch.cuda.amp.GradScaler(args...)` is deprecated. Please use `torch.amp.GradScaler('cuda', args...)` instead.
  SCALER    = GradScaler(enabled=MIXED_PREC)
/Users/yashnilmohanty/Desktop/habs-forecast/pinn/pinn_model.py:46: FutureWarning: `torch.cuda.amp.GradScaler(args...)` is deprecated. Please use `torch.amp.GradScaler('cuda', args...)` instead.
  SCALER    = GradScaler(enabled=MIXED_PREC)
Using device: cpu
Using device: cpu
Using device: cpu
Using device: cpu
/Users/yashnilmohanty/Desktop/habs-forecast/pinn/pinn_model.py:46: FutureWarning: `torch.cuda.amp.GradScaler(args...)` is deprecated. Please use `torch.amp.GradScaler('cuda', args...)` instead.
  SCALER    = GradScaler(enabled=MIXED_PREC)
/Users/yashnilmohanty/Desktop/habs-forecast/pinn/pinn_model.py:46: FutureWarning: `torch.cuda.amp.GradScaler(args...)` is deprecated. Please use `torch.amp.GradScaler('cuda', args...)` instead.
  SCALER    = GradScaler(enabled=MIXED_PREC)
Using device: cpu
Using device: cpu
/Users/yashnilmohanty/Desktop/habs-forecast/pinn/pinn_model.py:46: FutureWarning: `torch.cuda.amp.GradScaler(args...)` is deprecated. Please use `torch.amp.GradScaler('cuda', args...)` instead.
  SCALER    = GradScaler(enabled=MIXED_PREC)
/Users/yashnilmohanty/Desktop/habs-forecast/pinn/pinn_model.py:46: FutureWarning: `torch.cuda.amp.GradScaler(args...)` is deprecated. Please use `torch.amp.GradScaler('cuda', args...)` instead.
  SCALER    = GradScaler(enabled=MIXED_PREC)
/Users/yashnilmohanty/Desktop/habs-forecast/pinn/pinn_model.py:46: FutureWarning: `torch.cuda.amp.GradScaler(args...)` is deprecated. Please use `torch.amp.GradScaler('cuda', args...)` instead.
  SCALER    = GradScaler(enabled=MIXED_PREC)
/Users/yashnilmohanty/Desktop/habs-forecast/pinn/pinn_model.py:46: FutureWarning: `torch.cuda.amp.GradScaler(args...)` is deprecated. Please use `torch.amp.GradScaler('cuda', args...)` instead.
  SCALER    = GradScaler(enabled=MIXED_PREC)
Using device: cpu
Using device: cpu
Using device: cpu
Using device: cpu
/Users/yashnilmohanty/Desktop/habs-forecast/pinn/pinn_model.py:46: FutureWarning: `torch.cuda.amp.GradScaler(args...)` is deprecated. Please use `torch.amp.GradScaler('cuda', args...)` instead.
  SCALER    = GradScaler(enabled=MIXED_PREC)
/Users/yashnilmohanty/Desktop/habs-forecast/pinn/pinn_model.py:46: FutureWarning: `torch.cuda.amp.GradScaler(args...)` is deprecated. Please use `torch.amp.GradScaler('cuda', args...)` instead.
  SCALER    = GradScaler(enabled=MIXED_PREC)
Using device: cpu
Using device: cpu
/Users/yashnilmohanty/Desktop/habs-forecast/pinn/pinn_model.py:46: FutureWarning: `torch.cuda.amp.GradScaler(args...)` is deprecated. Please use `torch.amp.GradScaler('cuda', args...)` instead.
  SCALER    = GradScaler(enabled=MIXED_PREC)
/Users/yashnilmohanty/Desktop/habs-forecast/pinn/pinn_model.py:46: FutureWarning: `torch.cuda.amp.GradScaler(args...)` is deprecated. Please use `torch.amp.GradScaler('cuda', args...)` instead.
  SCALER    = GradScaler(enabled=MIXED_PREC)
/Users/yashnilmohanty/Desktop/habs-forecast/pinn/pinn_model.py:46: FutureWarning: `torch.cuda.amp.GradScaler(args...)` is deprecated. Please use `torch.amp.GradScaler('cuda', args...)` instead.
  SCALER    = GradScaler(enabled=MIXED_PREC)
/Users/yashnilmohanty/Desktop/habs-forecast/pinn/pinn_model.py:46: FutureWarning: `torch.cuda.amp.GradScaler(args...)` is deprecated. Please use `torch.amp.GradScaler('cuda', args...)` instead.
  SCALER    = GradScaler(enabled=MIXED_PREC)
Using device: cpu
Using device: cpu
Using device: cpu
Using device: cpu
/Users/yashnilmohanty/Desktop/habs-forecast/pinn/pinn_model.py:46: FutureWarning: `torch.cuda.amp.GradScaler(args...)` is deprecated. Please use `torch.amp.GradScaler('cuda', args...)` instead.
  SCALER    = GradScaler(enabled=MIXED_PREC)
/Users/yashnilmohanty/Desktop/habs-forecast/pinn/pinn_model.py:46: FutureWarning: `torch.cuda.amp.GradScaler(args...)` is deprecated. Please use `torch.amp.GradScaler('cuda', args...)` instead.
  SCALER    = GradScaler(enabled=MIXED_PREC)
Using device: cpu
Using device: cpu
/Users/yashnilmohanty/Desktop/habs-forecast/pinn/pinn_model.py:46: FutureWarning: `torch.cuda.amp.GradScaler(args...)` is deprecated. Please use `torch.amp.GradScaler('cuda', args...)` instead.
  SCALER    = GradScaler(enabled=MIXED_PREC)
/Users/yashnilmohanty/Desktop/habs-forecast/pinn/pinn_model.py:46: FutureWarning: `torch.cuda.amp.GradScaler(args...)` is deprecated. Please use `torch.amp.GradScaler('cuda', args...)` instead.
  SCALER    = GradScaler(enabled=MIXED_PREC)
/Users/yashnilmohanty/Desktop/habs-forecast/pinn/pinn_model.py:46: FutureWarning: `torch.cuda.amp.GradScaler(args...)` is deprecated. Please use `torch.amp.GradScaler('cuda', args...)` instead.
  SCALER    = GradScaler(enabled=MIXED_PREC)
/Users/yashnilmohanty/Desktop/habs-forecast/pinn/pinn_model.py:46: FutureWarning: `torch.cuda.amp.GradScaler(args...)` is deprecated. Please use `torch.amp.GradScaler('cuda', args...)` instead.
  SCALER    = GradScaler(enabled=MIXED_PREC)
Using device: cpu
Using device: cpu
Using device: cpu
Using device: cpu
/Users/yashnilmohanty/Desktop/habs-forecast/pinn/pinn_model.py:46: FutureWarning: `torch.cuda.amp.GradScaler(args...)` is deprecated. Please use `torch.amp.GradScaler('cuda', args...)` instead.
  SCALER    = GradScaler(enabled=MIXED_PREC)
/Users/yashnilmohanty/Desktop/habs-forecast/pinn/pinn_model.py:46: FutureWarning: `torch.cuda.amp.GradScaler(args...)` is deprecated. Please use `torch.amp.GradScaler('cuda', args...)` instead.
  SCALER    = GradScaler(enabled=MIXED_PREC)
Using device: cpu
Using device: cpu
/Users/yashnilmohanty/Desktop/habs-forecast/pinn/pinn_model.py:46: FutureWarning: `torch.cuda.amp.GradScaler(args...)` is deprecated. Please use `torch.amp.GradScaler('cuda', args...)` instead.
  SCALER    = GradScaler(enabled=MIXED_PREC)
/Users/yashnilmohanty/Desktop/habs-forecast/pinn/pinn_model.py:46: FutureWarning: `torch.cuda.amp.GradScaler(args...)` is deprecated. Please use `torch.amp.GradScaler('cuda', args...)` instead.
  SCALER    = GradScaler(enabled=MIXED_PREC)
/Users/yashnilmohanty/Desktop/habs-forecast/pinn/pinn_model.py:46: FutureWarning: `torch.cuda.amp.GradScaler(args...)` is deprecated. Please use `torch.amp.GradScaler('cuda', args...)` instead.
  SCALER    = GradScaler(enabled=MIXED_PREC)
/Users/yashnilmohanty/Desktop/habs-forecast/pinn/pinn_model.py:46: FutureWarning: `torch.cuda.amp.GradScaler(args...)` is deprecated. Please use `torch.amp.GradScaler('cuda', args...)` instead.
  SCALER    = GradScaler(enabled=MIXED_PREC)
Using device: cpu
Using device: cpu
Using device: cpu
Using device: cpu
/Users/yashnilmohanty/Desktop/habs-forecast/pinn/pinn_model.py:46: FutureWarning: `torch.cuda.amp.GradScaler(args...)` is deprecated. Please use `torch.amp.GradScaler('cuda', args...)` instead.
  SCALER    = GradScaler(enabled=MIXED_PREC)
/Users/yashnilmohanty/Desktop/habs-forecast/pinn/pinn_model.py:46: FutureWarning: `torch.cuda.amp.GradScaler(args...)` is deprecated. Please use `torch.amp.GradScaler('cuda', args...)` instead.
  SCALER    = GradScaler(enabled=MIXED_PREC)
Using device: cpu
Using device: cpu
E25  val RMSE=0.7021  κ=499.99  λ=5.0000
/Users/yashnilmohanty/Desktop/habs-forecast/pinn/pinn_model.py:46: FutureWarning: `torch.cuda.amp.GradScaler(args...)` is deprecated. Please use `torch.amp.GradScaler('cuda', args...)` instead.
  SCALER    = GradScaler(enabled=MIXED_PREC)
/Users/yashnilmohanty/Desktop/habs-forecast/pinn/pinn_model.py:46: FutureWarning: `torch.cuda.amp.GradScaler(args...)` is deprecated. Please use `torch.amp.GradScaler('cuda', args...)` instead.
  SCALER    = GradScaler(enabled=MIXED_PREC)
/Users/yashnilmohanty/Desktop/habs-forecast/pinn/pinn_model.py:46: FutureWarning: `torch.cuda.amp.GradScaler(args...)` is deprecated. Please use `torch.amp.GradScaler('cuda', args...)` instead.
  SCALER    = GradScaler(enabled=MIXED_PREC)
/Users/yashnilmohanty/Desktop/habs-forecast/pinn/pinn_model.py:46: FutureWarning: `torch.cuda.amp.GradScaler(args...)` is deprecated. Please use `torch.amp.GradScaler('cuda', args...)` instead.
  SCALER    = GradScaler(enabled=MIXED_PREC)
Using device: cpu
Using device: cpu
Using device: cpu
Using device: cpu
/Users/yashnilmohanty/Desktop/habs-forecast/pinn/pinn_model.py:46: FutureWarning: `torch.cuda.amp.GradScaler(args...)` is deprecated. Please use `torch.amp.GradScaler('cuda', args...)` instead.
  SCALER    = GradScaler(enabled=MIXED_PREC)
/Users/yashnilmohanty/Desktop/habs-forecast/pinn/pinn_model.py:46: FutureWarning: `torch.cuda.amp.GradScaler(args...)` is deprecated. Please use `torch.amp.GradScaler('cuda', args...)` instead.
  SCALER    = GradScaler(enabled=MIXED_PREC)
Using device: cpu
Using device: cpu
/Users/yashnilmohanty/Desktop/habs-forecast/pinn/pinn_model.py:46: FutureWarning: `torch.cuda.amp.GradScaler(args...)` is deprecated. Please use `torch.amp.GradScaler('cuda', args...)` instead.
  SCALER    = GradScaler(enabled=MIXED_PREC)
/Users/yashnilmohanty/Desktop/habs-forecast/pinn/pinn_model.py:46: FutureWarning: `torch.cuda.amp.GradScaler(args...)` is deprecated. Please use `torch.amp.GradScaler('cuda', args...)` instead.
  SCALER    = GradScaler(enabled=MIXED_PREC)
/Users/yashnilmohanty/Desktop/habs-forecast/pinn/pinn_model.py:46: FutureWarning: `torch.cuda.amp.GradScaler(args...)` is deprecated. Please use `torch.amp.GradScaler('cuda', args...)` instead.
  SCALER    = GradScaler(enabled=MIXED_PREC)
/Users/yashnilmohanty/Desktop/habs-forecast/pinn/pinn_model.py:46: FutureWarning: `torch.cuda.amp.GradScaler(args...)` is deprecated. Please use `torch.amp.GradScaler('cuda', args...)` instead.
  SCALER    = GradScaler(enabled=MIXED_PREC)
Using device: cpu
Using device: cpu
Using device: cpu
Using device: cpu
/Users/yashnilmohanty/Desktop/habs-forecast/pinn/pinn_model.py:46: FutureWarning: `torch.cuda.amp.GradScaler(args...)` is deprecated. Please use `torch.amp.GradScaler('cuda', args...)` instead.
  SCALER    = GradScaler(enabled=MIXED_PREC)
/Users/yashnilmohanty/Desktop/habs-forecast/pinn/pinn_model.py:46: FutureWarning: `torch.cuda.amp.GradScaler(args...)` is deprecated. Please use `torch.amp.GradScaler('cuda', args...)` instead.
  SCALER    = GradScaler(enabled=MIXED_PREC)
Using device: cpu
Using device: cpu
/Users/yashnilmohanty/Desktop/habs-forecast/pinn/pinn_model.py:46: FutureWarning: `torch.cuda.amp.GradScaler(args...)` is deprecated. Please use `torch.amp.GradScaler('cuda', args...)` instead.
  SCALER    = GradScaler(enabled=MIXED_PREC)
/Users/yashnilmohanty/Desktop/habs-forecast/pinn/pinn_model.py:46: FutureWarning: `torch.cuda.amp.GradScaler(args...)` is deprecated. Please use `torch.amp.GradScaler('cuda', args...)` instead.
  SCALER    = GradScaler(enabled=MIXED_PREC)
/Users/yashnilmohanty/Desktop/habs-forecast/pinn/pinn_model.py:46: FutureWarning: `torch.cuda.amp.GradScaler(args...)` is deprecated. Please use `torch.amp.GradScaler('cuda', args...)` instead.
  SCALER    = GradScaler(enabled=MIXED_PREC)
/Users/yashnilmohanty/Desktop/habs-forecast/pinn/pinn_model.py:46: FutureWarning: `torch.cuda.amp.GradScaler(args...)` is deprecated. Please use `torch.amp.GradScaler('cuda', args...)` instead.
  SCALER    = GradScaler(enabled=MIXED_PREC)
Using device: cpu
Using device: cpu
Using device: cpu
Using device: cpu
/Users/yashnilmohanty/Desktop/habs-forecast/pinn/pinn_model.py:46: FutureWarning: `torch.cuda.amp.GradScaler(args...)` is deprecated. Please use `torch.amp.GradScaler('cuda', args...)` instead.
  SCALER    = GradScaler(enabled=MIXED_PREC)
/Users/yashnilmohanty/Desktop/habs-forecast/pinn/pinn_model.py:46: FutureWarning: `torch.cuda.amp.GradScaler(args...)` is deprecated. Please use `torch.amp.GradScaler('cuda', args...)` instead.
  SCALER    = GradScaler(enabled=MIXED_PREC)
Using device: cpu
Using device: cpu
/Users/yashnilmohanty/Desktop/habs-forecast/pinn/pinn_model.py:46: FutureWarning: `torch.cuda.amp.GradScaler(args...)` is deprecated. Please use `torch.amp.GradScaler('cuda', args...)` instead.
  SCALER    = GradScaler(enabled=MIXED_PREC)
/Users/yashnilmohanty/Desktop/habs-forecast/pinn/pinn_model.py:46: FutureWarning: `torch.cuda.amp.GradScaler(args...)` is deprecated. Please use `torch.amp.GradScaler('cuda', args...)` instead.
  SCALER    = GradScaler(enabled=MIXED_PREC)
/Users/yashnilmohanty/Desktop/habs-forecast/pinn/pinn_model.py:46: FutureWarning: `torch.cuda.amp.GradScaler(args...)` is deprecated. Please use `torch.amp.GradScaler('cuda', args...)` instead.
  SCALER    = GradScaler(enabled=MIXED_PREC)
/Users/yashnilmohanty/Desktop/habs-forecast/pinn/pinn_model.py:46: FutureWarning: `torch.cuda.amp.GradScaler(args...)` is deprecated. Please use `torch.amp.GradScaler('cuda', args...)` instead.
  SCALER    = GradScaler(enabled=MIXED_PREC)
Using device: cpu
Using device: cpu
Using device: cpu
Using device: cpu
/Users/yashnilmohanty/Desktop/habs-forecast/pinn/pinn_model.py:46: FutureWarning: `torch.cuda.amp.GradScaler(args...)` is deprecated. Please use `torch.amp.GradScaler('cuda', args...)` instead.
  SCALER    = GradScaler(enabled=MIXED_PREC)
/Users/yashnilmohanty/Desktop/habs-forecast/pinn/pinn_model.py:46: FutureWarning: `torch.cuda.amp.GradScaler(args...)` is deprecated. Please use `torch.amp.GradScaler('cuda', args...)` instead.
  SCALER    = GradScaler(enabled=MIXED_PREC)
Using device: cpu
Using device: cpu
/Users/yashnilmohanty/Desktop/habs-forecast/pinn/pinn_model.py:46: FutureWarning: `torch.cuda.amp.GradScaler(args...)` is deprecated. Please use `torch.amp.GradScaler('cuda', args...)` instead.
  SCALER    = GradScaler(enabled=MIXED_PREC)
/Users/yashnilmohanty/Desktop/habs-forecast/pinn/pinn_model.py:46: FutureWarning: `torch.cuda.amp.GradScaler(args...)` is deprecated. Please use `torch.amp.GradScaler('cuda', args...)` instead.
  SCALER    = GradScaler(enabled=MIXED_PREC)
/Users/yashnilmohanty/Desktop/habs-forecast/pinn/pinn_model.py:46: FutureWarning: `torch.cuda.amp.GradScaler(args...)` is deprecated. Please use `torch.amp.GradScaler('cuda', args...)` instead.
  SCALER    = GradScaler(enabled=MIXED_PREC)
/Users/yashnilmohanty/Desktop/habs-forecast/pinn/pinn_model.py:46: FutureWarning: `torch.cuda.amp.GradScaler(args...)` is deprecated. Please use `torch.amp.GradScaler('cuda', args...)` instead.
  SCALER    = GradScaler(enabled=MIXED_PREC)
Using device: cpu
Using device: cpu
Using device: cpu
Using device: cpu
/Users/yashnilmohanty/Desktop/habs-forecast/pinn/pinn_model.py:46: FutureWarning: `torch.cuda.amp.GradScaler(args...)` is deprecated. Please use `torch.amp.GradScaler('cuda', args...)` instead.
  SCALER    = GradScaler(enabled=MIXED_PREC)
/Users/yashnilmohanty/Desktop/habs-forecast/pinn/pinn_model.py:46: FutureWarning: `torch.cuda.amp.GradScaler(args...)` is deprecated. Please use `torch.amp.GradScaler('cuda', args...)` instead.
  SCALER    = GradScaler(enabled=MIXED_PREC)
Using device: cpu
Using device: cpu
E30  val RMSE=0.6955  κ=499.99  λ=5.0000
/Users/yashnilmohanty/Desktop/habs-forecast/pinn/pinn_model.py:46: FutureWarning: `torch.cuda.amp.GradScaler(args...)` is deprecated. Please use `torch.amp.GradScaler('cuda', args...)` instead.
  SCALER    = GradScaler(enabled=MIXED_PREC)
/Users/yashnilmohanty/Desktop/habs-forecast/pinn/pinn_model.py:46: FutureWarning: `torch.cuda.amp.GradScaler(args...)` is deprecated. Please use `torch.amp.GradScaler('cuda', args...)` instead.
  SCALER    = GradScaler(enabled=MIXED_PREC)
/Users/yashnilmohanty/Desktop/habs-forecast/pinn/pinn_model.py:46: FutureWarning: `torch.cuda.amp.GradScaler(args...)` is deprecated. Please use `torch.amp.GradScaler('cuda', args...)` instead.
  SCALER    = GradScaler(enabled=MIXED_PREC)
/Users/yashnilmohanty/Desktop/habs-forecast/pinn/pinn_model.py:46: FutureWarning: `torch.cuda.amp.GradScaler(args...)` is deprecated. Please use `torch.amp.GradScaler('cuda', args...)` instead.
  SCALER    = GradScaler(enabled=MIXED_PREC)
/Users/yashnilmohanty/Desktop/habs-forecast/pinn/ablation_studies.py:184: FutureWarning: `torch.cuda.amp.autocast(args...)` is deprecated. Please use `torch.amp.autocast('cuda', args...)` instead.
  with autocast(enabled=MIXED_PREC):
Using device: cpu
Using device: cpu
Using device: cpu
Using device: cpu
/Users/yashnilmohanty/Desktop/habs-forecast/pinn/pinn_model.py:46: FutureWarning: `torch.cuda.amp.GradScaler(args...)` is deprecated. Please use `torch.amp.GradScaler('cuda', args...)` instead.
  SCALER    = GradScaler(enabled=MIXED_PREC)
/Users/yashnilmohanty/Desktop/habs-forecast/pinn/pinn_model.py:46: FutureWarning: `torch.cuda.amp.GradScaler(args...)` is deprecated. Please use `torch.amp.GradScaler('cuda', args...)` instead.
  SCALER    = GradScaler(enabled=MIXED_PREC)
Using device: cpu
Using device: cpu
/Users/yashnilmohanty/Desktop/habs-forecast/pinn/pinn_model.py:46: FutureWarning: `torch.cuda.amp.GradScaler(args...)` is deprecated. Please use `torch.amp.GradScaler('cuda', args...)` instead.
  SCALER    = GradScaler(enabled=MIXED_PREC)
/Users/yashnilmohanty/Desktop/habs-forecast/pinn/pinn_model.py:46: FutureWarning: `torch.cuda.amp.GradScaler(args...)` is deprecated. Please use `torch.amp.GradScaler('cuda', args...)` instead.
  SCALER    = GradScaler(enabled=MIXED_PREC)
Using device: cpu
Using device: cpu
  Results: train=0.7394, val=0.6955, test=0.7996
  Final κ = 499.99 (init: 500.0)
  ✓ Saved progress to paper_results/ablation/kappa/ablation_kappa.csv

Saved plot: paper_results/ablation/kappa/ablation_kappa.png

======================================================================
Results saved to: paper_results/ablation/kappa
======================================================================

 kappa_init  lambda  final_kappa  train_rmse  val_rmse  test_rmse  best_epoch
        1.0     5.0     1.000033    0.755282  0.711453   0.805753          28
        5.0     5.0     4.999867    0.758217  0.701829   0.807544          28
       10.0     5.0     9.999691    0.749881  0.710928   0.796851          29
       25.0     5.0    24.999313    0.746954  0.703328   0.810198          29
       50.0     5.0    49.999313    0.749545  0.703948   0.805129          30
      100.0     5.0    99.997253    0.742730  0.695207   0.806051          30
      500.0     5.0   499.989014    0.739441  0.695466   0.799640          30
