{
  "freeze_path": "/Users/yashnilmohanty/Desktop/HABs_Research/Data/Derived/HAB_convLSTM_core_v1_clean.nc",
  "ckpt_path": "/Users/yashnilmohanty/HAB_Models/convTFT_best.ckpt",
  "seq": 6,
  "lead": 1,
  "global": [
    {
      "subset": "train",
      "rmse_log_model": 0.8186061382293701,
      "rmse_log_pers": 0.8926737308502197,
      "mae_log_model": 0.6081359386444092,
      "mae_log_pers": 0.6173958778381348,
      "rmse_mg_model": 5.19658899307251,
      "rmse_mg_pers": 6.298438549041748,
      "mae_mg_model": 2.301100492477417,
      "mae_mg_pers": 2.6225931644439697,
      "skill_log_pct": 8.297276496887207,
      "skill_mg_pct": 17.49401092529297
    },
    {
      "subset": "val",
      "rmse_log_model": 0.7886443734169006,
      "rmse_log_pers": 0.8542553782463074,
      "mae_log_model": 0.5869127511978149,
      "mae_log_pers": 0.5965567231178284,
      "rmse_mg_model": 4.7325897216796875,
      "rmse_mg_pers": 5.800528049468994,
      "mae_mg_model": 2.0784752368927,
      "mae_mg_pers": 2.3842711448669434,
      "skill_log_pct": 7.680493354797363,
      "skill_mg_pct": 18.411052703857422
    },
    {
      "subset": "test",
      "rmse_log_model": 0.8216838836669922,
      "rmse_log_pers": 0.888878345489502,
      "mae_log_model": 0.6113800406455994,
      "mae_log_pers": 0.6242852807044983,
      "rmse_mg_model": 5.072413444519043,
      "rmse_mg_pers": 6.138978958129883,
      "mae_mg_model": 2.292053699493408,
      "mae_mg_pers": 2.6397693157196045,
      "skill_log_pct": 7.559466361999512,
      "skill_mg_pct": 17.3736629486084
    },
    {
      "subset": "all",
      "rmse_log_model": 0.8142103552818298,
      "rmse_log_pers": 0.8859940767288208,
      "mae_log_model": 0.6051115393638611,
      "mae_log_pers": 0.6149302124977112,
      "rmse_mg_model": 5.106719970703125,
      "rmse_mg_pers": 6.198110580444336,
      "mae_mg_model": 2.2635111808776855,
      "mae_mg_pers": 2.5860097408294678,
      "skill_log_pct": 8.10205364227295,
      "skill_mg_pct": 17.608440399169922
    }
  ],
  "quartiles": [
    {
      "bin": 0,
      "rmse_log_model": 0.771446943283081,
      "rmse_log_pers": 0.8006047010421753,
      "mae_log_model": 0.5652443170547485,
      "mae_log_pers": 0.5344692468643188,
      "rmse_mg_model": 3.7608823776245117,
      "rmse_mg_pers": 4.77523946762085,
      "mae_mg_model": 1.4912030696868896,
      "mae_mg_pers": 1.6707139015197754,
      "skill_log_pct": 3.6419689655303955,
      "skill_mg_pct": 21.242015838623047,
      "bin_label": "<Q1(1.13)"
    },
    {
      "bin": 1,
      "rmse_log_model": 0.7802281975746155,
      "rmse_log_pers": 0.8332163095474243,
      "mae_log_model": 0.5800479650497437,
      "mae_log_pers": 0.5748496651649475,
      "rmse_mg_model": 4.548824310302734,
      "rmse_mg_pers": 5.524281024932861,
      "mae_mg_model": 1.929330587387085,
      "mae_mg_pers": 2.162837266921997,
      "skill_log_pct": 6.359463691711426,
      "skill_mg_pct": 17.657625198364258,
      "bin_label": "Q1-Q2(1.13-1.44)"
    },
    {
      "bin": 2,
      "rmse_log_model": 0.8348090648651123,
      "rmse_log_pers": 0.9267339706420898,
      "mae_log_model": 0.6195098161697388,
      "mae_log_pers": 0.6502275466918945,
      "rmse_mg_model": 5.293002605438232,
      "rmse_mg_pers": 6.571290016174316,
      "mae_mg_model": 2.414886951446533,
      "mae_mg_pers": 2.8209986686706543,
      "skill_log_pct": 9.919232368469238,
      "skill_mg_pct": 19.452608108520508,
      "bin_label": "Q2-Q3(1.44-1.97)"
    },
    {
      "bin": 3,
      "rmse_log_model": 0.8663407564163208,
      "rmse_log_pers": 0.9721777439117432,
      "mae_log_model": 0.6554051637649536,
      "mae_log_pers": 0.6997717618942261,
      "rmse_mg_model": 6.433495998382568,
      "rmse_mg_pers": 7.554830551147461,
      "mae_mg_model": 3.214121103286743,
      "mae_mg_pers": 3.684283494949341,
      "skill_log_pct": 10.886585235595703,
      "skill_mg_pct": 14.84261703491211,
      "bin_label": ">=Q3(1.97)"
    }
  ],
  "month": [
    {
      "month": 1,
      "rmse_log_model": 0.6157427430152893,
      "rmse_log_pers": 0.6525371074676514,
      "mae_log_model": 0.4515385031700134,
      "mae_log_pers": 0.461897075176239,
      "rmse_mg_model": 1.9847558736801147,
      "rmse_mg_pers": 2.3998560905456543,
      "mae_mg_model": 0.9412528872489929,
      "mae_mg_pers": 1.0260599851608276,
      "skill_log_pct": 5.638665199279785,
      "skill_mg_pct": 17.2968807220459
    },
    {
      "month": 2,
      "rmse_log_model": 0.6690932512283325,
      "rmse_log_pers": 0.7216746211051941,
      "mae_log_model": 0.4979294538497925,
      "mae_log_pers": 0.5204848051071167,
      "rmse_mg_model": 2.747265338897705,
      "rmse_mg_pers": 3.14674711227417,
      "mae_mg_model": 1.2067158222198486,
      "mae_mg_pers": 1.3155046701431274,
      "skill_log_pct": 7.28602409362793,
      "skill_mg_pct": 12.695068359375
    },
    {
      "month": 3,
      "rmse_log_model": 0.8392106890678406,
      "rmse_log_pers": 0.9348431825637817,
      "mae_log_model": 0.6259647011756897,
      "mae_log_pers": 0.6700605154037476,
      "rmse_mg_model": 5.172983646392822,
      "rmse_mg_pers": 6.028149127960205,
      "mae_mg_model": 2.402101993560791,
      "mae_mg_pers": 2.734046220779419,
      "skill_log_pct": 10.229789733886719,
      "skill_mg_pct": 14.186203002929688
    },
    {
      "month": 4,
      "rmse_log_model": 0.946123480796814,
      "rmse_log_pers": 1.0761381387710571,
      "mae_log_model": 0.7211195230484009,
      "mae_log_pers": 0.7813391089439392,
      "rmse_mg_model": 6.7879958152771,
      "rmse_mg_pers": 8.275324821472168,
      "mae_mg_model": 3.3940441608428955,
      "mae_mg_pers": 4.047085285186768,
      "skill_log_pct": 12.08159351348877,
      "skill_mg_pct": 17.973058700561523
    },
    {
      "month": 5,
      "rmse_log_model": 0.9453640580177307,
      "rmse_log_pers": 1.0764200687408447,
      "mae_log_model": 0.7105463743209839,
      "mae_log_pers": 0.7648000121116638,
      "rmse_mg_model": 6.925853729248047,
      "rmse_mg_pers": 8.621326446533203,
      "mae_mg_model": 3.3815829753875732,
      "mae_mg_pers": 4.043747901916504,
      "skill_log_pct": 12.175172805786133,
      "skill_mg_pct": 19.666027069091797
    },
    {
      "month": 6,
      "rmse_log_model": 0.9071177840232849,
      "rmse_log_pers": 1.0214977264404297,
      "mae_log_model": 0.6754893660545349,
      "mae_log_pers": 0.7146593928337097,
      "rmse_mg_model": 6.540439605712891,
      "rmse_mg_pers": 8.037057876586914,
      "mae_mg_model": 3.112384557723999,
      "mae_mg_pers": 3.6016805171966553,
      "skill_log_pct": 11.197280883789062,
      "skill_mg_pct": 18.62146759033203
    },
    {
      "month": 7,
      "rmse_log_model": 0.8695836663246155,
      "rmse_log_pers": 0.9213747978210449,
      "mae_log_model": 0.6409313678741455,
      "mae_log_pers": 0.626061201095581,
      "rmse_mg_model": 5.559688568115234,
      "rmse_mg_pers": 6.74639892578125,
      "mae_mg_model": 2.456648111343384,
      "mae_mg_pers": 2.7467942237854004,
      "skill_log_pct": 5.62106990814209,
      "skill_mg_pct": 17.59027862548828
    },
    {
      "month": 8,
      "rmse_log_model": 0.8434808850288391,
      "rmse_log_pers": 0.8989185094833374,
      "mae_log_model": 0.6315726041793823,
      "mae_log_pers": 0.6047715544700623,
      "rmse_mg_model": 5.450867652893066,
      "rmse_mg_pers": 6.471224308013916,
      "mae_mg_model": 2.371609926223755,
      "mae_mg_pers": 2.596508264541626,
      "skill_log_pct": 6.167149543762207,
      "skill_mg_pct": 15.767598152160645
    },
    {
      "month": 9,
      "rmse_log_model": 0.8210096955299377,
      "rmse_log_pers": 0.8833903670310974,
      "mae_log_model": 0.6247220039367676,
      "mae_log_pers": 0.6203683018684387,
      "rmse_mg_model": 5.294558525085449,
      "rmse_mg_pers": 6.439484119415283,
      "mae_mg_model": 2.5872952938079834,
      "mae_mg_pers": 2.9908673763275146,