metric,hits,miss,false_alarm,POD,FAR,CSI
bloom_≥5mg,250,27,508,0.9025270758090161,0.6701846965690367,0.31847133757921214
