{
  "freeze_path": "/Users/yashnilmohanty/Desktop/HABs_Research/Data/Derived/HAB_freeze_v1.nc",
  "ckpt_path": "/Users/yashnilmohanty/Desktop/habs-forecast/Models/convLSTM_best.pt",
  "seq": 4,
  "lead": 1,
  "global": [
    {
      "subset": "train",
      "rmse_log_model": 0.9211450219154358,
      "rmse_log_pers": 0.892932116985321,
      "mae_log_model": 0.7180912494659424,
      "mae_log_pers": 0.6174615621566772,
      "rmse_mg_model": 6.242525100708008,
      "rmse_mg_pers": 6.400918483734131,
      "mae_mg_model": 3.18113374710083,
      "mae_mg_pers": 2.6356332302093506,
      "skill_log_pct": -3.1595826148986816,
      "skill_mg_pct": 2.4745404720306396
    },
    {
      "subset": "val",
      "rmse_log_model": 0.8788825869560242,
      "rmse_log_pers": 0.854849636554718,
      "mae_log_model": 0.684918999671936,
      "mae_log_pers": 0.5968483686447144,
      "rmse_mg_model": 5.801294326782227,
      "rmse_mg_pers": 5.8857421875,
      "mae_mg_model": 2.941887378692627,
      "mae_mg_pers": 2.396878957748413,
      "skill_log_pct": -2.8113603591918945,
      "skill_mg_pct": 1.4347851276397705
    },
    {
      "subset": "test",
      "rmse_log_model": 0.8952229022979736,
      "rmse_log_pers": 0.8894481658935547,
      "mae_log_model": 0.6937968134880066,
      "mae_log_pers": 0.6245597004890442,
      "rmse_mg_model": 5.968666076660156,
      "rmse_mg_pers": 6.2238569259643555,
      "mae_mg_model": 3.0663881301879883,
      "mae_mg_pers": 2.6530959606170654,
      "skill_log_pct": -0.6492495536804199,
      "skill_mg_pct": 4.100203514099121
    },
    {
      "subset": "all",
      "rmse_log_model": 0.9108901619911194,
      "rmse_log_pers": 0.8863634467124939,
      "mae_log_model": 0.709388017654419,
      "mae_log_pers": 0.6150669455528259,
      "rmse_mg_model": 6.135899543762207,
      "rmse_mg_pers": 6.295788288116455,
      "mae_mg_model": 3.126574993133545,
      "mae_mg_pers": 2.5991051197052,
      "skill_log_pct": -2.7671217918395996,
      "skill_mg_pct": 2.539616823196411
    }
  ],
  "quartiles": [
    {
      "bin": 0,
      "rmse_log_model": 0.9218754768371582,
      "rmse_log_pers": 0.801453709602356,
      "mae_log_model": 0.7135745882987976,
      "mae_log_pers": 0.5351898670196533,
      "rmse_mg_model": 5.0155463218688965,
      "rmse_mg_pers": 4.8495869636535645,
      "mae_mg_model": 2.375401496887207,
      "mae_mg_pers": 1.6783565282821655,
      "skill_log_pct": -15.025413036346436,
      "skill_mg_pct": -3.4221291542053223,
      "bin_label": "<Q1(1.13)"
    },
    {
      "bin": 1,
      "rmse_log_model": 0.902433454990387,
      "rmse_log_pers": 0.8317784667015076,
      "mae_log_model": 0.707300066947937,
      "mae_log_pers": 0.5735262632369995,
      "rmse_mg_model": 5.663730621337891,
      "rmse_mg_pers": 5.600704193115234,
      "mae_mg_model": 2.8180806636810303,
      "mae_mg_pers": 2.161383628845215,
      "skill_log_pct": -8.4944486618042,
      "skill_mg_pct": -1.125335693359375,
      "bin_label": "Q1-Q2(1.13-1.43)"
    },
    {
      "bin": 2,
      "rmse_log_model": 0.9176103472709656,
      "rmse_log_pers": 0.9279974699020386,
      "mae_log_model": 0.7093784213066101,
      "mae_log_pers": 0.6511070132255554,
      "rmse_mg_model": 6.39628267288208,
      "rmse_mg_pers": 6.693985939025879,
      "mae_mg_model": 3.3109211921691895,
      "mae_mg_pers": 2.8478810787200928,
      "skill_log_pct": 1.1193037033081055,
      "skill_mg_pct": 4.4473230838775635,
      "bin_label": "Q2-Q3(1.43-1.97)"
    },
    {
      "bin": 3,
      "rmse_log_model": 0.9014220833778381,
      "rmse_log_pers": 0.9730140566825867,
      "mae_log_model": 0.707288920879364,
      "mae_log_pers": 0.7002485990524292,
      "rmse_mg_model": 7.240498065948486,
      "rmse_mg_pers": 7.668962478637695,
      "mae_mg_model": 4.000439643859863,
      "mae_mg_pers": 3.7067301273345947,
      "skill_log_pct": 7.357752323150635,
      "skill_mg_pct": 5.58699369430542,
      "bin_label": ">=Q3(1.97)"
    }
  ],
  "month": [
    {
      "month": 1,
      "rmse_log_model": 0.7219237685203552,
      "rmse_log_pers": 0.6525371074676514,
      "mae_log_model": 0.5891448855400085,
      "mae_log_pers": 0.461897075176239,
      "rmse_mg_model": 2.702331781387329,
      "rmse_mg_pers": 2.3998560905456543,
      "mae_mg_model": 1.4791680574417114,
      "mae_mg_pers": 1.0260599851608276,
      "skill_log_pct": -10.633361339569092,
      "skill_mg_pct": -12.603914737701416
    },
    {
      "month": 2,
      "rmse_log_model": 0.7751078009605408,
      "rmse_log_pers": 0.7216251492500305,
      "mae_log_model": 0.6261659860610962,
      "mae_log_pers": 0.5203831791877747,
      "rmse_mg_model": 3.3867523670196533,
      "rmse_mg_pers": 3.1440460681915283,
      "mae_mg_model": 1.7661352157592773,
      "mae_mg_pers": 1.3067160844802856,
      "skill_log_pct": -7.4114203453063965,
      "skill_mg_pct": -7.719552516937256
    },
    {
      "month": 3,
      "rmse_log_model": 0.896861732006073,
      "rmse_log_pers": 0.9352363348007202,
      "mae_log_model": 0.7186788320541382,
      "mae_log_pers": 0.6702353358268738,
      "rmse_mg_model": 5.5783538818359375,
      "rmse_mg_pers": 6.091056823730469,
      "mae_mg_model": 3.000211238861084,
      "mae_mg_pers": 2.7426257133483887,
      "skill_log_pct": 4.103195667266846,
      "skill_mg_pct": 8.417308330535889
    },
    {
      "month": 4,
      "rmse_log_model": 1.055779218673706,
      "rmse_log_pers": 1.0771154165267944,
      "mae_log_model": 0.8528810739517212,
      "mae_log_pers": 0.7819232940673828,
      "rmse_mg_model": 7.703200817108154,
      "rmse_mg_pers": 8.413846015930176,
      "mae_mg_model": 4.397242069244385,
      "mae_mg_pers": 4.07647705078125,
      "skill_log_pct": 1.9808650016784668,
      "skill_mg_pct": 8.446139097213745
    },
    {
      "month": 5,
      "rmse_log_model": 1.093941569328308,
      "rmse_log_pers": 1.0782098770141602,
      "mae_log_model": 0.8754308223724365,
      "mae_log_pers": 0.765840470790863,
      "rmse_mg_model": 8.267767906188965,
      "rmse_mg_pers": 8.815507888793945,
      "mae_mg_model": 4.65302848815918,
      "mae_mg_pers": 4.087883472442627,
      "skill_log_pct": -1.459062099456787,
      "skill_mg_pct": 6.213366985321045
    },
    {
      "month": 6,
      "rmse_log_model": 1.0355539321899414,
      "rmse_log_pers": 1.022950291633606,
      "mae_log_model": 0.8130466938018799,
      "mae_log_pers": 0.7155771851539612,
      "rmse_mg_model": 7.908658981323242,
      "rmse_mg_pers": 8.233272552490234,
      "mae_mg_model": 4.3354573249816895,
      "mae_mg_pers": 3.6439385414123535,
      "skill_log_pct": -1.2320876121520996,
      "skill_mg_pct": 3.942704200744629
    },
    {
      "month": 7,
      "rmse_log_model": 0.9829199910163879,
      "rmse_log_pers": 0.9223026037216187,
      "mae_log_model": 0.7463276386260986,
      "mae_log_pers": 0.6265865564346313,
      "rmse_mg_model": 6.929069995880127,
      "rmse_mg_pers": 6.883303165435791,
      "mae_mg_model": 3.534287214279175,
      "mae_mg_pers": 2.772287368774414,
      "skill_log_pct": -6.572401523590088,
      "skill_mg_pct": -0.6649017333984375
    },
    {
      "month": 8,
      "rmse_log_model": 0.8988773822784424,
      "rmse_log_pers": 0.8998450040817261,
      "mae_log_model": 0.6778982281684875,
      "mae_log_pers": 0.6052369475364685,
      "rmse_mg_model": 6.5402069091796875,
      "rmse_mg_pers": 6.585662841796875,
      "mae_mg_model": 3.2191295623779297,
      "mae_mg_pers": 2.616054058074951,
      "skill_log_pct": 0.10753273963928223,
      "skill_mg_pct": 0.690227746963501
    },
    {
      "month": 9,
      "rmse_log_model": 0.8783339262008667,
      "rmse_log_pers": 0.8838397264480591,
      "mae_log_model": 0.6606504321098328,
      "mae_log_pers": 0.620648205280304,
      "rmse_mg_model": 6.496499061584473,
      "rmse_mg_pers": 6.515739917755127,
      "mae_mg_model": 3.4519436359405518,
      "mae_mg_pers": 3.004399299621582,