{
  "freeze_path": "/Users/yashnilmohanty/Desktop/HABs_Research/Data/Derived/HAB_convLSTM_core_v1_clean.nc",
  "ckpt_path": "/Users/yashnilmohanty/HAB_Models/vanilla_best.pt",
  "seq": 6,
  "lead": 1,
  "global": [
    {
      "subset": "train",
      "rmse_log_model": 0.7986610531806946,
      "rmse_log_pers": 0.8926737308502197,
      "mae_log_model": 0.585195779800415,
      "mae_log_pers": 0.6173958778381348,
      "rmse_mg_model": 5.207315921783447,
      "rmse_mg_pers": 6.298438549041748,
      "mae_mg_model": 2.235203266143799,
      "mae_mg_pers": 2.6225931644439697,
      "skill_log_pct": 10.531579971313477,
      "skill_mg_pct": 17.323701858520508
    },
    {
      "subset": "val",
      "rmse_log_model": 0.7621511220932007,
      "rmse_log_pers": 0.8542553782463074,
      "mae_log_model": 0.5594112873077393,
      "mae_log_pers": 0.5965567231178284,
      "rmse_mg_model": 4.741873741149902,
      "rmse_mg_pers": 5.800528049468994,
      "mae_mg_model": 2.0234405994415283,
      "mae_mg_pers": 2.3842711448669434,
      "skill_log_pct": 10.781818389892578,
      "skill_mg_pct": 18.251001358032227
    },
    {
      "subset": "test",
      "rmse_log_model": 0.8005972504615784,
      "rmse_log_pers": 0.888878345489502,
      "mae_log_model": 0.5873170495033264,
      "mae_log_pers": 0.6242852807044983,
      "rmse_mg_model": 5.099568843841553,
      "rmse_mg_pers": 6.138978958129883,
      "mae_mg_model": 2.244878053665161,
      "mae_mg_pers": 2.6397693157196045,
      "skill_log_pct": 9.931743621826172,
      "skill_mg_pct": 16.931320190429688
    },
    {
      "subset": "all",
      "rmse_log_model": 0.793079137802124,
      "rmse_log_pers": 0.8859940767288208,
      "mae_log_model": 0.5812734365463257,
      "mae_log_pers": 0.6149302124977112,
      "rmse_mg_model": 5.119446754455566,
      "rmse_mg_pers": 6.198110580444336,
      "mae_mg_model": 2.2019360065460205,
      "mae_mg_pers": 2.5860097408294678,
      "skill_log_pct": 10.487085342407227,
      "skill_mg_pct": 17.403108596801758
    }
  ],
  "quartiles": [
    {
      "bin": 0,
      "rmse_log_model": 0.7423739433288574,
      "rmse_log_pers": 0.8006047010421753,
      "mae_log_model": 0.5341238379478455,
      "mae_log_pers": 0.5344692468643188,
      "rmse_mg_model": 3.727914810180664,
      "rmse_mg_pers": 4.77523946762085,
      "mae_mg_model": 1.4180344343185425,
      "mae_mg_pers": 1.6707139015197754,
      "skill_log_pct": 7.273345947265625,
      "skill_mg_pct": 21.93239974975586,
      "bin_label": "<Q1(1.13)"
    },
    {
      "bin": 1,
      "rmse_log_model": 0.754616379737854,
      "rmse_log_pers": 0.8332163095474243,
      "mae_log_model": 0.5513410568237305,
      "mae_log_pers": 0.5748496651649475,
      "rmse_mg_model": 4.513617992401123,
      "rmse_mg_pers": 5.524281024932861,
      "mae_mg_model": 1.8447368144989014,
      "mae_mg_pers": 2.162837266921997,
      "skill_log_pct": 9.433317184448242,
      "skill_mg_pct": 18.294923782348633,
      "bin_label": "Q1-Q2(1.13-1.44)"
    },
    {
      "bin": 2,
      "rmse_log_model": 0.8130277395248413,
      "rmse_log_pers": 0.9267339706420898,
      "mae_log_model": 0.5964518785476685,
      "mae_log_pers": 0.6502275466918945,
      "rmse_mg_model": 5.3056960105896,
      "rmse_mg_pers": 6.571290016174316,
      "mae_mg_model": 2.3558878898620605,
      "mae_mg_pers": 2.8209986686706543,
      "skill_log_pct": 12.269562721252441,
      "skill_mg_pct": 19.25944709777832,
      "bin_label": "Q2-Q3(1.44-1.97)"
    },
    {
      "bin": 3,
      "rmse_log_model": 0.8566340804100037,
      "rmse_log_pers": 0.9721777439117432,
      "mae_log_model": 0.6428858041763306,
      "mae_log_pers": 0.6997717618942261,
      "rmse_mg_model": 6.506764888763428,
      "rmse_mg_pers": 7.554830551147461,
      "mae_mg_model": 3.1844282150268555,
      "mae_mg_pers": 3.684283494949341,
      "skill_log_pct": 11.885034561157227,
      "skill_mg_pct": 13.872790336608887,
      "bin_label": ">=Q3(1.97)"
    }
  ],
  "month": [
    {
      "month": 1,
      "rmse_log_model": 0.6026397943496704,
      "rmse_log_pers": 0.6525371074676514,
      "mae_log_model": 0.4414307177066803,
      "mae_log_pers": 0.461897075176239,
      "rmse_mg_model": 1.9900223016738892,
      "rmse_mg_pers": 2.3998560905456543,
      "mae_mg_model": 0.9260779023170471,
      "mae_mg_pers": 1.0260599851608276,
      "skill_log_pct": 7.646661758422852,
      "skill_mg_pct": 17.077434539794922
    },
    {
      "month": 2,
      "rmse_log_model": 0.6487730145454407,
      "rmse_log_pers": 0.7216746211051941,
      "mae_log_model": 0.4801228940486908,
      "mae_log_pers": 0.5204848051071167,
      "rmse_mg_model": 2.7602274417877197,
      "rmse_mg_pers": 3.14674711227417,
      "mae_mg_model": 1.177578091621399,
      "mae_mg_pers": 1.3155046701431274,
      "skill_log_pct": 10.101729393005371,
      "skill_mg_pct": 12.28315258026123
    },
    {
      "month": 3,
      "rmse_log_model": 0.8284703493118286,
      "rmse_log_pers": 0.9348431825637817,
      "mae_log_model": 0.6141312718391418,
      "mae_log_pers": 0.6700605154037476,
      "rmse_mg_model": 5.240269184112549,
      "rmse_mg_pers": 6.028149127960205,
      "mae_mg_model": 2.3857195377349854,
      "mae_mg_pers": 2.734046220779419,
      "skill_log_pct": 11.378681182861328,
      "skill_mg_pct": 13.070016860961914
    },
    {
      "month": 4,
      "rmse_log_model": 0.9405601024627686,
      "rmse_log_pers": 1.0761381387710571,
      "mae_log_model": 0.7124253511428833,
      "mae_log_pers": 0.7813391089439392,
      "rmse_mg_model": 6.878199577331543,
      "rmse_mg_pers": 8.275324821472168,
      "mae_mg_model": 3.3728201389312744,
      "mae_mg_pers": 4.047085285186768,
      "skill_log_pct": 12.598573684692383,
      "skill_mg_pct": 16.883028030395508
    },
    {
      "month": 5,
      "rmse_log_model": 0.9387003779411316,
      "rmse_log_pers": 1.0764200687408447,
      "mae_log_model": 0.7014961242675781,
      "mae_log_pers": 0.7648000121116638,
      "rmse_mg_model": 7.012629508972168,
      "rmse_mg_pers": 8.621326446533203,
      "mae_mg_model": 3.343864679336548,
      "mae_mg_pers": 4.043747901916504,
      "skill_log_pct": 12.794232368469238,
      "skill_mg_pct": 18.659507751464844
    },
    {
      "month": 6,
      "rmse_log_model": 0.8940258622169495,
      "rmse_log_pers": 1.0214977264404297,
      "mae_log_model": 0.6578541994094849,
      "mae_log_pers": 0.7146593928337097,
      "rmse_mg_model": 6.570464134216309,
      "rmse_mg_pers": 8.037057876586914,
      "mae_mg_model": 3.0407228469848633,
      "mae_mg_pers": 3.6016805171966553,
      "skill_log_pct": 12.478918075561523,
      "skill_mg_pct": 18.24789047241211
    },
    {
      "month": 7,
      "rmse_log_model": 0.8310949802398682,
      "rmse_log_pers": 0.9213747978210449,
      "mae_log_model": 0.5989922285079956,
      "mae_log_pers": 0.626061201095581,
      "rmse_mg_model": 5.491980075836182,
      "rmse_mg_pers": 6.74639892578125,
      "mae_mg_model": 2.3501272201538086,
      "mae_mg_pers": 2.7467942237854004,
      "skill_log_pct": 9.798383712768555,
      "skill_mg_pct": 18.593900680541992
    },
    {
      "month": 8,
      "rmse_log_model": 0.8223820924758911,
      "rmse_log_pers": 0.8989185094833374,
      "mae_log_model": 0.5997966527938843,
      "mae_log_pers": 0.6047715544700623,
      "rmse_mg_model": 5.501927852630615,
      "rmse_mg_pers": 6.471224308013916,
      "mae_mg_model": 2.3315107822418213,
      "mae_mg_pers": 2.596508264541626,
      "skill_log_pct": 8.51427936553955,
      "skill_mg_pct": 14.97856330871582
    },
    {
      "month": 9,
      "rmse_log_model": 0.7913405895233154,
      "rmse_log_pers": 0.8833903670310974,
      "mae_log_model": 0.5922054648399353,
      "mae_log_pers": 0.6203683018684387,
      "rmse_mg_model": 5.228793621063232,
      "rmse_mg_pers": 6.439484119415283,
      "mae_mg_model": 2.482558488845825,
      "mae_mg_pers": 2.9908673763275146,