{
  "freeze_path": "/Users/yashnilmohanty/Desktop/HABs_Research/Data/Derived/HAB_convLSTM_core_v1_clean.nc",
  "ckpt_path": "/Users/yashnilmohanty/HAB_Models/convLSTM_best.pt",
  "seq": 6,
  "lead": 1,
  "global": [
    {
      "subset": "train",
      "rmse_log_model": 0.7983128428459167,
      "rmse_log_pers": 0.8926737308502197,
      "mae_log_model": 0.5848799347877502,
      "mae_log_pers": 0.6173958778381348,
      "rmse_mg_model": 5.206704139709473,
      "rmse_mg_pers": 6.298438549041748,
      "mae_mg_model": 2.234212875366211,
      "mae_mg_pers": 2.6225931644439697,
      "skill_log_pct": 10.570591688156128,
      "skill_mg_pct": 17.333412170410156
    },
    {
      "subset": "val",
      "rmse_log_model": 0.7617567181587219,
      "rmse_log_pers": 0.8542553782463074,
      "mae_log_model": 0.5590536594390869,
      "mae_log_pers": 0.5965567231178284,
      "rmse_mg_model": 4.740976810455322,
      "rmse_mg_pers": 5.800528049468994,
      "mae_mg_model": 2.0224480628967285,
      "mae_mg_pers": 2.3842711448669434,
      "skill_log_pct": 10.827988386154175,
      "skill_mg_pct": 18.26646327972412
    },
    {
      "subset": "test",
      "rmse_log_model": 0.8001986145973206,
      "rmse_log_pers": 0.888878345489502,
      "mae_log_model": 0.5869657397270203,
      "mae_log_pers": 0.6242852807044983,
      "rmse_mg_model": 5.098819732666016,
      "rmse_mg_pers": 6.138978958129883,
      "mae_mg_model": 2.243966817855835,
      "mae_mg_pers": 2.6397693157196045,
      "skill_log_pct": 9.976589679718018,
      "skill_mg_pct": 16.943520307540894
    },
    {
      "subset": "all",
      "rmse_log_model": 0.7927167415618896,
      "rmse_log_pers": 0.8859940767288208,
      "mae_log_model": 0.5809460282325745,
      "mae_log_pers": 0.6149302124977112,
      "rmse_mg_model": 5.118773460388184,
      "rmse_mg_pers": 6.198110580444336,
      "mae_mg_model": 2.200955390930176,
      "mae_mg_pers": 2.5860097408294678,
      "skill_log_pct": 10.527986288070679,
      "skill_mg_pct": 17.413967847824097
    }
  ],
  "quartiles": [
    {
      "bin": 0,
      "rmse_log_model": 0.7419835329055786,
      "rmse_log_pers": 0.8006047010421753,
      "mae_log_model": 0.5337947607040405,
      "mae_log_pers": 0.5344692468643188,
      "rmse_mg_model": 3.72655987739563,
      "rmse_mg_pers": 4.77523946762085,
      "mae_mg_model": 1.417051911354065,
      "mae_mg_pers": 1.6707139015197754,
      "skill_log_pct": 7.322108745574951,
      "skill_mg_pct": 21.960777044296265,
      "bin_label": "<Q1(1.13)"
    },
    {
      "bin": 1,
      "rmse_log_model": 0.7542204260826111,
      "rmse_log_pers": 0.8332163095474243,
      "mae_log_model": 0.5509573221206665,
      "mae_log_pers": 0.5748496651649475,
      "rmse_mg_model": 4.512866497039795,
      "rmse_mg_pers": 5.524281024932861,
      "mae_mg_model": 1.8437141180038452,
      "mae_mg_pers": 2.162837266921997,
      "skill_log_pct": 9.480839967727661,
      "skill_mg_pct": 18.308526277542114,
      "bin_label": "Q1-Q2(1.13-1.44)"
    },
    {
      "bin": 2,
      "rmse_log_model": 0.8126384019851685,
      "rmse_log_pers": 0.9267339706420898,
      "mae_log_model": 0.5961068868637085,
      "mae_log_pers": 0.6502275466918945,
      "rmse_mg_model": 5.304811954498291,
      "rmse_mg_pers": 6.571290016174316,
      "mae_mg_model": 2.3547961711883545,
      "mae_mg_pers": 2.8209986686706543,
      "skill_log_pct": 12.311577796936035,
      "skill_mg_pct": 19.272899627685547,
      "bin_label": "Q2-Q3(1.44-1.97)"
    },
    {
      "bin": 3,
      "rmse_log_model": 0.8563485741615295,
      "rmse_log_pers": 0.9721777439117432,
      "mae_log_model": 0.6426325440406799,
      "mae_log_pers": 0.6997717618942261,
      "rmse_mg_model": 6.506661415100098,
      "rmse_mg_pers": 7.554830551147461,
      "mae_mg_model": 3.1836068630218506,
      "mae_mg_pers": 3.684283494949341,
      "skill_log_pct": 11.91440224647522,
      "skill_mg_pct": 13.874155282974243,
      "bin_label": ">=Q3(1.97)"
    }
  ],
  "month": [
    {
      "month": 1,
      "rmse_log_model": 0.6023897528648376,
      "rmse_log_pers": 0.6525371074676514,
      "mae_log_model": 0.44124555587768555,
      "mae_log_pers": 0.461897075176239,
      "rmse_mg_model": 1.989556074142456,
      "rmse_mg_pers": 2.3998560905456543,
      "mae_mg_model": 0.9256919026374817,
      "mae_mg_pers": 1.0260599851608276,
      "skill_log_pct": 7.684981822967529,
      "skill_mg_pct": 17.096859216690063
    },
    {
      "month": 2,
      "rmse_log_model": 0.6484715938568115,
      "rmse_log_pers": 0.7216746211051941,
      "mae_log_model": 0.4798680245876312,
      "mae_log_pers": 0.5204848051071167,
      "rmse_mg_model": 2.759935140609741,
      "rmse_mg_pers": 3.14674711227417,
      "mae_mg_model": 1.1770193576812744,
      "mae_mg_pers": 1.3155046701431274,
      "skill_log_pct": 10.143494606018066,
      "skill_mg_pct": 12.292438745498657
    },
    {
      "month": 3,
      "rmse_log_model": 0.8280811905860901,
      "rmse_log_pers": 0.9348431825637817,
      "mae_log_model": 0.6138626337051392,
      "mae_log_pers": 0.6700605154037476,
      "rmse_mg_model": 5.23984432220459,
      "rmse_mg_pers": 6.028149127960205,
      "mae_mg_model": 2.3849637508392334,
      "mae_mg_pers": 2.734046220779419,
      "skill_log_pct": 11.42030954360962,
      "skill_mg_pct": 13.077062368392944
    },
    {
      "month": 4,
      "rmse_log_model": 0.9402140378952026,
      "rmse_log_pers": 1.0761381387710571,
      "mae_log_model": 0.7121870517730713,
      "mae_log_pers": 0.7813391089439392,
      "rmse_mg_model": 6.877116680145264,
      "rmse_mg_pers": 8.275324821472168,
      "mae_mg_model": 3.3714518547058105,
      "mae_mg_pers": 4.047085285186768,
      "skill_log_pct": 12.630730867385864,
      "skill_mg_pct": 16.896110773086548
    },
    {
      "month": 5,
      "rmse_log_model": 0.9384130239486694,
      "rmse_log_pers": 1.0764200687408447,
      "mae_log_model": 0.7012831568717957,
      "mae_log_pers": 0.7648000121116638,
      "rmse_mg_model": 7.01141881942749,
      "rmse_mg_pers": 8.621326446533203,
      "mae_mg_model": 3.342334508895874,
      "mae_mg_pers": 4.043747901916504,
      "skill_log_pct": 12.820929288864136,
      "skill_mg_pct": 18.673551082611084
    },
    {
      "month": 6,
      "rmse_log_model": 0.8937168717384338,
      "rmse_log_pers": 1.0214977264404297,
      "mae_log_model": 0.6575679779052734,
      "mae_log_pers": 0.7146593928337097,
      "rmse_mg_model": 6.569785118103027,
      "rmse_mg_pers": 8.037057876586914,
      "mae_mg_model": 3.0394017696380615,
      "mae_mg_pers": 3.6016805171966553,
      "skill_log_pct": 12.509167194366455,
      "skill_mg_pct": 18.25634241104126
    },
    {
      "month": 7,
      "rmse_log_model": 0.8306949138641357,
      "rmse_log_pers": 0.9213747978210449,
      "mae_log_model": 0.5986244678497314,
      "mae_log_pers": 0.626061201095581,
      "rmse_mg_model": 5.491285800933838,
      "rmse_mg_pers": 6.74639892578125,
      "mae_mg_model": 2.3489882946014404,
      "mae_mg_pers": 2.7467942237854004,
      "skill_log_pct": 9.84179973602295,
      "skill_mg_pct": 18.60419511795044
    },
    {
      "month": 8,
      "rmse_log_model": 0.8219990134239197,
      "rmse_log_pers": 0.8989185094833374,
      "mae_log_model": 0.5994096398353577,
      "mae_log_pers": 0.6047715544700623,
      "rmse_mg_model": 5.501588821411133,
      "rmse_mg_pers": 6.471224308013916,
      "mae_mg_model": 2.330656051635742,
      "mae_mg_pers": 2.596508264541626,
      "skill_log_pct": 8.556890487670898,
      "skill_mg_pct": 14.983803033828735
    },
    {
      "month": 9,
      "rmse_log_model": 0.7909775376319885,
      "rmse_log_pers": 0.8833903670310974,
      "mae_log_model": 0.5918760299682617,
      "mae_log_pers": 0.6203683018684387,
      "rmse_mg_model": 5.2282867431640625,
      "rmse_mg_pers": 6.439484119415283,
      "mae_mg_model": 2.481644630432129,
      "mae_mg_pers": 2.9908673763275146,