epoch,step,train_loss_step
0,49,1.192233920097351
0,99,1.1745022535324097
0,149,1.2219504117965698
0,199,1.2936022281646729
0,249,1.1927549839019775
