{
  "freeze_path": "/Users/yashnilmohanty/Desktop/HABs_Research/Data/Derived/HAB_convLSTM_core_v1_clean.nc",
  "ckpt_path": "/Users/yashnilmohanty/HAB_Models/convLSTM_best.pt",
  "seq": 6,
  "lead": 1,
  "global": [
    {
      "subset": "train",
      "rmse_log_model": 0.8055701851844788,
      "rmse_log_pers": 0.8926737308502197,
      "mae_log_model": 0.5971408486366272,
      "mae_log_pers": 0.6173958778381348,
      "rmse_mg_model": 5.211824893951416,
      "rmse_mg_pers": 6.298438549041748,
      "mae_mg_model": 2.2524733543395996,
      "mae_mg_pers": 2.6225931644439697,
      "skill_log_pct": 9.75760269165039,
      "skill_mg_pct": 17.252111434936523
    },
    {
      "subset": "val",
      "rmse_log_model": 0.7701268792152405,
      "rmse_log_pers": 0.8542553782463074,
      "mae_log_model": 0.5694136023521423,
      "mae_log_pers": 0.5965567231178284,
      "rmse_mg_model": 4.752189636230469,
      "rmse_mg_pers": 5.800528049468994,
      "mae_mg_model": 2.036874532699585,
      "mae_mg_pers": 2.3842711448669434,
      "skill_log_pct": 9.848165512084961,
      "skill_mg_pct": 18.07315444946289
    },
    {
      "subset": "test",
      "rmse_log_model": 0.8051645755767822,
      "rmse_log_pers": 0.888878345489502,
      "mae_log_model": 0.5940823554992676,
      "mae_log_pers": 0.6242852807044983,
      "rmse_mg_model": 5.091966152191162,
      "rmse_mg_pers": 6.138978958129883,
      "mae_mg_model": 2.243596315383911,
      "mae_mg_pers": 2.6397693157196045,
      "skill_log_pct": 9.417909622192383,
      "skill_mg_pct": 17.055160522460938
    },
    {
      "subset": "all",
      "rmse_log_model": 0.7998335361480713,
      "rmse_log_pers": 0.8859940767288208,
      "mae_log_model": 0.5921964049339294,
      "mae_log_pers": 0.6149302124977112,
      "rmse_mg_model": 5.123192310333252,
      "rmse_mg_pers": 6.198110580444336,
      "mae_mg_model": 2.216054677963257,
      "mae_mg_pers": 2.5860097408294678,
      "skill_log_pct": 9.724730491638184,
      "skill_mg_pct": 17.342674255371094
    }
  ],
  "quartiles": [
    {
      "bin": 0,
      "rmse_log_model": 0.7569074034690857,
      "rmse_log_pers": 0.8006047010421753,
      "mae_log_model": 0.553260087966919,
      "mae_log_pers": 0.5344692468643188,
      "rmse_mg_model": 3.7559902667999268,
      "rmse_mg_pers": 4.77523946762085,
      "mae_mg_model": 1.4379366636276245,
      "mae_mg_pers": 1.6707139015197754,
      "skill_log_pct": 5.458039283752441,
      "skill_mg_pct": 21.344465255737305,
      "bin_label": "<Q1(1.13)"
    },
    {
      "bin": 1,
      "rmse_log_model": 0.7634766697883606,
      "rmse_log_pers": 0.8332163095474243,
      "mae_log_model": 0.5640200972557068,
      "mae_log_pers": 0.5748496651649475,
      "rmse_mg_model": 4.531622409820557,
      "rmse_mg_pers": 5.524281024932861,
      "mae_mg_model": 1.8658124208450317,
      "mae_mg_pers": 2.162837266921997,
      "skill_log_pct": 8.36993408203125,
      "skill_mg_pct": 17.969013214111328,
      "bin_label": "Q1-Q2(1.13-1.44)"
    },
    {
      "bin": 2,
      "rmse_log_model": 0.8178627490997314,
      "rmse_log_pers": 0.9267339706420898,
      "mae_log_model": 0.6044386625289917,
      "mae_log_pers": 0.6502275466918945,
      "rmse_mg_model": 5.315661907196045,
      "rmse_mg_pers": 6.571290016174316,
      "mae_mg_model": 2.368147373199463,
      "mae_mg_pers": 2.8209986686706543,
      "skill_log_pct": 11.74783706665039,
      "skill_mg_pct": 19.1077880859375,
      "bin_label": "Q2-Q3(1.44-1.97)"
    },
    {
      "bin": 3,
      "rmse_log_model": 0.856611967086792,
      "rmse_log_pers": 0.9721777439117432,
      "mae_log_model": 0.6468079686164856,
      "mae_log_pers": 0.6997717618942261,
      "rmse_mg_model": 6.481847286224365,
      "rmse_mg_pers": 7.554830551147461,
      "mae_mg_model": 3.1877193450927734,
      "mae_mg_pers": 3.684283494949341,
      "skill_log_pct": 11.887311935424805,
      "skill_mg_pct": 14.20261287689209,
      "bin_label": ">=Q3(1.97)"
    }
  ],
  "month": [
    {
      "month": 1,
      "rmse_log_model": 0.6002225875854492,
      "rmse_log_pers": 0.6525371074676514,
      "mae_log_model": 0.44017836451530457,
      "mae_log_pers": 0.461897075176239,
      "rmse_mg_model": 1.9546704292297363,
      "rmse_mg_pers": 2.3998560905456543,
      "mae_mg_model": 0.9121655821800232,
      "mae_mg_pers": 1.0260599851608276,
      "skill_log_pct": 8.01709270477295,
      "skill_mg_pct": 18.550514221191406
    },
    {
      "month": 2,
      "rmse_log_model": 0.6455948948860168,
      "rmse_log_pers": 0.7216746211051941,
      "mae_log_model": 0.4790255129337311,
      "mae_log_pers": 0.5204848051071167,
      "rmse_mg_model": 2.7312171459198,
      "rmse_mg_pers": 3.14674711227417,
      "mae_mg_model": 1.1694191694259644,
      "mae_mg_pers": 1.3155046701431274,
      "skill_log_pct": 10.542106628417969,
      "skill_mg_pct": 13.205062866210938
    },
    {
      "month": 3,
      "rmse_log_model": 0.8280442953109741,
      "rmse_log_pers": 0.9348431825637817,
      "mae_log_model": 0.6163640022277832,
      "mae_log_pers": 0.6700605154037476,
      "rmse_mg_model": 5.213004112243652,
      "rmse_mg_pers": 6.028149127960205,
      "mae_mg_model": 2.380276679992676,
      "mae_mg_pers": 2.734046220779419,
      "skill_log_pct": 11.42425537109375,
      "skill_mg_pct": 13.522309303283691
    },
    {
      "month": 4,
      "rmse_log_model": 0.9402568936347961,
      "rmse_log_pers": 1.0761381387710571,
      "mae_log_model": 0.7164779901504517,
      "mae_log_pers": 0.7813391089439392,
      "rmse_mg_model": 6.867443084716797,
      "rmse_mg_pers": 8.275324821472168,
      "mae_mg_model": 3.389634370803833,
      "mae_mg_pers": 4.047085285186768,
      "skill_log_pct": 12.626749038696289,
      "skill_mg_pct": 17.01300811767578
    },
    {
      "month": 5,
      "rmse_log_model": 0.9390409588813782,
      "rmse_log_pers": 1.0764200687408447,
      "mae_log_model": 0.7056443095207214,
      "mae_log_pers": 0.7648000121116638,
      "rmse_mg_model": 7.014929294586182,
      "rmse_mg_pers": 8.621326446533203,
      "mae_mg_model": 3.3667752742767334,
      "mae_mg_pers": 4.043747901916504,
      "skill_log_pct": 12.762594223022461,
      "skill_mg_pct": 18.632829666137695
    },
    {
      "month": 6,
      "rmse_log_model": 0.8957528471946716,
      "rmse_log_pers": 1.0214977264404297,
      "mae_log_model": 0.6646603345870972,
      "mae_log_pers": 0.7146593928337097,
      "rmse_mg_model": 6.579417705535889,
      "rmse_mg_pers": 8.037057876586914,
      "mae_mg_model": 3.0668728351593018,
      "mae_mg_pers": 3.6016805171966553,
      "skill_log_pct": 12.309855461120605,
      "skill_mg_pct": 18.136489868164062
    },
    {
      "month": 7,
      "rmse_log_model": 0.8467843532562256,
      "rmse_log_pers": 0.9213747978210449,
      "mae_log_model": 0.6189196705818176,
      "mae_log_pers": 0.626061201095581,
      "rmse_mg_model": 5.525411605834961,
      "rmse_mg_pers": 6.74639892578125,
      "mae_mg_model": 2.3753437995910645,
      "mae_mg_pers": 2.7467942237854004,
      "skill_log_pct": 8.095556259155273,
      "skill_mg_pct": 18.09835433959961
    },
    {
      "month": 8,
      "rmse_log_model": 0.8375054001808167,
      "rmse_log_pers": 0.8989185094833374,
      "mae_log_model": 0.6228532791137695,
      "mae_log_pers": 0.6047715544700623,
      "rmse_mg_model": 5.503072261810303,
      "rmse_mg_pers": 6.471224308013916,
      "mae_mg_model": 2.3404955863952637,
      "mae_mg_pers": 2.596508264541626,
      "skill_log_pct": 6.831890106201172,
      "skill_mg_pct": 14.9608793258667
    },
    {
      "month": 9,
      "rmse_log_model": 0.808936595916748,
      "rmse_log_pers": 0.8833903670310974,
      "mae_log_model": 0.6159704923629761,
      "mae_log_pers": 0.6203683018684387,
      "rmse_mg_model": 5.271284580230713,
      "rmse_mg_pers": 6.439484119415283,
      "mae_mg_model": 2.5172157287597656,
      "mae_mg_pers": 2.9908673763275146,