{
  "freeze_path": "/Users/yashnilmohanty/Desktop/HABs_Research/Data/Derived/HAB_convLSTM_core_v1_clean.nc",
  "ckpt_path": "/Users/yashnilmohanty/HAB_Models/best_pinn_v1p3.pt",
  "seq": 6,
  "lead": 1,
  "global": [
    {
      "subset": "train",
      "rmse_log_model": 0.8996853232383728,
      "rmse_log_pers": 0.8926737308502197,
      "mae_log_model": 0.6296918392181396,
      "mae_log_pers": 0.6173958778381348,
      "rmse_mg_model": 6.61894416809082,
      "rmse_mg_pers": 6.298438549041748,
      "mae_mg_model": 2.7662148475646973,
      "mae_mg_pers": 2.6225931644439697,
      "skill_log_pct": -0.7854580879211426,
      "skill_mg_pct": -5.088651180267334
    },
    {
      "subset": "val",
      "rmse_log_model": 0.8605246543884277,
      "rmse_log_pers": 0.8542553782463074,
      "mae_log_model": 0.6068022847175598,
      "mae_log_pers": 0.5965567231178284,
      "rmse_mg_model": 6.074683666229248,
      "rmse_mg_pers": 5.800528049468994,
      "mae_mg_model": 2.499692678451538,
      "mae_mg_pers": 2.3842711448669434,
      "skill_log_pct": -0.7338881492614746,
      "skill_mg_pct": -4.726386070251465
    },
    {
      "subset": "test",
      "rmse_log_model": 0.8947855234146118,
      "rmse_log_pers": 0.888878345489502,
      "mae_log_model": 0.6335217356681824,
      "mae_log_pers": 0.6242852807044983,
      "rmse_mg_model": 6.326716899871826,
      "rmse_mg_pers": 6.138978958129883,
      "mae_mg_model": 2.725827217102051,
      "mae_mg_pers": 2.6397693157196045,
      "skill_log_pct": -0.6645679473876953,
      "skill_mg_pct": -3.058135509490967
    },
    {
      "subset": "all",
      "rmse_log_model": 0.8927370309829712,
      "rmse_log_pers": 0.8859940767288208,
      "mae_log_model": 0.626474916934967,
      "mae_log_pers": 0.6149302124977112,
      "rmse_mg_model": 6.493635177612305,
      "rmse_mg_pers": 6.198110580444336,
      "mae_mg_model": 2.7171919345855713,
      "mae_mg_pers": 2.5860097408294678,
      "skill_log_pct": -0.7610559463500977,
      "skill_mg_pct": -4.767978191375732
    }
  ],
  "quartiles": [
    {
      "bin": 0,
      "rmse_log_model": 0.8113822937011719,
      "rmse_log_pers": 0.8006047010421753,
      "mae_log_model": 0.5502704381942749,
      "mae_log_pers": 0.5344692468643188,
      "rmse_mg_model": 5.048685550689697,
      "rmse_mg_pers": 4.77523946762085,
      "mae_mg_model": 1.7733975648880005,
      "mae_mg_pers": 1.6707139015197754,
      "skill_log_pct": -1.3461828231811523,
      "skill_mg_pct": -5.726337432861328,
      "bin_label": "<Q1(1.13)"
    },
    {
      "bin": 1,
      "rmse_log_model": 0.8418529629707336,
      "rmse_log_pers": 0.8332163095474243,
      "mae_log_model": 0.5883832573890686,
      "mae_log_pers": 0.5748496651649475,
      "rmse_mg_model": 5.812010288238525,
      "rmse_mg_pers": 5.524281024932861,
      "mae_mg_model": 2.285935640335083,
      "mae_mg_pers": 2.162837266921997,
      "skill_log_pct": -1.0365486145019531,
      "skill_mg_pct": -5.208444595336914,
      "bin_label": "Q1-Q2(1.13-1.44)"
    },
    {
      "bin": 2,
      "rmse_log_model": 0.933420717716217,
      "rmse_log_pers": 0.9267339706420898,
      "mae_log_model": 0.6603350043296814,
      "mae_log_pers": 0.6502275466918945,
      "rmse_mg_model": 6.921250820159912,
      "rmse_mg_pers": 6.571290016174316,
      "mae_mg_model": 2.972527265548706,
      "mae_mg_pers": 2.8209986686706543,
      "skill_log_pct": -0.7215380668640137,
      "skill_mg_pct": -5.325603485107422,
      "bin_label": "Q2-Q3(1.44-1.97)"
    },
    {
      "bin": 3,
      "rmse_log_model": 0.9740979671478271,
      "rmse_log_pers": 0.9721777439117432,
      "mae_log_model": 0.7065317630767822,
      "mae_log_pers": 0.6997717618942261,
      "rmse_mg_model": 7.836170196533203,
      "rmse_mg_pers": 7.554830551147461,
      "mae_mg_model": 3.831622838973999,
      "mae_mg_pers": 3.684283494949341,
      "skill_log_pct": -0.19751787185668945,
      "skill_mg_pct": -3.7239670753479004,
      "bin_label": ">=Q3(1.97)"
    }
  ],
  "month": [
    {
      "month": 1,
      "rmse_log_model": 0.6574069261550903,
      "rmse_log_pers": 0.6525371074676514,
      "mae_log_model": 0.46811479330062866,
      "mae_log_pers": 0.461897075176239,
      "rmse_mg_model": 2.471022844314575,
      "rmse_mg_pers": 2.3998560905456543,
      "mae_mg_model": 1.0608903169631958,
      "mae_mg_pers": 1.0260599851608276,
      "skill_log_pct": -0.7462859153747559,
      "skill_mg_pct": -2.9654622077941895
    },
    {
      "month": 2,
      "rmse_log_model": 0.726927638053894,
      "rmse_log_pers": 0.7216746211051941,
      "mae_log_model": 0.5280719995498657,
      "mae_log_pers": 0.5204848051071167,
      "rmse_mg_model": 3.2571582794189453,
      "rmse_mg_pers": 3.14674711227417,
      "mae_mg_model": 1.3651988506317139,
      "mae_mg_pers": 1.3155046701431274,
      "skill_log_pct": -0.7278919219970703,
      "skill_mg_pct": -3.508734703063965
    },
    {
      "month": 3,
      "rmse_log_model": 0.9386600255966187,
      "rmse_log_pers": 0.9348431825637817,
      "mae_log_model": 0.6763587594032288,
      "mae_log_pers": 0.6700605154037476,
      "rmse_mg_model": 6.1601948738098145,
      "rmse_mg_pers": 6.028149127960205,
      "mae_mg_model": 2.804589033126831,
      "mae_mg_pers": 2.734046220779419,
      "skill_log_pct": -0.4082918167114258,
      "skill_mg_pct": -2.1904826164245605
    },
    {
      "month": 4,
      "rmse_log_model": 1.0790284872055054,
      "rmse_log_pers": 1.0761381387710571,
      "mae_log_model": 0.7878431081771851,
      "mae_log_pers": 0.7813391089439392,
      "rmse_mg_model": 8.577842712402344,
      "rmse_mg_pers": 8.275324821472168,
      "mae_mg_model": 4.216863632202148,
      "mae_mg_pers": 4.047085285186768,
      "skill_log_pct": -0.26859045028686523,
      "skill_mg_pct": -3.6556601524353027
    },
    {
      "month": 5,
      "rmse_log_model": 1.0803837776184082,
      "rmse_log_pers": 1.0764200687408447,
      "mae_log_model": 0.7735554575920105,
      "mae_log_pers": 0.7648000121116638,
      "rmse_mg_model": 9.072409629821777,
      "rmse_mg_pers": 8.621326446533203,
      "mae_mg_model": 4.289968490600586,
      "mae_mg_pers": 4.043747901916504,
      "skill_log_pct": -0.3682255744934082,
      "skill_mg_pct": -5.232179164886475
    },
    {
      "month": 6,
      "rmse_log_model": 1.025215744972229,
      "rmse_log_pers": 1.0214977264404297,
      "mae_log_model": 0.7248628735542297,
      "mae_log_pers": 0.7146593928337097,
      "rmse_mg_model": 8.513084411621094,
      "rmse_mg_pers": 8.037057876586914,
      "mae_mg_model": 3.843372106552124,
      "mae_mg_pers": 3.6016805171966553,
      "skill_log_pct": -0.3639817237854004,
      "skill_mg_pct": -5.922889709472656
    },
    {
      "month": 7,
      "rmse_log_model": 0.9309577941894531,
      "rmse_log_pers": 0.9213747978210449,
      "mae_log_model": 0.6401579976081848,
      "mae_log_pers": 0.626061201095581,
      "rmse_mg_model": 7.173146724700928,
      "rmse_mg_pers": 6.74639892578125,
      "mae_mg_model": 2.9577372074127197,
      "mae_mg_pers": 2.7467942237854004,
      "skill_log_pct": -1.0400772094726562,
      "skill_mg_pct": -6.32556676864624
    },
    {
      "month": 8,
      "rmse_log_model": 0.9059705138206482,
      "rmse_log_pers": 0.8989185094833374,
      "mae_log_model": 0.6199302673339844,
      "mae_log_pers": 0.6047715544700623,
      "rmse_mg_model": 6.757239818572998,
      "rmse_mg_pers": 6.471224308013916,
      "mae_mg_model": 2.7255053520202637,
      "mae_mg_pers": 2.596508264541626,
      "skill_log_pct": -0.7845044136047363,
      "skill_mg_pct": -4.419803619384766
    },
    {
      "month": 9,
      "rmse_log_model": 0.8903086185455322,
      "rmse_log_pers": 0.8833903670310974,
      "mae_log_model": 0.6311655640602112,
      "mae_log_pers": 0.6203683018684387,
      "rmse_mg_model": 6.7537617683410645,
      "rmse_mg_pers": 6.439484119415283,
      "mae_mg_model": 3.119001626968384,