bin,rmse_log_model,rmse_log_pers,mae_log_model,mae_log_pers,rmse_mg_model,rmse_mg_pers,mae_mg_model,mae_mg_pers,skill_log_pct,skill_mg_pct,bin_label
0,0.8113823,0.8006047,0.55027044,0.53446925,5.0486856,4.7752395,1.7733976,1.6707139,-1.3461828,-5.7263374,<Q1(1.13)
1,0.84185296,0.8332163,0.58838326,0.57484967,5.8120103,5.524281,2.2859356,2.1628373,-1.0365486,-5.2084446,Q1-Q2(1.13-1.44)
2,0.9334207,0.926734,0.660335,0.65022755,6.921251,6.57129,2.9725273,2.8209987,-0.72153807,-5.3256035,Q2-Q3(1.44-1.97)
3,0.97409797,0.97217774,0.70653176,0.69977176,7.83617,7.5548306,3.8316228,3.6842835,-0.19751787,-3.723967,>=Q3(1.97)
