metric,hits,miss,false_alarm,POD,FAR,CSI
bloom_≥5mg,170591,98067,111934,0.6349745773436837,0.39619148747898275,0.44822539622482754
