lead_days,rmse_log
8,0.7932897806167603
16,0.7931239604949951
24,0.7930141687393188
32,0.7925225496292114
