{
  "freeze_path": "/Users/yashnilmohanty/Desktop/HABs_Research/Data/Derived/HAB_convLSTM_core_v1_clean.nc",
  "ckpt_path": "/Users/yashnilmohanty/HAB_Models/best_pinn_v1p3.pt",
  "seq": 6,
  "lead": 1,
  "global": [
    {
      "subset": "train",
      "rmse_log_model": 0.09196510165929794,
      "rmse_log_pers": 0.8926737308502197,
      "mae_log_model": 0.07675299793481827,
      "mae_log_pers": 0.6173958778381348,
      "rmse_mg_model": 0.7973611354827881,
      "rmse_mg_pers": 6.298438549041748,
      "mae_mg_model": 0.32897400856018066,
      "mae_mg_pers": 2.6225931644439697,
      "skill_log_pct": 89.69779205322266,
      "skill_mg_pct": 87.34033966064453
    },
    {
      "subset": "val",
      "rmse_log_model": 0.08714743703603745,
      "rmse_log_pers": 0.8542553782463074,
      "mae_log_model": 0.07290039956569672,
      "mae_log_pers": 0.5965567231178284,
      "rmse_mg_model": 0.682563304901123,
      "rmse_mg_pers": 5.800528049468994,
      "mae_mg_model": 0.28102678060531616,
      "mae_mg_pers": 2.3842711448669434,
      "skill_log_pct": 89.79843139648438,
      "skill_mg_pct": 88.23273468017578
    },
    {
      "subset": "test",
      "rmse_log_model": 0.08463241159915924,
      "rmse_log_pers": 0.8909124135971069,
      "mae_log_model": 0.06884968280792236,
      "mae_log_pers": 0.626984179019928,
      "rmse_mg_model": 0.6074902415275574,
      "rmse_mg_pers": 6.161525249481201,
      "mae_mg_model": 0.26040932536125183,
      "mae_mg_pers": 2.6579205989837646,
      "skill_log_pct": 90.50048065185547,
      "skill_mg_pct": 90.14058685302734
    },
    {
      "subset": "all",
      "rmse_log_model": 0.09023071825504303,
      "rmse_log_pers": 0.8862665295600891,
      "mae_log_model": 0.0750555619597435,
      "mae_log_pers": 0.6152836680412292,
      "rmse_mg_model": 0.7562918066978455,
      "rmse_mg_pers": 6.201201438903809,
      "mae_mg_model": 0.3118731379508972,
      "mae_mg_pers": 2.588397741317749,
      "skill_log_pct": 89.81900787353516,
      "skill_mg_pct": 87.80410766601562
    }
  ],
  "quartiles": [
    {
      "bin": 0,
      "rmse_log_model": 0.09993219375610352,
      "rmse_log_pers": 0.8015074133872986,
      "mae_log_model": 0.08272430300712585,
      "mae_log_pers": 0.535735547542572,
      "rmse_mg_model": 0.5269857048988342,
      "rmse_mg_pers": 4.794370651245117,
      "mae_mg_model": 0.1911238580942154,
      "mae_mg_pers": 1.6804137229919434,
      "skill_log_pct": 87.53197479248047,
      "skill_mg_pct": 89.00823974609375,
      "bin_label": "<Q1(1.13)"
    },
    {
      "bin": 1,
      "rmse_log_model": 0.08783961832523346,
      "rmse_log_pers": 0.8340356349945068,
      "mae_log_model": 0.07307440042495728,
      "mae_log_pers": 0.5753747820854187,
      "rmse_mg_model": 0.6897658109664917,
      "rmse_mg_pers": 5.537407398223877,
      "mae_mg_model": 0.26683706045150757,
      "mae_mg_pers": 2.1686477661132812,
      "skill_log_pct": 89.46812438964844,
      "skill_mg_pct": 87.54352569580078,
      "bin_label": "Q1-Q2(1.13-1.44)"
    },
    {
      "bin": 2,
      "rmse_log_model": 0.08638942241668701,
      "rmse_log_pers": 0.9260464906692505,
      "mae_log_model": 0.07197646051645279,
      "mae_log_pers": 0.6499869227409363,
      "rmse_mg_model": 0.7885701656341553,
      "rmse_mg_pers": 6.549103260040283,
      "mae_mg_model": 0.3314499855041504,
      "mae_mg_pers": 2.8128767013549805,
      "skill_log_pct": 90.67115783691406,
      "skill_mg_pct": 87.95911407470703,
      "bin_label": "Q2-Q3(1.44-1.97)"
    },
    {
      "bin": 3,
      "rmse_log_model": 0.08602876216173172,
      "rmse_log_pers": 0.9727701544761658,
      "mae_log_model": 0.0724470317363739,
      "mae_log_pers": 0.7000370025634766,
      "rmse_mg_model": 0.9552881121635437,
      "rmse_mg_pers": 7.568356513977051,
      "mae_mg_model": 0.4580821990966797,
      "mae_mg_pers": 3.691652297973633,
      "skill_log_pct": 91.15631103515625,
      "skill_mg_pct": 87.37786102294922,
      "bin_label": ">=Q3(1.97)"
    }
  ],
  "month": [
    {
      "month": 1,
      "rmse_log_model": 0.06976146996021271,
      "rmse_log_pers": 0.6525371074676514,
      "mae_log_model": 0.056283120065927505,
      "mae_log_pers": 0.461897075176239,
      "rmse_mg_model": 0.32147184014320374,
      "rmse_mg_pers": 2.3998560905456543,
      "mae_mg_model": 0.12858368456363678,
      "mae_mg_pers": 1.0260599851608276,
      "skill_log_pct": 89.30918884277344,
      "skill_mg_pct": 86.60453796386719
    },
    {
      "month": 2,
      "rmse_log_model": 0.06532750278711319,
      "rmse_log_pers": 0.7216746211051941,
      "mae_log_model": 0.05252937972545624,
      "mae_log_pers": 0.5204848051071167,
      "rmse_mg_model": 0.41224804520606995,
      "rmse_mg_pers": 3.14674711227417,
      "mae_mg_model": 0.14925163984298706,
      "mae_mg_pers": 1.3155046701431274,
      "skill_log_pct": 90.94779205322266,
      "skill_mg_pct": 86.89923095703125
    },
    {
      "month": 3,
      "rmse_log_model": 0.06860259920358658,
      "rmse_log_pers": 0.9348431825637817,
      "mae_log_model": 0.05603951960802078,
      "mae_log_pers": 0.6700605154037476,
      "rmse_mg_model": 0.6448138952255249,
      "rmse_mg_pers": 6.028149127960205,
      "mae_mg_model": 0.26698926091194153,
      "mae_mg_pers": 2.734046220779419,
      "skill_log_pct": 92.6615982055664,
      "skill_mg_pct": 89.30328369140625
    },
    {
      "month": 4,
      "rmse_log_model": 0.08063109219074249,
      "rmse_log_pers": 1.0761381387710571,
      "mae_log_model": 0.06760933250188828,
      "mae_log_pers": 0.7813391089439392,
      "rmse_mg_model": 0.9543322324752808,
      "rmse_mg_pers": 8.275324821472168,
      "mae_mg_model": 0.43430203199386597,
      "mae_mg_pers": 4.047085285186768,
      "skill_log_pct": 92.50736999511719,
      "skill_mg_pct": 88.46773529052734
    },
    {
      "month": 5,
      "rmse_log_model": 0.08943101763725281,
      "rmse_log_pers": 1.0764200687408447,
      "mae_log_model": 0.07615544646978378,
      "mae_log_pers": 0.7648000121116638,
      "rmse_mg_model": 1.0664243698120117,
      "rmse_mg_pers": 8.621326446533203,
      "mae_mg_model": 0.49447596073150635,
      "mae_mg_pers": 4.043747901916504,
      "skill_log_pct": 91.69181060791016,
      "skill_mg_pct": 87.6303939819336
    },
    {
      "month": 6,
      "rmse_log_model": 0.09446369111537933,
      "rmse_log_pers": 1.025835394859314,
      "mae_log_model": 0.08109033852815628,
      "mae_log_pers": 0.7199667096138,
      "rmse_mg_model": 1.0860697031021118,
      "rmse_mg_pers": 8.085456848144531,
      "mae_mg_model": 0.49814799427986145,
      "mae_mg_pers": 3.6420960426330566,
      "skill_log_pct": 90.79153442382812,
      "skill_mg_pct": 86.56761932373047
    },
    {
      "month": 7,
      "rmse_log_model": 0.09977416694164276,
      "rmse_log_pers": 0.9213747978210449,
      "mae_log_model": 0.0862250104546547,
      "mae_log_pers": 0.626061201095581,
      "rmse_mg_model": 0.9115229845046997,
      "rmse_mg_pers": 6.74639892578125,
      "mae_mg_model": 0.38595259189605713,
      "mae_mg_pers": 2.7467942237854004,
      "skill_log_pct": 89.1711654663086,
      "skill_mg_pct": 86.4887466430664
    },
    {
      "month": 8,
      "rmse_log_model": 0.10585036873817444,
      "rmse_log_pers": 0.8989185094833374,
      "mae_log_model": 0.09124806523323059,
      "mae_log_pers": 0.6047715544700623,
      "rmse_mg_model": 0.7878511548042297,
      "rmse_mg_pers": 6.471224308013916,
      "mae_mg_model": 0.3380773961544037,
      "mae_mg_pers": 2.596508264541626,
      "skill_log_pct": 88.22470092773438,
      "skill_mg_pct": 87.8253173828125
    },
    {
      "month": 9,
      "rmse_log_model": 0.10906542837619781,
      "rmse_log_pers": 0.8833903670310974,
      "mae_log_model": 0.09301311522722244,
      "mae_log_pers": 0.6203683018684387,
      "rmse_mg_model": 0.7330864071846008,
      "rmse_mg_pers": 6.439484119415283,
      "mae_mg_model": 0.3434687554836273,