metric,hits,miss,false_alarm,POD,FAR,CSI
bloom_≥5mg,266934,1576,15452,0.9941305724181558,0.05471942660046867,0.9400342299321708
