metric,hits,miss,false_alarm,POD,FAR,CSI
bloom_≥5mg,166443,102215,93415,0.6195348733333806,0.3594847955421794,0.4596945919745453
