{
  "freeze_path": "/Users/yashnilmohanty/Desktop/HABs_Research/Data/Derived/HAB_convLSTM_core_v1_clean.nc",
  "ckpt_path": "/Users/yashnilmohanty/Desktop/habs-forecast/runs/pinn_best.pt",
  "seq": 6,
  "lead": 1,
  "global": [
    {
      "subset": "train",
      "rmse_log_model": 0.9106759428977966,
      "rmse_log_pers": 0.8926737308502197,
      "mae_log_model": 0.6405423879623413,
      "mae_log_pers": 0.6173958778381348,
      "rmse_mg_model": 6.900227069854736,
      "rmse_mg_pers": 6.298438549041748,
      "mae_mg_model": 2.894869089126587,
      "mae_mg_pers": 2.6225931644439697,
      "skill_log_pct": -2.0166635513305664,
      "skill_mg_pct": -9.5545654296875
    },
    {
      "subset": "val",
      "rmse_log_model": 0.8699985146522522,
      "rmse_log_pers": 0.8542553782463074,
      "mae_log_model": 0.6166778206825256,
      "mae_log_pers": 0.5965567231178284,
      "rmse_mg_model": 6.247393608093262,
      "rmse_mg_pers": 5.800528049468994,
      "mae_mg_model": 2.599242925643921,
      "mae_mg_pers": 2.3842711448669434,
      "skill_log_pct": -1.8429040908813477,
      "skill_mg_pct": -7.703876495361328
    },
    {
      "subset": "test",
      "rmse_log_model": 0.9042913317680359,
      "rmse_log_pers": 0.888878345489502,
      "mae_log_model": 0.6444597840309143,
      "mae_log_pers": 0.6242852807044983,
      "rmse_mg_model": 6.630383014678955,
      "rmse_mg_pers": 6.138978958129883,
      "mae_mg_model": 2.8780272006988525,
      "mae_mg_pers": 2.6397693157196045,
      "skill_log_pct": -1.7339825630187988,
      "skill_mg_pct": -8.004653930664062
    },
    {
      "subset": "all",
      "rmse_log_model": 0.9032852649688721,
      "rmse_log_pers": 0.8859940767288208,
      "mae_log_model": 0.6371781229972839,
      "mae_log_pers": 0.6149302124977112,
      "rmse_mg_model": 6.76124906539917,
      "rmse_mg_pers": 6.198110580444336,
      "mae_mg_model": 2.844297409057617,
      "mae_mg_pers": 2.5860097408294678,
      "skill_log_pct": -1.951611042022705,
      "skill_mg_pct": -9.085643768310547
    }
  ],
  "quartiles": [
    {
      "bin": 0,
      "rmse_log_model": 0.8180053234100342,
      "rmse_log_pers": 0.8006047010421753,
      "mae_log_model": 0.5560493469238281,
      "mae_log_pers": 0.5344692468643188,
      "rmse_mg_model": 5.281317234039307,
      "rmse_mg_pers": 4.77523946762085,
      "mae_mg_model": 1.8684383630752563,
      "mae_mg_pers": 1.6707139015197754,
      "skill_log_pct": -2.173435688018799,
      "skill_mg_pct": -10.597955703735352,
      "bin_label": "<Q1(1.13)"
    },
    {
      "bin": 1,
      "rmse_log_model": 0.8515123724937439,
      "rmse_log_pers": 0.8332163095474243,
      "mae_log_model": 0.5977272987365723,
      "mae_log_pers": 0.5748496651649475,
      "rmse_mg_model": 6.077279090881348,
      "rmse_mg_pers": 5.524281024932861,
      "mae_mg_model": 2.4042534828186035,
      "mae_mg_pers": 2.162837266921997,
      "skill_log_pct": -2.1958351135253906,
      "skill_mg_pct": -10.010313987731934,
      "bin_label": "Q1-Q2(1.13-1.44)"
    },
    {
      "bin": 2,
      "rmse_log_model": 0.9458169341087341,
      "rmse_log_pers": 0.9267339706420898,
      "mae_log_model": 0.6743346452713013,
      "mae_log_pers": 0.6502275466918945,
      "rmse_mg_model": 7.224351406097412,
      "rmse_mg_pers": 6.571290016174316,
      "mae_mg_model": 3.117591142654419,
      "mae_mg_pers": 2.8209986686706543,
      "skill_log_pct": -2.05916166305542,
      "skill_mg_pct": -9.93809700012207,
      "bin_label": "Q2-Q3(1.44-1.97)"
    },
    {
      "bin": 3,
      "rmse_log_model": 0.9870007038116455,
      "rmse_log_pers": 0.9721777439117432,
      "mae_log_model": 0.7202074527740479,
      "mae_log_pers": 0.6997717618942261,
      "rmse_mg_model": 8.108396530151367,
      "rmse_mg_pers": 7.554830551147461,
      "mae_mg_model": 3.9815175533294678,
      "mae_mg_pers": 3.684283494949341,
      "skill_log_pct": -1.5247225761413574,
      "skill_mg_pct": -7.327306270599365,
      "bin_label": ">=Q3(1.97)"
    }
  ],
  "month": [
    {
      "month": 1,
      "rmse_log_model": 0.6632279753684998,
      "rmse_log_pers": 0.6525371074676514,
      "mae_log_model": 0.4751429259777069,
      "mae_log_pers": 0.461897075176239,
      "rmse_mg_model": 2.5586137771606445,
      "rmse_mg_pers": 2.3998560905456543,
      "mae_mg_model": 1.0962716341018677,
      "mae_mg_pers": 1.0260599851608276,
      "skill_log_pct": -1.638352870941162,
      "skill_mg_pct": -6.615304946899414
    },
    {
      "month": 2,
      "rmse_log_model": 0.733525276184082,
      "rmse_log_pers": 0.7216746211051941,
      "mae_log_model": 0.5361785292625427,
      "mae_log_pers": 0.5204848051071167,
      "rmse_mg_model": 3.3041982650756836,
      "rmse_mg_pers": 3.14674711227417,
      "mae_mg_model": 1.3928900957107544,
      "mae_mg_pers": 1.3155046701431274,
      "skill_log_pct": -1.6421079635620117,
      "skill_mg_pct": -5.003619194030762
    },
    {
      "month": 3,
      "rmse_log_model": 0.9491668343544006,
      "rmse_log_pers": 0.9348431825637817,
      "mae_log_model": 0.6880847811698914,
      "mae_log_pers": 0.6700605154037476,
      "rmse_mg_model": 6.194798946380615,
      "rmse_mg_pers": 6.028149127960205,
      "mae_mg_model": 2.834904193878174,
      "mae_mg_pers": 2.734046220779419,
      "skill_log_pct": -1.5321969985961914,
      "skill_mg_pct": -2.7645230293273926
    },
    {
      "month": 4,
      "rmse_log_model": 1.0918091535568237,
      "rmse_log_pers": 1.0761381387710571,
      "mae_log_model": 0.801225483417511,
      "mae_log_pers": 0.7813391089439392,
      "rmse_mg_model": 8.832382202148438,
      "rmse_mg_pers": 8.275324821472168,
      "mae_mg_model": 4.33637809753418,
      "mae_mg_pers": 4.047085285186768,
      "skill_log_pct": -1.4562249183654785,
      "skill_mg_pct": -6.731545925140381
    },
    {
      "month": 5,
      "rmse_log_model": 1.0971297025680542,
      "rmse_log_pers": 1.0764200687408447,
      "mae_log_model": 0.7910073399543762,
      "mae_log_pers": 0.7648000121116638,
      "rmse_mg_model": 9.389631271362305,
      "rmse_mg_pers": 8.621326446533203,
      "mae_mg_model": 4.4608025550842285,
      "mae_mg_pers": 4.043747901916504,
      "skill_log_pct": -1.9239306449890137,
      "skill_mg_pct": -8.911681175231934
    },
    {
      "month": 6,
      "rmse_log_model": 1.0424388647079468,
      "rmse_log_pers": 1.0214977264404297,
      "mae_log_model": 0.745371401309967,
      "mae_log_pers": 0.7146593928337097,
      "rmse_mg_model": 8.817846298217773,
      "rmse_mg_pers": 8.037057876586914,
      "mae_mg_model": 4.017669200897217,
      "mae_mg_pers": 3.6016805171966553,
      "skill_log_pct": -2.050042152404785,
      "skill_mg_pct": -9.714853286743164
    },
    {
      "month": 7,
      "rmse_log_model": 0.9475280046463013,
      "rmse_log_pers": 0.9213747978210449,
      "mae_log_model": 0.658731997013092,
      "mae_log_pers": 0.626061201095581,
      "rmse_mg_model": 7.4768266677856445,
      "rmse_mg_pers": 6.74639892578125,
      "mae_mg_model": 3.1450576782226562,
      "mae_mg_pers": 2.7467942237854004,
      "skill_log_pct": -2.8384923934936523,
      "skill_mg_pct": -10.826932907104492
    },
    {
      "month": 8,
      "rmse_log_model": 0.9118005037307739,
      "rmse_log_pers": 0.8989185094833374,
      "mae_log_model": 0.628259539604187,
      "mae_log_pers": 0.6047715544700623,
      "rmse_mg_model": 6.978473663330078,
      "rmse_mg_pers": 6.471224308013916,
      "mae_mg_model": 2.863754987716675,
      "mae_mg_pers": 2.596508264541626,
      "skill_log_pct": -1.4330506324768066,
      "skill_mg_pct": -7.838535308837891
    },
    {
      "month": 9,
      "rmse_log_model": 0.9017897844314575,
      "rmse_log_pers": 0.8833903670310974,
      "mae_log_model": 0.6420600414276123,
      "mae_log_pers": 0.6203683018684387,
      "rmse_mg_model": 7.188781261444092,
      "rmse_mg_pers": 6.439484119415283,
      "mae_mg_model": 3.3371798992156982,