{"type": "FeatureCollection", "features": [{"type": "Feature", "properties": {"speed": 0.098}, "geometry": {"type": "MultiLineString", "coordinates": [[[-126.5, 32.02], [-126.47122769989073, 32.066366531401876]], [[-126.51995276763236, 32.03876457905111], [-126.47122769989073, 32.066366531401876], [-126.4743277243179, 32.01045240216292]]]}}, {"type": "Feature", "properties": {"speed": 0.084}, "geometry": {"type": "MultiLineString", "coordinates": [[[-126.25999999999999, 32.02], [-126.25343710998072, 32.064518601149324]], [[-126.28716526733494, 32.01981500619893], [-126.25343710998072, 32.064518601149324], [-126.23404373310453, 32.011983879932416]]]}}, {"type": "Feature", "properties": {"speed": 0.095}, "geometry": {"type": "MultiLineString", "coordinates": [[[-126.02, 32.02], [-126.02040336072561, 32.07076401308179]], [[-126.0468598623465, 32.0214076201627], [-126.02040336072561, 32.07076401308179], [-125.99316589700038, 32.021834261704775]]]}}, {"type": "Feature", "properties": {"speed": 0.112}, "geometry": {"type": "MultiLineString", "coordinates": [[[-125.78, 32.02], [-125.70973470687866, 32.02595625722781]], [[-125.7609714159546, 32.04855713426982], [-125.70973470687866, 32.02595625722781], [-125.75643600119955, 31.995053359163812]]]}}, {"type": "Feature", "properties": {"speed": 0.058}, "geometry": {"type": "MultiLineString", "coordinates": [[[-125.53999999999999, 32.02], [-125.50817679703235, 32.03469131372869]], [[-125.56404928233914, 32.038468268274585], [-125.50817679703235, 32.03469131372869], [-125.5415430273395, 31.989716935744223]]]}}, {"type": "Feature", "properties": {"speed": 0.026}, "geometry": {"type": "MultiLineString", "coordinates": [[[-125.3, 32.02], [-125.31611230522394, 32.01639497580938]], [[-125.26229137175063, 32.00092542119192], [-125.31611230522394, 32.01639497580938], [-125.27401554940585, 32.05332549367188]]]}}, {"type": "Feature", "properties": {"speed": 0.039}, "geometry": {"type": "MultiLineString", "coordinates": [[[-125.06, 32.02], [-125.04702116217464, 32.002270240783695]], [[-125.0543864547279, 32.05778377485967], [-125.04702116217464, 32.002270240783695], [-125.09771367491365, 32.02606665127364]]]}}, {"type": "Feature", "properties": {"speed": 0.033}, "geometry": {"type": "MultiLineString", "coordinates": [[[-124.82, 32.02], [-124.82558628188445, 32.0370071143657]], [[-124.83575708999307, 31.981938478442718], [-124.82558628188445, 32.0370071143657], [-124.78474293365593, 31.99869496348006]]]}}, {"type": "Feature", "properties": {"speed": 0.062}, "geometry": {"type": "MultiLineString", "coordinates": [[[-124.58, 32.02], [-124.61352769464254, 32.00329106345773]], [[-124.55756740897888, 32.001182407857165], [-124.61352769464254, 32.00329106345773], [-124.5815178507566, 32.04924070866199]]]}}, {"type": "Feature", "properties": {"speed": 0.106}, "geometry": {"type": "MultiLineString", "coordinates": [[[-124.34, 32.02], [-124.40026581674815, 32.04419211342931]], [[-124.36466020081342, 32.00096897016198], [-124.40026581674815, 32.04419211342931], [-124.3446569994251, 32.05079964216039]]]}}, {"type": "Feature", "properties": {"speed": 0.162}, "geometry": {"type": "MultiLineString", "coordinates": [[[-124.1, 32.02], [-124.16037618592381, 32.08954956054688]], [[-124.1484336327347, 32.03483781205238], [-124.16037618592381, 32.08954956054688], [-124.10788524801156, 32.070037988670386]]]}}, {"type": "Feature", "properties": {"speed": 0.123}, "geometry": {"type": "MultiLineString", "coordinates": [[[-123.86, 32.02], [-123.88583339810371, 32.0819697123766]], [[-123.8917045199178, 32.02627833127823], [-123.88583339810371, 32.0819697123766], [-123.84214289745974, 32.046939152097345]]]}}, {"type": "Feature", "properties": {"speed": 0.05}, "geometry": {"type": "MultiLineString", "coordinates": [[[-123.61999999999999, 32.02], [-123.6476061464101, 32.007615608610216]], [[-123.59177773529031, 32.00323513924731], [-123.6476061464101, 32.007615608610216], [-123.6137558892804, 32.05222681899789]]]}}, {"type": "Feature", "properties": {"speed": 0.246}, "geometry": {"type": "MultiLineString", "coordinates": [[[-123.38, 32.02], [-123.41737408295273, 31.89288646399975]], [[-123.3777537536929, 31.932462081611387], [-123.41737408295273, 31.89288646399975], [-123.42926886162043, 31.947608618932158]]]}}, {"type": "Feature", "properties": {"speed": 0.122}, "geometry": {"type": "MultiLineString", "coordinates": [[[-123.13999999999999, 32.02], [-123.19603491142391, 31.975165669322017]], [[-123.1408883795551, 31.984905280343078], [-123.19603491142391, 31.975165669322017], [-123.17443471317209, 32.02683221009535]]]}}, {"type": "Feature", "properties": {"speed": 0.231}, "geometry": {"type": "MultiLineString", "coordinates": [[[-122.89999999999999, 32.02], [-123.03925474882125, 32.05456354513765]], [[-122.99802486247498, 32.016667681618344], [-123.03925474882125, 32.05456354513765], [-122.98508987656194, 32.06878207576261]]]}}, {"type": "Feature", "properties": {"speed": 0.431}, "geometry": {"type": "MultiLineString", "coordinates": [[[-122.66, 32.02], [-122.84863086402416, 32.01537529796362]], [[-122.79884296807646, 31.98974006016288], [-122.84863086402416, 32.01537529796362], [-122.80015904024131, 32.043419589703035]]]}}, {"type": "Feature", "properties": {"speed": 0.493}, "geometry": {"type": "MultiLineString", "coordinates": [[[-122.41999999999999, 32.02], [-122.57876972675322, 31.933519918918613]], [[-122.52276977006204, 31.9334502727698], [-122.57876972675322, 31.933519918918613], [-122.54845421581103, 31.98060462764994]]]}}, {"type": "Feature", "properties": {"speed": 0.436}, "geometry": {"type": "MultiLineString", "coordinates": [[[-122.17999999999999, 32.02], [-122.31141110539436, 31.905170169174674]], [[-122.25673847935873, 31.917290563655385], [-122.31141110539436, 31.905170169174674], [-122.29207031975939, 31.957724274732872]]]}}, {"type": "Feature", "properties": {"speed": 0.291}, "geometry": {"type": "MultiLineString", "coordinates": [[[-121.94, 32.02], [-122.00664249300956, 31.87523754358292]], [[-121.96170381988702, 31.908651846777584], [-122.00664249300956, 31.87523754358292], [-122.01047919091468, 31.931105958176364]]]}}, {"type": "Feature", "properties": {"speed": 0.25}, "geometry": {"type": "MultiLineString", "coordinates": [[[-121.69999999999999, 32.02], [-121.74169356450437, 31.891197476983073]], [[-121.7010156372005, 31.929685218281573], [-121.74169356450437, 31.891197476983073], [-121.75210150415764, 31.94622178790265]]]}}, {"type": "Feature", "properties": {"speed": 0.338}, "geometry": {"type": "MultiLineString", "coordinates": [[[-121.46, 32.02], [-121.5644401153922, 31.886738095879558]], [[-121.51299381889532, 31.9088577382084], [-121.5644401153922, 31.886738095879558], [-121.55525659998061, 31.94197995541275]]]}}, {"type": "Feature", "properties": {"speed": 0.564}, "geometry": {"type": "MultiLineString", "coordinates": [[[-121.22, 32.02], [-121.35808663189411, 31.9109467458725]], [[-121.30287932874509, 31.920335764938002], [-121.35808663189411, 31.9109467458725], [-121.33615858582137, 31.962474998272825]]]}}, {"type": "Feature", "properties": {"speed": 0.462}, "geometry": {"type": "MultiLineString", "coordinates": [[[-120.97999999999999, 32.02], [-121.16062630295752, 32.06632699489594]], [[-121.11969251415242, 32.028111488435094], [-121.16062630295752, 32.06632699489594], [-121.10635244262167, 32.08012366421298]]]}}, {"type": "Feature", "properties": {"speed": 0.471}, "geometry": {"type": "MultiLineString", "coordinates": [[[-120.74, 32.02], [-120.82728212118148, 32.16185737073422]], [[-120.82439493841132, 32.10593184726191], [-120.82728212118148, 32.16185737073422], [-120.77866246436116, 32.134070161974186]]]}}, {"type": "Feature", "properties": {"speed": 0.181}, "geometry": {"type": "MultiLineString", "coordinates": [[[-120.5, 32.02], [-120.55149256810546, 32.10600913733244]], [[-120.54928373773305, 32.05005271617824], [-120.55149256810546, 32.10600913733244], [-120.50321342714703, 32.07763442062345]]]}}, {"type": "Feature", "properties": {"speed": 0.336}, "geometry": {"type": "MultiLineString", "coordinates": [[[-120.25999999999999, 32.02], [-120.3227242103219, 32.170903016328815]], [[-120.32865287115155, 32.11521773119201], [-120.3227242103219, 32.170903016328815], [-120.2790699277155, 32.135827332299556]]]}}, {"type": "Feature", "properties": {"speed": 0.396}, "geometry": {"type": "MultiLineString", "coordinates": [[[-120.02, 32.02], [-119.93823240369558, 32.16420008659363]], [[-119.98582792650936, 32.134693033062604], [-119.93823240369558, 32.16420008659363], [-119.93911904502733, 32.10820710607688]]]}}, {"type": "Feature", "properties": {"speed": 0.416}, "geometry": {"type": "MultiLineString", "coordinates": [[[-119.78, 32.02], [-119.63293908417225, 32.12026476532221]], [[-119.68866819043129, 32.11476324593488], [-119.63293908417225, 32.12026476532221], [-119.65842027985119, 32.0703978557852]]]}}, {"type": "Feature", "properties": {"speed": 0.364}, "geometry": {"type": "MultiLineString", "coordinates": [[[-119.53999999999999, 32.02], [-119.35789526343345, 32.06196041449905]], [[-119.41181331586456, 32.0770879926937], [-119.35789526343345, 32.06196041449905], [-119.39975672961111, 32.02476340320168]]]}}, {"type": "Feature", "properties": {"speed": 0.369}, "geometry": {"type": "MultiLineString", "coordinates": [[[-119.3, 32.02], [-119.11686834990978, 32.058614153862]], [[-119.17049481834874, 32.074744928262675], [-119.11686834990978, 32.058614153862], [-119.15941643308356, 32.022204531257024]]]}}, {"type": "Feature", "properties": {"speed": 0.282}, "geometry": {"type": "MultiLineString", "coordinates": [[[-119.06, 32.02], [-118.884757874012, 32.04401288598776]], [[-118.93709233181731, 32.0639403676707], [-118.884757874012, 32.04401288598776], [-118.92980269987704, 32.01074182254237]]]}}, {"type": "Feature", "properties": {"speed": 0.354}, "geometry": {"type": "MultiLineString", "coordinates": [[[-118.82, 32.02], [-118.67752291977405, 31.91508526027203]], [[-118.70117677052359, 31.965844450028353], [-118.67752291977405, 31.91508526027203], [-118.73301553526899, 31.922606538456655]]]}}, {"type": "Feature", "properties": {"speed": 0.457}, "geometry": {"type": "MultiLineString", "coordinates": [[[-118.58, 32.02], [-118.41511178195476, 31.942184690833095]], [[-118.44809745067543, 31.98743892443671], [-118.41511178195476, 31.942184690833095], [-118.4710141393423, 31.938879174456495]]]}}, {"type": "Feature", "properties": {"speed": 0.523}, "geometry": {"type": "MultiLineString", "coordinates": [[[-118.34, 32.02], [-118.18064464271069, 31.93429775208235]], [[-118.21121037250977, 31.98122041357815], [-118.18064464271069, 31.93429775208235], [-118.23664343518035, 31.933929999530594]]]}}, {"type": "Feature", "properties": {"speed": 0.252}, "geometry": {"type": "MultiLineString", "coordinates": [[[-118.1, 32.02], [-117.94380568563938, 32.042803151980046]], [[-117.99631326718604, 32.0622698897684], [-117.94380568563938, 32.042803151980046], [-117.98855634804237, 32.00913746894087]]]}}, {"type": "Feature", "properties": {"speed": 0.145}, "geometry": {"type": "MultiLineString", "coordinates": [[[-117.86, 32.02], [-117.9002394682169, 32.08913193315268]], [[-117.89872039402354, 32.03315254039432], [-117.9002394682169, 32.08913193315268], [-117.85231367417411, 32.060164395021715]]]}}, {"type": "Feature", "properties": {"speed": 0.285}, "geometry": {"type": "MultiLineString", "coordinates": [[[-117.61999999999999, 32.02], [-117.73945348978042, 32.133325215876106]], [[-117.7222785723808, 32.080023975624904], [-117.73945348978042, 32.133325215876106], [-117.68532239518065, 32.11897862752099]]]}}, {"type": "Feature", "properties": {"speed": 0.37}, "geometry": {"type": "MultiLineString", "coordinates": [[[-117.38, 32.02], [-117.47126464277505, 32.16004409313202]], [[-117.46692569846036, 32.10421243936614], [-117.47126464277505, 32.16004409313202], [-117.42193958447895, 32.1335292176074]]]}}, {"type": "Feature", "properties": {"speed": 0.651}, "geometry": {"type": "MultiLineString", "coordinates": [[[-117.13999999999999, 32.02], [-117.21239964604376, 32.167756159305576]], [[-117.21488461972253, 32.11181132124329], [-117.21239964604376, 32.167756159305576], [-117.16666632507322, 32.13543800105041]]]}}, {"type": "Feature", "properties": {"speed": 0.274}, "geometry": {"type": "MultiLineString", "coordinates": [[[-126.5, 32.260000000000005], [-126.38255254179239, 32.36722696036101]], [[-126.43694827704726, 32.35391891820288], [-126.38255254179239, 32.36722696036101], [-126.40074435163933, 32.31426416158212]]]}}, {"type": "Feature", "properties": {"speed": 0.204}, "geometry": {"type": "MultiLineString", "coordinates": [[[-126.25999999999999, 32.260000000000005], [-126.19945885449647, 32.35580457210541]], [[-126.2484079789735, 32.328601939642134], [-126.19945885449647, 32.35580457210541], [-126.20301595339339, 32.29991765908065]]]}}, {"type": "Feature", "properties": {"speed": 0.153}, "geometry": {"type": "MultiLineString", "coordinates": [[[-126.02, 32.260000000000005], [-126.04485705167055, 32.33889244705439]], [[-126.05569538465943, 32.28395129182425], [-126.04485705167055, 32.33889244705439], [-126.00448163997821, 32.30008747146266]]]}}, {"type": "Feature", "properties": {"speed": 0.147}, "geometry": {"type": "MultiLineString", "coordinates": [[[-125.78, 32.260000000000005], [-125.85696463167668, 32.215877065658574]], [[-125.80097645233926, 32.217027619647276], [-125.85696463167668, 32.215877065658574], [-125.82768224707725, 32.26361114103636]]]}}, {"type": "Feature", "properties": {"speed": 0.06}, "geometry": {"type": "MultiLineString", "coordinates": [[[-125.53999999999999, 32.260000000000005], [-125.56944873087107, 32.27987253688276]], [[-125.54372969038494, 32.23012787931562], [-125.56944873087107, 32.27987253688276], [-125.51369398799974, 32.2746372100208]]]}}, {"type": "Feature", "properties": {"speed": 0.136}, "geometry": {"type": "MultiLineString", "coordinates": [[[-125.3, 32.260000000000005], [-125.3857502669096, 32.26497024785728]], [[-125.33824153233095, 32.23532366055392], [-125.3857502669096, 32.26497024785728], [-125.33513444505353, 32.288929350049024]]]}}, {"type": "Feature", "properties": {"speed": 0.06}, "geometry": {"type": "MultiLineString", "coordinates": [[[-125.06, 32.260000000000005], [-125.04957179952413, 32.29089098259807]], [[-125.09072806471686, 32.25291517667658], [-125.04957179952413, 32.29089098259807], [-125.03985308570105, 32.23574076408876]]]}}, {"type": "Feature", "properties": {"speed": 0.107}, "geometry": {"type": "MultiLineString", "coordinates": [[[-124.82, 32.260000000000005], [-124.83849364861845, 32.31472641065717]], [[-124.84819511490423, 32.2595731555229], [-124.83849364861845, 32.31472641065717], [-124.79732550930977, 32.27676347734242]]]}}, {"type": "Feature", "properties": {"speed": 0.027}, "geometry": {"type": "MultiLineString", "coordinates": [[[-124.58, 32.260000000000005], [-124.59720572821796, 32.25930883769412]], [[-124.54702308733408, 32.23445521514287], [-124.59720572821796, 32.25930883769412], [-124.5491783293896, 32.288107604365315]]]}}, {"type": "Feature", "properties": {"speed": 0.084}, "geometry": {"type": "MultiLineString", "coordinates": [[[-124.34, 32.260000000000005], [-124.38533708095551, 32.283396881297236]], [[-124.35397737506678, 32.23700109650409], [-124.38533708095551, 32.283396881297236], [-124.32935265283166, 32.28471741438842]]]}}, {"type": "Feature", "properties": {"speed": 0.099}, "geometry": {"type": "MultiLineString", "coordinates": [[[-124.1, 32.260000000000005], [-124.10883620232343, 32.31250865593553]], [[-124.12715634434203, 32.259590111015825], [-124.10883620232343, 32.31250865593553], [-124.07420519719173, 32.26850077614602]]]}}, {"type": "Feature", "properties": {"speed": 0.166}, "geometry": {"type": "MultiLineString", "coordinates": [[[-123.86, 32.260000000000005], [-123.81506916567683, 32.33995595037938]], [[-123.8625502617764, 32.31026511823907], [-123.81506916567683, 32.33995595037938], [-123.81573933762371, 32.283959960616166]]]}}, {"type": "Feature", "properties": {"speed": 0.041}, "geometry": {"type": "MultiLineString", "coordinates": [[[-123.61999999999999, 32.260000000000005], [-123.59408213466405, 32.26270940223709]], [[-123.64575181596797, 32.284302086969454], [-123.59408213466405, 32.26270940223709], [-123.64016900030242, 32.23089744197635]]]}}, {"type": "Feature", "properties": {"speed": 0.099}, "geometry": {"type": "MultiLineString", "coordinates": [[[-123.38, 32.260000000000005], [-123.41624894469976, 32.217065943628555]], [[-123.36403101345033, 32.23729680263231], [-123.41624894469976, 32.217065943628555], [-123.40505915688743, 32.271936597431065]]]}}, {"type": "Feature", "properties": {"speed": 0.165}, "geometry": {"type": "MultiLineString", "coordinates": [[[-123.13999999999999, 32.260000000000005], [-123.21077665627001, 32.324640335738664]], [[-123.19259414911025, 32.27167434256016], [-123.21077665627001, 32.324640335738664], [-123.15638325928388, 32.31132273969773]]]}}, {"type": "Feature", "properties": {"speed": 0.233}, "geometry": {"type": "MultiLineString", "coordinates": [[[-122.89999999999999, 32.260000000000005], [-123.03645449280738, 32.305947983860975]], [[-122.99844716751032, 32.264820824662166], [-123.03645449280738, 32.305947983860975], [-122.98131173615613, 32.315708946359685]]]}}, {"type": "Feature", "properties": {"speed": 0.29}, "geometry": {"type": "MultiLineString", "coordinates": [[[-122.66, 32.260000000000005], [-122.80143407344818, 32.35777937084437]], [[-122.77627713299103, 32.30774809715645], [-122.80143407344818, 32.35777937084437], [-122.74574185536923, 32.35191619376649]]]}}, {"type": "Feature", "properties": {"speed": 0.201}, "geometry": {"type": "MultiLineString", "coordinates": [[[-122.41999999999999, 32.260000000000005], [-122.5314900484681, 32.20936706498266]], [[-122.4756420764716, 32.205243471419], [-122.5314900484681, 32.20936706498266], [-122.49784537608338, 32.25413352586717]]]}}, {"type": "Feature", "properties": {"speed": 0.507}, "geometry": {"type": "MultiLineString", "coordinates": [[[-122.17999999999999, 32.260000000000005], [-122.2863469722867, 32.12766532063485]], [[-122.23463444189231, 32.14915518336614], [-122.2863469722867, 32.12766532063485], [-122.27648966882822, 32.182790936899224]]]}}, {"type": "Feature", "properties": {"speed": 0.557}, "geometry": {"type": "MultiLineString", "coordinates": [[[-121.94, 32.260000000000005], [-122.02905591070652, 32.11883134603501]], [[-121.98012772252015, 32.146071617707655], [-122.02905591070652, 32.11883134603501], [-122.0255417960383, 32.174720978330264]]]}}, {"type": "Feature", "properties": {"speed": 0.397}, "geometry": {"type": "MultiLineString", "coordinates": [[[-121.69999999999999, 32.260000000000005], [-121.72072879113256, 32.100963095426565]], [[-121.6877543865465, 32.146225537276244], [-121.72072879113256, 32.100963095426565], [-121.74099967581814, 32.153165501827644]]]}}, {"type": "Feature", "properties": {"speed": 0.13}, "geometry": {"type": "MultiLineString", "coordinates": [[[-121.46, 32.260000000000005], [-121.53774842530488, 32.23838064655662]], [[-121.48320761915058, 32.22568023459328], [-121.53774842530488, 32.23838064655662], [-121.49759287381355, 32.277413090554234]]]}}, {"type": "Feature", "properties": {"speed": 0.244}, "geometry": {"type": "MultiLineString", "coordinates": [[[-121.22, 32.260000000000005], [-121.3660931301117, 32.21989711582661]], [[-121.31159469930644, 32.20701608171573], [-121.3660931301117, 32.21989711582661], [-121.32580848582279, 32.25879631163471]]]}}, {"type": "Feature", "properties": {"speed": 0.203}, "geometry": {"type": "MultiLineString", "coordinates": [[[-120.97999999999999, 32.260000000000005], [-121.10771256268023, 32.26110394426156]], [[-121.0588018384295, 32.23383232800457], [-121.10771256268023, 32.26110394426156], [-121.05833771179681, 32.28752598241609]]]}}, {"type": "Feature", "properties": {"speed": 0.252}, "geometry": {"type": "MultiLineString", "coordinates": [[[-120.74, 32.260000000000005], [-120.8878292942047, 32.309056895077234]], [[-120.84964183616533, 32.26809693843064], [-120.8878292942047, 32.309056895077234], [-120.8327299075137, 32.31905977397653]]]}}, {"type": "Feature", "properties": {"speed": 0.156}, "geometry": {"type": "MultiLineString", "coordinates": [[[-120.5, 32.260000000000005], [-120.56825851649046, 32.32023713573814]], [[-120.54917503979225, 32.26758905014038], [-120.56825851649046, 32.32023713573814], [-120.51364583359025, 32.30784944562093]]]}}, {"type": "Feature", "properties": {"speed": 0.126}, "geometry": {"type": "MultiLineString", "coordinates": [[[-120.25999999999999, 32.260000000000005], [-120.28901297435164, 32.32283777952195]], [[-120.29278725177016, 32.26696511330699], [-120.28901297435164, 32.32283777952195], [-120.24403699768011, 32.28947370419469]]]}}, {"type": "Feature", "properties": {"speed": 0.08}, "geometry": {"type": "MultiLineString", "coordinates": [[[-120.02, 32.260000000000005], [-120.00279284872114, 32.2999225242436]], [[-120.04690013470085, 32.265418215476366], [-120.00279284872114, 32.2999225242436], [-119.99758974236309, 32.24416476528373]]]}}, {"type": "Feature", "properties": {"speed": 0.21}, "geometry": {"type": "MultiLineString", "coordinates": [[[-119.78, 32.260000000000005], [-119.66230927288532, 32.311045984029775]], [[-119.71807879286918, 32.31612147817033], [-119.66230927288532, 32.311045984029775], [-119.6967125541826, 32.26685985231426]]]}}, {"type": "Feature", "properties": {"speed": 0.259}, "geometry": {"type": "MultiLineString", "coordinates": [[[-119.53999999999999, 32.260000000000005], [-119.41027239799499, 32.34393386751414]], [[-119.46611804516137, 32.339778907518095], [-119.41027239799499, 32.34393386751414], [-119.43694965165197, 32.29469644132916]]]}}, {"type": "Feature", "properties": {"speed": 0.338}, "geometry": {"type": "MultiLineString", "coordinates": [[[-119.3, 32.260000000000005], [-119.15764220356941, 32.36539453476668]], [[-119.21311522543235, 32.357730081401016], [-119.15764220356941, 32.36539453476668], [-119.18116499007381, 32.31457447460272]]]}}, {"type": "Feature", "properties": {"speed": 0.24}, "geometry": {"type": "MultiLineString", "coordinates": [[[-119.06, 32.260000000000005], [-118.90887926280499, 32.25400910036639]], [[-118.95692181765011, 32.282782576415585], [-118.90887926280499, 32.25400910036639], [-118.95904881119506, 32.2291290598854]]]}}, {"type": "Feature", "properties": {"speed": 0.321}, "geometry": {"type": "MultiLineString", "coordinates": [[[-118.82, 32.260000000000005], [-118.70331639766692, 32.134048039317136]], [[-118.71702001964387, 32.18834546784477], [-118.70331639766692, 32.134048039317136], [-118.75641020687549, 32.151853864872955]]]}}, {"type": "Feature", "properties": {"speed": 0.411}, "geometry": {"type": "MultiLineString", "coordinates": [[[-118.58, 32.260000000000005], [-118.50219901829958, 32.114152441024785]], [[-118.50164130598942, 32.17014966378609], [-118.50219901829958, 32.114152441024785], [-118.54901772323585, 32.144877168331796]]]}}, {"type": "Feature", "properties": {"speed": 0.122}, "geometry": {"type": "MultiLineString", "coordinates": [[[-118.34, 32.260000000000005], [-118.4042578676343, 32.295956572741275]], [[-118.37448118505128, 32.24852926863963], [-118.4042578676343, 32.295956572741275], [-118.34826075708439, 32.29538770539149]]]}}, {"type": "Feature", "properties": {"speed": 0.119}, "geometry": {"type": "MultiLineString", "coordinates": [[[-118.1, 32.260000000000005], [-118.17526575773954, 32.25977430449508]], [[-118.12604084839663, 32.23307396179723], [-118.17526575773954, 32.25977430449508], [-118.12620186205075, 32.28676938070982]]]}}, {"type": "Feature", "properties": {"speed": 0.389}, "geometry": {"type": "MultiLineString", "coordinates": [[[-117.86, 32.260000000000005], [-117.96820499062538, 32.3912531977892]], [[-117.95765956502902, 32.33625507055752], [-117.96820499062538, 32.3912531977892], [-117.91622794457508, 32.37041125248928]]]}}, {"type": "Feature", "properties": {"speed": 0.26}, "geometry": {"type": "MultiLineString", "coordinates": [[[-117.61999999999999, 32.260000000000005], [-117.71177854657172, 32.37503477394581]], [[-117.70211572843381, 32.31987473455466], [-117.71177854657172, 32.37503477394581], [-117.66014213098211, 32.35336265856552]]]}}, {"type": "Feature", "properties": {"speed": 0.365}, "geometry": {"type": "MultiLineString", "coordinates": [[[-117.38, 32.260000000000005], [-117.467980479002, 32.40165005087853]], [[-117.46485739985523, 32.345737204620775], [-117.467980479002, 32.40165005087853], [-117.41924403433367, 32.37406819160307]]]}}, {"type": "Feature", "properties": {"speed": 0.805}, "geometry": {"type": "MultiLineString", "coordinates": [[[-117.13999999999999, 32.260000000000005], [-117.24660834610461, 32.39218422234059]], [[-117.23665432635018, 32.337075988012785], [-117.24660834610461, 32.39218422234059], [-117.19485818606779, 32.37078513506651]]]}}, {"type": "Feature", "properties": {"speed": 0.396}, "geometry": {"type": "MultiLineString", "coordinates": [[[-126.5, 32.5], [-126.37912248820066, 32.62331583350897]], [[-126.43269716778337, 32.60701387940492], [-126.37912248820066, 32.62331583350897], [-126.39435138974112, 32.56942631172717]]]}}, {"type": "Feature", "properties": {"speed": 0.271}, "geometry": {"type": "MultiLineString", "coordinates": [[[-126.25999999999999, 32.5], [-126.22801724284886, 32.64187417924404]], [[-126.26501531583091, 32.59983678403912], [-126.22801724284886, 32.64187417924404], [-126.2126341386519, 32.58802847277393]]]}}, {"type": "Feature", "properties": {"speed": 0.19}, "geometry": {"type": "MultiLineString", "coordinates": [[[-126.02, 32.5], [-126.04991882152855, 32.5981684923172]], [[-126.06127322150361, 32.54333166526451], [-126.04991882152855, 32.5981684923172], [-126.00991003115307, 32.55898563008522]]]}}, {"type": "Feature", "properties": {"speed": 0.143}, "geometry": {"type": "MultiLineString", "coordinates": [[[-125.78, 32.5], [-125.8385670657456, 32.44155967608094]], [[-125.7848152401154, 32.45726767536225], [-125.8385670657456, 32.44155967608094], [-125.82274265603759, 32.49527734596147]]]}}, {"type": "Feature", "properties": {"speed": 0.119}, "geometry": {"type": "MultiLineString", "coordinates": [[[-125.53999999999999, 32.5], [-125.61453892379998, 32.490333448164165]], [[-125.56234958267028, 32.470028949341305], [-125.61453892379998, 32.490333448164165], [-125.56925525582537, 32.52327869690756]]]}}, {"type": "Feature", "properties": {"speed": 0.12}, "geometry": {"type": "MultiLineString", "coordinates": [[[-125.3, 32.5], [-125.36607919186353, 32.468464232981205]], [[-125.31016302288971, 32.46540122020118], [-125.36607919186353, 32.468464232981205], [-125.33329012045118, 32.51386111388634]]]}}, {"type": "Feature", "properties": {"speed": 0.124}, "geometry": {"type": "MultiLineString", "coordinates": [[[-125.06, 32.5], [-125.12903453916311, 32.46846827864647]], [[-125.07317779977751, 32.46446519668275], [-125.12903453916311, 32.46846827864647], [-125.09548653675252, 32.51330722972986]]]}}, {"type": "Feature", "properties": {"speed": 0.081}, "geometry": {"type": "MultiLineString", "coordinates": [[[-124.82, 32.5], [-124.8567513000965, 32.52984158322215]], [[-124.83552350002405, 32.478020926104705], [-124.8567513000965, 32.52984158322215], [-124.80167629139083, 32.519705340522265]]]}}, {"type": "Feature", "properties": {"speed": 0.101}, "geometry": {"type": "MultiLineString", "coordinates": [[[-124.58, 32.5], [-124.60354962192476, 32.55015466734767]], [[-124.60696439593605, 32.49425887753795], [-124.60354962192476, 32.55015466734767], [-124.55835994689927, 32.51708060997499]]]}}, {"type": "Feature", "properties": {"speed": 0.129}, "geometry": {"type": "MultiLineString", "coordinates": [[[-124.34, 32.5], [-124.40439488381148, 32.54208788648248]], [[-124.37794594497271, 32.49272744043199], [-124.40439488381148, 32.54208788648248], [-124.34856907802046, 32.5376743382745]]]}}, {"type": "Feature", "properties": {"speed": 0.023}, "geometry": {"type": "MultiLineString", "coordinates": [[[-124.1, 32.5], [-124.08580295406281, 32.500943947641645]], [[-124.1366204605093, 32.5244722505673], [-124.08580295406281, 32.500943947641645], [-124.13305815420803, 32.47089488677053]]]}}, {"type": "Feature", "properties": {"speed": 0.165}, "geometry": {"type": "MultiLineString", "coordinates": [[[-123.86, 32.5], [-123.77337870806456, 32.54880530759692]], [[-123.82937390449, 32.548071838254096], [-123.77337870806456, 32.54880530759692], [-123.80301584864053, 32.501290679339085]]]}}, {"type": "Feature", "properties": {"speed": 0.138}, "geometry": {"type": "MultiLineString", "coordinates": [[[-123.61999999999999, 32.5], [-123.56927533343433, 32.559914112091064]], [[-123.62152069971731, 32.53975420876895], [-123.56927533343433, 32.559914112091064], [-123.58053965160586, 32.505058710022254]]]}}, {"type": "Feature", "properties": {"speed": 0.021}, "geometry": {"type": "MultiLineString", "coordinates": [[[-123.38, 32.5], [-123.3816302872682, 32.51134718302637]], [[-123.4012162328666, 32.45888395080593], [-123.3816302872682, 32.51134718302637], [-123.34806633115488, 32.466520172753285]]]}}, {"type": "Feature", "properties": {"speed": 0.189}, "geometry": {"type": "MultiLineString", "coordinates": [[[-123.13999999999999, 32.5], [-123.19182434991001, 32.59064411371946]], [[-123.19073933019381, 32.53465462602565], [-123.19182434991001, 32.59064411371946], [-123.14412458190684, 32.561305877023244]]]}}, {"type": "Feature", "properties": {"speed": 0.168}, "geometry": {"type": "MultiLineString", "coordinates": [[[-122.89999999999999, 32.5], [-122.97858805358409, 32.56005461513996]], [[-122.95584103771535, 32.508882618217164], [-122.97858805358409, 32.56005461513996], [-122.92323803781338, 32.551547221051216]]]}}, {"type": "Feature", "properties": {"speed": 0.125}, "geometry": {"type": "MultiLineString", "coordinates": [[[-122.66, 32.5], [-122.73814192026853, 32.48958180565387]], [[-122.68588027344828, 32.46946414496394], [-122.73814192026853, 32.48958180565387], [-122.6929764042303, 32.52268884661195]]]}}, {"type": "Feature", "properties": {"speed": 0.093}, "geometry": {"type": "MultiLineString", "coordinates": [[[-122.41999999999999, 32.5], [-122.4518428762257, 32.541660483926535]], [[-122.44332944877337, 32.48631139583094], [-122.4518428762257, 32.541660483926535], [-122.40066840007434, 32.51891904618319]]]}}, {"type": "Feature", "properties": {"speed": 0.472}, "geometry": {"type": "MultiLineString", "coordinates": [[[-122.17999999999999, 32.5], [-122.20117423899471, 32.340999737381935]], [[-122.16807398453973, 32.38617022725105], [-122.20117423899471, 32.340999737381935], [-122.22129975178228, 32.39325836092903]]]}}, {"type": "Feature", "properties": {"speed": 0.487}, "geometry": {"type": "MultiLineString", "coordinates": [[[-121.94, 32.5], [-122.01837410271168, 32.35429212450981]], [[-121.97144956192393, 32.38485496913952], [-122.01837410271168, 32.35429212450981], [-122.01873841209134, 32.41029093948545]]]}}, {"type": "Feature", "properties": {"speed": 0.552}, "geometry": {"type": "MultiLineString", "coordinates": [[[-121.69999999999999, 32.5], [-121.79554082900285, 32.36177144944668]], [[-121.7455123176059, 32.386933882703524], [-121.79554082900285, 32.36177144944668], [-121.78968376642872, 32.41746431091027]]]}}, {"type": "Feature", "properties": {"speed": 0.083}, "geometry": {"type": "MultiLineString", "coordinates": [[[-121.46, 32.5], [-121.41444038510322, 32.522189781069756]], [[-121.4703791573621, 32.52480774939821], [-121.41444038510322, 32.522189781069756], [-121.44686717712966, 32.47653342161268]]]}}, {"type": "Feature", "properties": {"speed": 0.065}, "geometry": {"type": "MultiLineString", "coordinates": [[[-121.22, 32.5], [-121.25617592900991, 32.516933565959334]], [[-121.2230481518161, 32.471783257231735], [-121.25617592900991, 32.516933565959334], [-121.20028423985443, 32.520414813342924]]]}}, {"type": "Feature", "properties": {"speed": 0.135}, "geometry": {"type": "MultiLineString", "coordinates": [[[-120.97999999999999, 32.5], [-121.06550453931092, 32.498138860217296]], [[-121.01578730710796, 32.47236684395786], [-121.06550453931092, 32.498138860217296], [-121.01695580020797, 32.5260497887492]]]}}, {"type": "Feature", "properties": {"speed": 0.12}, "geometry": {"type": "MultiLineString", "coordinates": [[[-120.74, 32.5], [-120.79508781597018, 32.45563641563058]], [[-120.73997242330756, 32.465550723051976], [-120.79508781597018, 32.45563641563058], [-120.77365144425531, 32.50737114253333]]]}}, {"type": "Feature", "properties": {"speed": 0.137}, "geometry": {"type": "MultiLineString", "coordinates": [[[-120.5, 32.5], [-120.5850259065628, 32.512846616096795]], [[-120.54044373585418, 32.47895812166422], [-120.5850259065628, 32.512846616096795], [-120.53242187214448, 32.532051187503534]]]}}, {"type": "Feature", "properties": {"speed": 0.194}, "geometry": {"type": "MultiLineString", "coordinates": [[[-120.25999999999999, 32.5], [-120.35532736986875, 32.56530115008354]], [[-120.32995600257789, 32.51537827234405], [-120.35532736986875, 32.56530115008354], [-120.29961050852258, 32.559676973545486]]]}}, {"type": "Feature", "properties": {"speed": 0.231}, "geometry": {"type": "MultiLineString", "coordinates": [[[-120.02, 32.5], [-120.11042301028967, 32.59689353406429]], [[-120.09652126247084, 32.54264649352214], [-120.11042301028967, 32.59689353406429], [-120.05726455325964, 32.579281650400496]]]}}, {"type": "Feature", "properties": {"speed": 0.124}, "geometry": {"type": "MultiLineString", "coordinates": [[[-119.78, 32.5], [-119.78772999459878, 32.565806701779366]], [[-119.80866113394396, 32.513865509978324], [-119.78772999459878, 32.565806701779366], [-119.7553321316345, 32.52012980964179]]]}}, {"type": "Feature", "properties": {"speed": 0.172}, "geometry": {"type": "MultiLineString", "coordinates": [[[-119.53999999999999, 32.5], [-119.55410633791237, 32.59112360328436]], [[-119.57311988694377, 32.538450223354545], [-119.55410633791237, 32.59112360328436], [-119.52005628141407, 32.54666470482226]]]}}, {"type": "Feature", "properties": {"speed": 0.251}, "geometry": {"type": "MultiLineString", "coordinates": [[[-119.3, 32.5], [-119.4122083440423, 32.59457819163799]], [[-119.39193437565821, 32.54237698278263], [-119.4122083440423, 32.59457819163799], [-119.35732846955159, 32.583433714266455]]]}}, {"type": "Feature", "properties": {"speed": 0.082}, "geometry": {"type": "MultiLineString", "coordinates": [[[-119.06, 32.5], [-119.0952388098836, 32.468009766191244]], [[-119.0408057025034, 32.481164112276744], [-119.0952388098836, 32.468009766191244], [-119.07689747700559, 32.520920970186786]]]}}, {"type": "Feature", "properties": {"speed": 0.436}, "geometry": {"type": "MultiLineString", "coordinates": [[[-118.82, 32.5], [-118.74300485819577, 32.35377012193203]], [[-118.74214526592915, 32.409763524232076], [-118.74300485819577, 32.35377012193203], [-118.78965724188818, 32.38474680825928]]]}}, {"type": "Feature", "properties": {"speed": 0.104}, "geometry": {"type": "MultiLineString", "coordinates": [[[-118.58, 32.5], [-118.62856826364994, 32.462541457265615]], [[-118.57325672544941, 32.47129552728431], [-118.62856826364994, 32.462541457265615], [-118.60604960793879, 32.51381435600328]]]}}, {"type": "Feature", "properties": {"speed": 0.136}, "geometry": {"type": "MultiLineString", "coordinates": [[[-118.34, 32.5], [-118.36235697768629, 32.429793521761894]], [[-118.3218628759995, 32.46847462475264], [-118.36235697768629, 32.429793521761894], [-118.37302694699794, 32.484767622526604]]]}}, {"type": "Feature", "properties": {"speed": 0.254}, "geometry": {"type": "MultiLineString", "coordinates": [[[-118.1, 32.5], [-118.25821129083633, 32.52460550330579]], [[-118.2137762971148, 32.4905242572463], [-118.25821129083633, 32.52460550330579], [-118.20552458158218, 32.54358208539978]]]}}, {"type": "Feature", "properties": {"speed": 0.449}, "geometry": {"type": "MultiLineString", "coordinates": [[[-117.86, 32.5], [-117.98506112456322, 32.62031177431345]], [[-117.96825798688776, 32.566892165888646], [-117.98506112456322, 32.62031177431345], [-117.93103130002207, 32.60558838951058]]]}}, {"type": "Feature", "properties": {"speed": 0.328}, "geometry": {"type": "MultiLineString", "coordinates": [[[-117.61999999999999, 32.5], [-117.76297349750995, 32.60516572743654]], [[-117.73929326895771, 32.55441883811598], [-117.76297349750995, 32.60516572743654], [-117.70747698048717, 32.59767329136133]]]}}, {"type": "Feature", "properties": {"speed": 0.772}, "geometry": {"type": "MultiLineString", "coordinates": [[[-117.38, 32.5], [-117.44982796639204, 32.64876724779606]], [[-117.45325019258355, 32.59287191375203], [-117.44982796639204, 32.64876724779606], [-117.40464270131031, 32.61568716588119]]]}}, {"type": "Feature", "properties": {"speed": 0.093}, "geometry": {"type": "MultiLineString", "coordinates": [[[-117.13999999999999, 32.5], [-117.09922010391949, 32.53537953272462]], [[-117.15393546136264, 32.523453525015846], [-117.09922010391949, 32.53537953272462], [-117.1187475482609, 32.482894497547974]]]}}, {"type": "Feature", "properties": {"speed": 0.054}, "geometry": {"type": "MultiLineString", "coordinates": [[[-126.5, 32.74], [-126.465994220227, 32.73977561864944]], [[-126.5149606269176, 32.76694712975595], [-126.465994220227, 32.73977561864944], [-126.51531492088152, 32.71325263829377]]]}}, {"type": "Feature", "properties": {"speed": 0.43}, "geometry": {"type": "MultiLineString", "coordinates": [[[-126.25999999999999, 32.74], [-126.20629039987921, 32.89348954498768]], [[-126.24786333929886, 32.855970340465056], [-126.20629039987921, 32.89348954498768], [-126.1971810329305, 32.83823540999496]]]}}, {"type": "Feature", "properties": {"speed": 0.118}, "geometry": {"type": "MultiLineString", "coordinates": [[[-126.02, 32.74], [-126.02789284706115, 32.802506400048735]], [[-126.04837243124302, 32.750385515254465], [-126.02789284706115, 32.802506400048735], [-125.99509980136094, 32.75711238994053]]]}}, {"type": "Feature", "properties": {"speed": 0.126}, "geometry": {"type": "MultiLineString", "coordinates": [[[-125.78, 32.74], [-125.81759448602796, 32.68058197364211]], [[-125.7686300474604, 32.707757031245805], [-125.81759448602796, 32.68058197364211], [-125.81400590944835, 32.736466874269496]]]}}, {"type": "Feature", "properties": {"speed": 0.15}, "geometry": {"type": "MultiLineString", "coordinates": [[[-125.53999999999999, 32.74], [-125.62168609440326, 32.78135674983263]], [[-125.58996772360034, 32.73520542316039], [-125.62168609440326, 32.78135674983263], [-125.56571358321497, 32.78311117032879]]]}}, {"type": "Feature", "properties": {"speed": 0.118}, "geometry": {"type": "MultiLineString", "coordinates": [[[-125.3, 32.74], [-125.37447829097509, 32.732294418625536]], [[-125.32283165074908, 32.71064668079071], [-125.37447829097509, 32.732294418625536], [-125.3283575488959, 32.764057245169546]]]}}, {"type": "Feature", "properties": {"speed": 0.085}, "geometry": {"type": "MultiLineString", "coordinates": [[[-125.06, 32.74], [-125.05407547619194, 32.695058176070454]], [[-125.03388092718193, 32.7472901604314], [-125.05407547619194, 32.695058176070454], [-125.08711601411454, 32.74027236470395]]]}}, {"type": "Feature", "properties": {"speed": 0.047}, "geometry": {"type": "MultiLineString", "coordinates": [[[-124.82, 32.74], [-124.84347613126039, 32.75585100218654]], [[-124.81777002348413, 32.70609966026498], [-124.84347613126039, 32.75585100218654], [-124.78772275127173, 32.75060118125235]]]}}, {"type": "Feature", "properties": {"speed": 0.075}, "geometry": {"type": "MultiLineString", "coordinates": [[[-124.58, 32.74], [-124.62125568643212, 32.76014727331698]], [[-124.58887693732996, 32.714456830042934], [-124.62125568643212, 32.76014727331698], [-124.56531419133297, 32.76270639935373]]]}}, {"type": "Feature", "properties": {"speed": 0.086}, "geometry": {"type": "MultiLineString", "coordinates": [[[-124.34, 32.74], [-124.35125331409276, 32.78493996873498]], [[-124.3653594210727, 32.730745709390746], [-124.35125331409276, 32.78493996873498], [-124.3132719794395, 32.74378880571426]]]}}, {"type": "Feature", "properties": {"speed": 0.117}, "geometry": {"type": "MultiLineString", "coordinates": [[[-124.1, 32.74], [-124.05236944407224, 32.78785475507379]], [[-124.10606705632208, 32.77196241608086], [-124.05236944407224, 32.78785475507379], [-124.06800944564716, 32.734083105008565]]]}}, {"type": "Feature", "properties": {"speed": 0.117}, "geometry": {"type": "MultiLineString", "coordinates": [[[-123.86, 32.74], [-123.80553431123495, 32.78207525029779]], [[-123.8608389547507, 32.773277727601254], [-123.80553431123495, 32.78207525029779], [-123.8280126775644, 32.73078467565528]]]}}, {"type": "Feature", "properties": {"speed": 0.094}, "geometry": {"type": "MultiLineString", "coordinates": [[[-123.61999999999999, 32.74], [-123.67988860130309, 32.7413425082434]], [[-123.63135801117778, 32.71340003480081], [-123.67988860130309, 32.7413425082434], [-123.63015463090754, 32.76708220887676]]]}}, {"type": "Feature", "properties": {"speed": 0.111}, "geometry": {"type": "MultiLineString", "coordinates": [[[-123.38, 32.74], [-123.44972822546958, 32.7324508985132]], [[-123.39797932814577, 32.711048757831264], [-123.44972822546958, 32.7324508985132], [-123.40375889652277, 32.764432468146026]]]}}, {"type": "Feature", "properties": {"speed": 0.153}, "geometry": {"type": "MultiLineString", "coordinates": [[[-123.13999999999999, 32.74], [-123.15799103803931, 32.820385096371176]], [[-123.1734571545686, 32.766563174819616], [-123.15799103803931, 32.820385096371176], [-123.12105783113067, 32.77829069974356]]]}}, {"type": "Feature", "properties": {"speed": 0.132}, "geometry": {"type": "MultiLineString", "coordinates": [[[-122.89999999999999, 32.74], [-122.87378787212073, 32.80669930368662]], [[-122.9167504978337, 32.770779771509176], [-122.87378787212073, 32.80669930368662], [-122.86677543374441, 32.75114009465681]]]}}, {"type": "Feature", "properties": {"speed": 0.106}, "geometry": {"type": "MultiLineString", "coordinates": [[[-122.66, 32.74], [-122.7081538362801, 32.779256881922485]], [[-122.68702746853175, 32.72739478993073], [-122.7081538362801, 32.779256881922485], [-122.65309876544855, 32.769012899506805]]]}}, {"type": "Feature", "properties": {"speed": 0.279}, "geometry": {"type": "MultiLineString", "coordinates": [[[-122.41999999999999, 32.74], [-122.25418786525725, 32.79118342116475]], [[-122.30906495171212, 32.802341619147604], [-122.25418786525725, 32.79118342116475], [-122.29322738145345, 32.75103474528165]]]}}, {"type": "Feature", "properties": {"speed": 0.508}, "geometry": {"type": "MultiLineString", "coordinates": [[[-122.17999999999999, 32.74], [-122.03869482159614, 32.63288728684187]], [[-122.06164080315423, 32.68397037533832], [-122.03869482159614, 32.63288728684187], [-122.09407752512652, 32.64117921964829]]]}}, {"type": "Feature", "properties": {"speed": 0.246}, "geometry": {"type": "MultiLineString", "coordinates": [[[-121.94, 32.74], [-121.84664670616388, 32.63460327476263]], [[-121.85913390929018, 32.689193289949316], [-121.84664670616388, 32.63460327476263], [-121.89932948464669, 32.65359076673319]]]}}, {"type": "Feature", "properties": {"speed": 0.276}, "geometry": {"type": "MultiLineString", "coordinates": [[[-121.69999999999999, 32.74], [-121.72933584339916, 32.59487288236618]], [[-121.6932831557105, 32.637723829968586], [-121.72933584339916, 32.59487288236618], [-121.74591432218718, 32.64836263877874]]]}}, {"type": "Feature", "properties": {"speed": 0.449}, "geometry": {"type": "MultiLineString", "coordinates": [[[-121.46, 32.74], [-121.47661904715001, 32.58061183035374]], [[-121.444819409085, 32.62670719909002], [-121.47661904715001, 32.58061183035374], [-121.49822554470332, 32.6322757371309]]]}}, {"type": "Feature", "properties": {"speed": 0.073}, "geometry": {"type": "MultiLineString", "coordinates": [[[-121.22, 32.74], [-121.25974100574851, 32.760293042063715]], [[-121.22818210595416, 32.714032520625125], [-121.25974100574851, 32.760293042063715], [-121.20376277288631, 32.761854274149194]]]}}, {"type": "Feature", "properties": {"speed": 0.146}, "geometry": {"type": "MultiLineString", "coordinates": [[[-120.97999999999999, 32.74], [-121.06468157798051, 32.77142405673862]], [[-121.02794745117694, 32.72915581892368], [-121.06468157798051, 32.77142405673862], [-121.00926654886426, 32.779497132239676]]]}}, {"type": "Feature", "properties": {"speed": 0.163}, "geometry": {"type": "MultiLineString", "coordinates": [[[-120.74, 32.74], [-120.72430336080491, 32.825745580494406]], [[-120.75956172944616, 32.782238713901215], [-120.72430336080491, 32.825745580494406], [-120.70674377280486, 32.77256982596973]]]}}, {"type": "Feature", "properties": {"speed": 0.041}, "geometry": {"type": "MultiLineString", "coordinates": [[[-120.5, 32.74], [-120.52517423406243, 32.73483133573085]], [[-120.47163416045693, 32.71841608311881], [-120.52517423406243, 32.73483133573085], [-120.48243345005571, 32.77101455535667]]]}}, {"type": "Feature", "properties": {"speed": 0.038}, "geometry": {"type": "MultiLineString", "coordinates": [[[-120.25999999999999, 32.74], [-120.28216383069753, 32.73229620117694]], [[-120.22692881412793, 32.72307161747052], [-120.28216383069753, 32.73229620117694], [-120.24455800434443, 32.77379080111838]]]}}, {"type": "Feature", "properties": {"speed": 0.126}, "geometry": {"type": "MultiLineString", "coordinates": [[[-120.02, 32.74], [-120.05741328418254, 32.79913566797972]], [[-120.05382642879123, 32.743250656855075], [-120.05741328418254, 32.79913566797972], [-120.00844968259673, 32.77195910234411]]]}}, {"type": "Feature", "properties": {"speed": 0.102}, "geometry": {"type": "MultiLineString", "coordinates": [[[-119.78, 32.74], [-119.81341921791434, 32.78668160900474]], [[-119.80664220070184, 32.73109319260616], [-119.81341921791434, 32.78668160900474], [-119.7629815403967, 32.76234972279289]]]}}, {"type": "Feature", "properties": {"speed": 0.069}, "geometry": {"type": "MultiLineString", "coordinates": [[[-119.53999999999999, 32.74], [-119.50503422409295, 32.761905932575466]], [[-119.560934543886, 32.75856613512131], [-119.50503422409295, 32.761905932575466], [-119.5324269531231, 32.71306293516252]]]}}, {"type": "Feature", "properties": {"speed": 0.122}, "geometry": {"type": "MultiLineString", "coordinates": [[[-119.3, 32.74], [-119.23342935293913, 32.773037535846235]], [[-119.28938603670419, 32.77523970341853], [-119.23342935293913, 32.773037535846235], [-119.2655159383219, 32.72714144626908]]]}}, {"type": "Feature", "properties": {"speed": 0.125}, "geometry": {"type": "MultiLineString", "coordinates": [[[-119.06, 32.74], [-119.00249515980482, 32.786047117561104]], [[-119.05763790141586, 32.77628607009591], [-119.00249515980482, 32.786047117561104], [-119.02407527202587, 32.73437218401952]]]}}, {"type": "Feature", "properties": {"speed": 0.152}, "geometry": {"type": "MultiLineString", "coordinates": [[[-118.82, 32.74], [-118.75335414677858, 32.6813875900209]], [[-118.7725272506105, 32.73400310189193], [-118.75335414677858, 32.6813875900209], [-118.8079878455799, 32.69368226184598]]]}}, {"type": "Feature", "properties": {"speed": 0.136}, "geometry": {"type": "MultiLineString", "coordinates": [[[-118.58, 32.74], [-118.51414764851332, 32.78711413383484]], [[-118.56973806050587, 32.78035350557281], [-118.51414764851332, 32.78711413383484], [-118.53849440377549, 32.736683632070495]]]}}, {"type": "Feature", "properties": {"speed": 0.105}, "geometry": {"type": "MultiLineString", "coordinates": [[[-118.34, 32.74], [-118.30586112305522, 32.692211018651726]], [[-118.312581873864, 32.747806265827776], [-118.30586112305522, 32.692211018651726], [-118.35627414760624, 32.71659394209454]]]}}, {"type": "Feature", "properties": {"speed": 0.276}, "geometry": {"type": "MultiLineString", "coordinates": [[[-118.1, 32.74], [-118.16585969775915, 32.876106580495836]], [[-118.16862098493232, 32.82017469966614], [-118.16585969775915, 32.876106580495836], [-118.12028657274205, 32.843562913275065]]]}}, {"type": "Feature", "properties": {"speed": 0.264}, "geometry": {"type": "MultiLineString", "coordinates": [[[-117.86, 32.74], [-117.91072617903352, 32.87391748070717]], [[-117.9184248758816, 32.8184492008813], [-117.91072617903352, 32.87391748070717], [-117.86821085464204, 32.83746961119622]]]}}, {"type": "Feature", "properties": {"speed": 0.236}, "geometry": {"type": "MultiLineString", "coordinates": [[[-117.61999999999999, 32.74], [-117.70869414031505, 32.84158255696297]], [[-117.69659538185893, 32.78690513892023], [-117.70869414031505, 32.84158255696297], [-117.65614769241589, 32.82222097610858]]]}}, {"type": "Feature", "properties": {"speed": 0.742}, "geometry": {"type": "MultiLineString", "coordinates": [[[-117.38, 32.74], [-117.43425896123051, 32.893352797031405]], [[-117.44317680083996, 32.83806742702541], [-117.43425896123051, 32.893352797031405], [-117.39255625579044, 32.855977880857864]]]}}, {"type": "Feature", "properties": {"speed": 0.395}, "geometry": {"type": "MultiLineString", "coordinates": [[[-126.5, 32.980000000000004], [-126.48559768404812, 33.13954320132733]], [[-126.51675521268386, 33.093011401348036], [-126.48559768404812, 33.13954320132733], [-126.4632770090617, 33.08818380619702]]]}}, {"type": "Feature", "properties": {"speed": 0.523}, "geometry": {"type": "MultiLineString", "coordinates": [[[-126.25999999999999, 32.980000000000004], [-126.23978149726986, 33.13909853577614]], [[-126.27261067706692, 33.093730651167625], [-126.23978149726986, 33.13909853577614], [-126.2193434202738, 33.086961360855526]]]}}, {"type": "Feature", "properties": {"speed": 0.235}, "geometry": {"type": "MultiLineString", "coordinates": [[[-126.02, 32.980000000000004], [-126.01244307447224, 33.105111222267155]], [[-126.04220507964428, 33.05767470628906], [-126.01244307447224, 33.105111222267155], [-125.98860710267802, 33.05443729949987]]]}}, {"type": "Feature", "properties": {"speed": 0.05}, "geometry": {"type": "MultiLineString", "coordinates": [[[-125.78, 32.980000000000004], [-125.80158365026116, 32.999495949149136]], [[-125.78311042868972, 32.94663064781856], [-125.80158365026116, 32.999495949149136], [-125.7471179088765, 32.986477384888104]]]}}, {"type": "Feature", "properties": {"speed": 0.19}, "geometry": {"type": "MultiLineString", "coordinates": [[[-125.53999999999999, 32.980000000000004], [-125.64794708877801, 33.025571073889736]], [[-125.6131134106716, 32.981723441461305], [-125.64794708877801, 33.025571073889736], [-125.5922298617342, 33.03119162640248]]]}}, {"type": "Feature", "properties": {"speed": 0.134}, "geometry": {"type": "MultiLineString", "coordinates": [[[-125.3, 32.980000000000004], [-125.38330681920051, 32.965542029142384]], [[-125.33029516178645, 32.94749309071891], [-125.38330681920051, 32.965542029142384], [-125.33947684047186, 33.000397917664216]]]}}, {"type": "Feature", "properties": {"speed": 0.153}, "geometry": {"type": "MultiLineString", "coordinates": [[[-125.06, 32.980000000000004], [-125.15316105395556, 32.956354377344255]], [[-125.09892188848931, 32.942421935723125], [-125.15316105395556, 32.956354377344255], [-125.11213176241408, 32.99446733099002]]]}}, {"type": "Feature", "properties": {"speed": 0.164}, "geometry": {"type": "MultiLineString", "coordinates": [[[-124.82, 32.980000000000004], [-124.92429848730563, 32.98354127842002]], [[-124.87609321458932, 32.9550412489052], [-124.92429848730563, 32.98354127842002], [-124.87427111939911, 33.008705985061376]]]}}, {"type": "Feature", "properties": {"speed": 0.069}, "geometry": {"type": "MultiLineString", "coordinates": [[[-124.58, 32.980000000000004], [-124.60930314838886, 32.95250458970666]], [[-124.55509402409339, 32.96655346308206], [-124.60930314838886, 32.95250458970666], [-124.59183555284756, 33.00571063359273]]]}}, {"type": "Feature", "properties": {"speed": 0.033}, "geometry": {"type": "MultiLineString", "coordinates": [[[-124.34, 32.980000000000004], [-124.32754368722439, 32.99389159820974]], [[-124.38034133289632, 32.97522589137873], [-124.32754368722439, 32.99389159820974], [-124.34036372621611, 32.93937878686919]]]}}, {"type": "Feature", "properties": {"speed": 0.126}, "geometry": {"type": "MultiLineString", "coordinates": [[[-124.1, 32.980000000000004], [-124.04637270271778, 33.02964036121965]], [[-124.10067572473915, 33.01595892126084], [-124.04637270271778, 33.02964036121965], [-124.0642002159758, 32.976553830243944]]]}}, {"type": "Feature", "properties": {"speed": 0.158}, "geometry": {"type": "MultiLineString", "coordinates": [[[-123.86, 32.980000000000004], [-123.76448160469532, 33.0068519576639]], [[-123.8190581217336, 33.019398024297296], [-123.76448160469532, 33.0068519576639], [-123.80452657374283, 32.967706070855904]]]}}, {"type": "Feature", "properties": {"speed": 0.118}, "geometry": {"type": "MultiLineString", "coordinates": [[[-123.61999999999999, 32.980000000000004], [-123.55735571205615, 32.94505888551474]], [[-123.58719730963237, 32.99244537150071], [-123.55735571205615, 32.94505888551474], [-123.61335354906657, 32.945551074659235]]]}}, {"type": "Feature", "properties": {"speed": 0.271}, "geometry": {"type": "MultiLineString", "coordinates": [[[-123.38, 32.980000000000004], [-123.20961209118366, 32.95702709957958]], [[-123.2547286753591, 32.9902007914504], [-123.20961209118366, 32.95702709957958], [-123.2619033848148, 32.93698662527426]]]}}, {"type": "Feature", "properties": {"speed": 0.54}, "geometry": {"type": "MultiLineString", "coordinates": [[[-123.13999999999999, 32.980000000000004], [-122.94932441353797, 32.976010450646285]], [[-122.99789666279472, 33.00388044530255], [-122.94932441353797, 32.976010450646285], [-122.99901990366259, 32.95019653460719]]]}}, {"type": "Feature", "properties": {"speed": 0.598}, "geometry": {"type": "MultiLineString", "coordinates": [[[-122.89999999999999, 32.980000000000004], [-122.70969910323619, 32.96921244964004]], [[-122.75724547756393, 32.998798633717854], [-122.70969910323619, 32.96921244964004], [-122.7602844343738, 32.94518903868951]]]}}, {"type": "Feature", "properties": {"speed": 0.642}, "geometry": {"type": "MultiLineString", "coordinates": [[[-122.66, 32.980000000000004], [-122.47165911257267, 32.95472936287523]], [[-122.51679693453927, 32.98787415172825], [-122.47165911257267, 32.95472936287523], [-122.5239375599805, 32.93465540121771]]]}}, {"type": "Feature", "properties": {"speed": 0.702}, "geometry": {"type": "MultiLineString", "coordinates": [[[-122.41999999999999, 32.980000000000004], [-122.2324431669712, 32.950914022997026]], [[-122.2768929604992, 32.984975964446654], [-122.2324431669712, 32.950914022997026], [-122.28512162832583, 32.93191455697009]]]}}, {"type": "Feature", "properties": {"speed": 0.665}, "geometry": {"type": "MultiLineString", "coordinates": [[[-122.17999999999999, 32.980000000000004], [-122.01071894943713, 32.90627693712712]], [[-122.04505614831352, 32.950514441276006], [-122.01071894943713, 32.90627693712712], [-122.06649599334871, 32.90128480607055]]]}}, {"type": "Feature", "properties": {"speed": 0.264}, "geometry": {"type": "MultiLineString", "coordinates": [[[-121.94, 32.980000000000004], [-121.78943386912346, 32.91835632503033]], [[-121.82474207904124, 32.961822752447375], [-121.78943386912346, 32.91835632503033], [-121.84508671384282, 32.91213050182028]]]}}, {"type": "Feature", "properties": {"speed": 0.149}, "geometry": {"type": "MultiLineString", "coordinates": [[[-121.69999999999999, 32.980000000000004], [-121.60663266181945, 32.965870718956]], [[-121.65120689946401, 32.99976964723413], [-121.60663266181945, 32.965870718956], [-121.65924118976325, 32.9466784604233]]]}}, {"type": "Feature", "properties": {"speed": 0.641}, "geometry": {"type": "MultiLineString", "coordinates": [[[-121.46, 32.980000000000004], [-121.44123900964856, 32.820775892138485]], [[-121.42032643899279, 32.87272456284879], [-121.44123900964856, 32.820775892138485], [-121.47365319860367, 32.866441200134624]]]}}, {"type": "Feature", "properties": {"speed": 0.27}, "geometry": {"type": "MultiLineString", "coordinates": [[[-121.22, 32.980000000000004], [-121.29406065613031, 33.109930272698406]], [[-121.29304874326502, 33.053939416013115], [-121.29406065613031, 33.109930272698406], [-121.24639923596064, 33.08052977903911]]]}}, {"type": "Feature", "properties": {"speed": 0.112}, "geometry": {"type": "MultiLineString", "coordinates": [[[-120.97999999999999, 32.980000000000004], [-121.0478065791726, 32.99745270378888]], [[-121.00690541886733, 32.959202277834606], [-121.0478065791726, 32.99745270378888], [-120.99352096434993, 33.011203050087204]]]}}, {"type": "Feature", "properties": {"speed": 0.214}, "geometry": {"type": "MultiLineString", "coordinates": [[[-120.74, 32.980000000000004], [-120.66727290093898, 33.07617529809475]], [[-120.71832925108889, 33.05316988331105], [-120.66727290093898, 33.07617529809475], [-120.67550037562023, 33.02078298219833]]]}}, {"type": "Feature", "properties": {"speed": 0.123}, "geometry": {"type": "MultiLineString", "coordinates": [[[-120.5, 32.980000000000004], [-120.57521126419306, 32.96160480149091]], [[-120.52109527779754, 32.94720132911652], [-120.57521126419306, 32.96160480149091], [-120.5338521678757, 32.999359604520606]]]}}, {"type": "Feature", "properties": {"speed": 0.161}, "geometry": {"type": "MultiLineString", "coordinates": [[[-120.25999999999999, 32.980000000000004], [-120.33031589746474, 32.917729556113486]], [[-120.27572482510838, 32.930212136735385], [-120.33031589746474, 32.917729556113486], [-120.31132394459964, 32.97041072662411]]]}}, {"type": "Feature", "properties": {"speed": 0.038}, "geometry": {"type": "MultiLineString", "coordinates": [[[-120.02, 32.980000000000004], [-120.04391030825674, 32.97664097838104]], [[-119.99150855701585, 32.95689113111867], [-120.04391030825674, 32.97664097838104], [-119.99897859780408, 33.01006464358697]]]}}, {"type": "Feature", "properties": {"speed": 0.067}, "geometry": {"type": "MultiLineString", "coordinates": [[[-119.78, 32.980000000000004], [-119.73720030367375, 32.978511414625686]], [[-119.78538201899211, 33.007051251853326], [-119.73720030367375, 32.978511414625686], [-119.78724844049914, 32.9533880390502]]]}}, {"type": "Feature", "properties": {"speed": 0.202}, "geometry": {"type": "MultiLineString", "coordinates": [[[-119.53999999999999, 32.980000000000004], [-119.48210107997059, 32.88361271798611]], [[-119.48439235393407, 32.93956582391978], [-119.48210107997059, 32.88361271798611], [-119.5304219757295, 32.91191626958404]]]}}, {"type": "Feature", "properties": {"speed": 0.248}, "geometry": {"type": "MultiLineString", "coordinates": [[[-119.3, 32.980000000000004], [-119.15707995295524, 32.92453775882721]], [[-119.19318273709217, 32.967346507670904], [-119.15707995295524, 32.92453775882721], [-119.21260869052058, 32.91728797921678]]]}}, {"type": "Feature", "properties": {"speed": 0.222}, "geometry": {"type": "MultiLineString", "coordinates": [[[-119.06, 32.980000000000004], [-118.92141653358937, 32.957049410343174]], [[-118.96551430448189, 32.991565878909796], [-118.92141653358937, 32.957049410343174], [-118.97428726768308, 32.93859174319938]]]}}, {"type": "Feature", "properties": {"speed": 0.112}, "geometry": {"type": "MultiLineString", "coordinates": [[[-118.82, 32.980000000000004], [-118.75268276751041, 32.960083588510756]], [[-118.79219134270018, 32.999770771409956], [-118.75268276751041, 32.960083588510756], [-118.80742495466545, 32.94828134527132]]]}}, {"type": "Feature", "properties": {"speed": 0.026}, "geometry": {"type": "MultiLineString", "coordinates": [[[-118.58, 32.980000000000004], [-118.59652945019305, 32.97795273737982]], [[-118.54445745312414, 32.957349166784994], [-118.59652945019305, 32.97795273737982], [-118.55105752326656, 33.01063765533281]]]}}, {"type": "Feature", "properties": {"speed": 0.171}, "geometry": {"type": "MultiLineString", "coordinates": [[[-118.34, 32.980000000000004], [-118.23298161864281, 32.99636096648872]], [[-118.28561916052716, 33.015473506465725], [-118.23298161864281, 32.99636096648872], [-118.27750445173479, 32.962394551702]]]}}, {"type": "Feature", "properties": {"speed": 0.167}, "geometry": {"type": "MultiLineString", "coordinates": [[[-118.1, 32.980000000000004], [-118.12122800052165, 33.067070837616924]], [[-118.13567124638126, 33.012965452958476], [-118.12122800052165, 33.067070837616924], [-118.08350360825186, 33.025684001208774]]]}}, {"type": "Feature", "properties": {"speed": 0.138}, "geometry": {"type": "MultiLineString", "coordinates": [[[-117.86, 32.980000000000004], [-117.8215389443934, 33.046061034798626]], [[-117.86946770484961, 33.017098405064246], [-117.8215389443934, 33.046061034798626], [-117.82306375162007, 32.99008179790742]]]}}, {"type": "Feature", "properties": {"speed": 0.224}, "geometry": {"type": "MultiLineString", "coordinates": [[[-117.61999999999999, 32.980000000000004], [-117.70080068975686, 33.07840458631516]], [[-117.69036325041489, 33.02338586350208], [-117.70080068975686, 33.07840458631516], [-117.64886465834464, 33.057460645875295]]]}}, {"type": "Feature", "properties": {"speed": 0.648}, "geometry": {"type": "MultiLineString", "coordinates": [[[-117.38, 32.980000000000004], [-117.3735492533259, 33.13990845859051]], [[-117.402356160001, 33.09188594170716], [-117.3735492533259, 33.13990845859051], [-117.3487041368526, 33.08972160585568]]]}}, {"type": "Feature", "properties": {"speed": 0.473}, "geometry": {"type": "MultiLineString", "coordinates": [[[-126.5, 33.22], [-126.52721812948585, 33.37837147831917]], [[-126.54535395081714, 33.32538948152177], [-126.52721812948585, 33.37837147831917], [-126.49243414254776, 33.334484415844095]]]}}, {"type": "Feature", "properties": {"speed": 0.621}, "geometry": {"type": "MultiLineString", "coordinates": [[[-126.25999999999999, 33.22], [-126.28202402614056, 33.378935606479644]], [[-126.30187212963453, 33.32657099259114], [-126.28202402614056, 33.378935606479644], [-126.24868469900763, 33.333941281656145]]]}}, {"type": "Feature", "properties": {"speed": 0.33}, "geometry": {"type": "MultiLineString", "coordinates": [[[-126.02, 33.22], [-126.03853997260332, 33.37924647450447]], [[-126.05952449494994, 33.32732682676025], [-126.03853997260332, 33.37924647450447], [-126.00618908129653, 33.33353630242367]]]}}, {"type": "Feature", "properties": {"speed": 0.15}, "geometry": {"type": "MultiLineString", "coordinates": [[[-125.78, 33.22], [-125.79830164715648, 33.298394196927546]], [[-125.8132737458102, 33.24443276383035], [-125.79830164715648, 33.298394196927546], [-125.76098412633283, 33.256640123598395]]]}}, {"type": "Feature", "properties": {"speed": 0.139}, "geometry": {"type": "MultiLineString", "coordinates": [[[-125.53999999999999, 33.22], [-125.60798182427882, 33.267414023429154]], [[-125.58303130920787, 33.217279486454196], [-125.60798182427882, 33.267414023429154], [-125.55231424525218, 33.261321351986176]]]}}, {"type": "Feature", "properties": {"speed": 0.08}, "geometry": {"type": "MultiLineString", "coordinates": [[[-125.3, 33.22], [-125.35018647760153, 33.21297237070277]], [[-125.29779352325674, 33.1931991985995], [-125.35018647760153, 33.21297237070277], [-125.30523989295529, 33.24637603111054]]]}}, {"type": "Feature", "properties": {"speed": 0.04}, "geometry": {"type": "MultiLineString", "coordinates": [[[-125.06, 33.22], [-125.03874333523214, 33.208139449618756]], [[-125.06857776284362, 33.25553045012619], [-125.03874333523214, 33.208139449618756], [-125.0947410971329, 33.20864011128691]]]}}, {"type": "Feature", "properties": {"speed": 0.108}, "geometry": {"type": "MultiLineString", "coordinates": [[[-124.82, 33.22], [-124.8026212376356, 33.16449406862259]], [[-124.79168401750694, 33.21941562373401], [-124.8026212376356, 33.16449406862259], [-124.8429267274471, 33.20337166488388]]]}}, {"type": "Feature", "properties": {"speed": 0.368}, "geometry": {"type": "MultiLineString", "coordinates": [[[-124.58, 33.22], [-124.44066430807113, 33.11039746671915]], [[-124.46269203273965, 33.161883186544436], [-124.44066430807113, 33.11039746671915], [-124.4958896778675, 33.119679628690136]]]}}, {"type": "Feature", "properties": {"speed": 0.34}, "geometry": {"type": "MultiLineString", "coordinates": [[[-124.34, 33.22], [-124.14946809053421, 33.20608621396124]], [[-124.19652681344797, 33.23644204697115], [-124.14946809053421, 33.20608621396124], [-124.20043757973325, 33.18288899061899]]]}}, {"type": "Feature", "properties": {"speed": 0.456}, "geometry": {"type": "MultiLineString", "coordinates": [[[-124.1, 33.22], [-123.9099525719881, 33.237962096259]], [[-123.96140538552602, 33.260066574968796], [-123.9099525719881, 33.237962096259], [-123.95635292325464, 33.206609147397025]]]}}, {"type": "Feature", "properties": {"speed": 0.506}, "geometry": {"type": "MultiLineString", "coordinates": [[[-123.86, 33.22], [-123.6695596730709, 33.20523489385843]], [[-123.7164819302077, 33.235801244396036], [-123.6695596730709, 33.20523489385843], [-123.72063257388733, 33.18226624561356]]]}}, {"type": "Feature", "properties": {"speed": 0.445}, "geometry": {"type": "MultiLineString", "coordinates": [[[-123.61999999999999, 33.22], [-123.45533184230327, 33.13861806809902]], [[-123.48749430925406, 33.18446101433548], [-123.45533184230327, 33.13861806809902], [-123.51128480647527, 33.13632333491944]]]}}, {"type": "Feature", "properties": {"speed": 0.425}, "geometry": {"type": "MultiLineString", "coordinates": [[[-123.38, 33.22], [-123.21357118070125, 33.14116446048021]], [[-123.24649166125157, 33.18646613771557], [-123.21357118070125, 33.14116446048021], [-123.26947823920956, 33.13793943196115]]]}}, {"type": "Feature", "properties": {"speed": 0.346}, "geometry": {"type": "MultiLineString", "coordinates": [[[-123.13999999999999, 33.22], [-122.95553730368613, 33.17773407444358]], [[-122.99744428774396, 33.21487979677034], [-122.95553730368613, 33.17773407444358], [-123.00943679135226, 33.162540482724395]]]}}, {"type": "Feature", "properties": {"speed": 0.28}, "geometry": {"type": "MultiLineString", "coordinates": [[[-122.89999999999999, 33.22], [-122.72579514384269, 33.18696272864938]], [[-122.76907673115673, 33.2224972780285], [-122.72579514384269, 33.18696272864938], [-122.77908157753085, 33.16974192771571]]]}}, {"type": "Feature", "properties": {"speed": 0.336}, "geometry": {"type": "MultiLineString", "coordinates": [[[-122.66, 33.22], [-122.47045907735824, 33.19861801460385]], [[-122.51628435179656, 33.230805655440875], [-122.47045907735824, 33.19861801460385], [-122.52230354463808, 33.17744843235785]]]}}, {"type": "Feature", "properties": {"speed": 0.439}, "geometry": {"type": "MultiLineString", "coordinates": [[[-122.41999999999999, 33.22], [-122.22894637107848, 33.21263366963714]], [[-122.27702012048292, 33.241354996525], [-122.22894637107848, 33.21263366963714], [-122.27908889195474, 33.18769920352748]]]}}, {"type": "Feature", "properties": {"speed": 0.304}, "geometry": {"type": "MultiLineString", "coordinates": [[[-122.17999999999999, 33.22], [-121.98898894369601, 33.211897783242165]], [[-122.03695161963344, 33.24080421361537], [-121.98898894369601, 33.211897783242165], [-122.03922721053404, 33.18715679407213]]]}}, {"type": "Feature", "properties": {"speed": 0.172}, "geometry": {"type": "MultiLineString", "coordinates": [[[-121.94, 33.22], [-121.83107567071914, 33.211508942097424]], [[-121.87798509230286, 33.24209498739068], [-121.83107567071914, 33.211508942097424], [-121.88215820902207, 33.18856173571994]]]}}, {"type": "Feature", "properties": {"speed": 0.262}, "geometry": {"type": "MultiLineString", "coordinates": [[[-121.69999999999999, 33.22], [-121.58233697414397, 33.121153713464736]], [[-121.60269651046515, 33.17332160858028], [-121.58233697414397, 33.121153713464736], [-121.63723504864295, 33.132208188409535]]]}}, {"type": "Feature", "properties": {"speed": 0.149}, "geometry": {"type": "MultiLineString", "coordinates": [[[-121.46, 33.22], [-121.55225257486104, 33.20019745573401]], [[-121.49856780142636, 33.18426180070304], [-121.55225257486104, 33.20019745573401], [-121.5098371766518, 33.23676156374653]]]}}, {"type": "Feature", "properties": {"speed": 0.378}, "geometry": {"type": "MultiLineString", "coordinates": [[[-121.22, 33.22], [-121.29461670041084, 33.36732091128826]], [[-121.29636211506754, 33.31134811854325], [-121.29461670041084, 33.36732091128826], [-121.24846027094095, 33.33560996651218]]]}}, {"type": "Feature", "properties": {"speed": 0.155}, "geometry": {"type": "MultiLineString", "coordinates": [[[-120.97999999999999, 33.22], [-121.04094762682914, 33.28505399942398]], [[-121.02694005756837, 33.23083418751537], [-121.04094762682914, 33.28505399942398], [-120.9877549063351, 33.26754587312664]]]}}, {"type": "Feature", "properties": {"speed": 0.154}, "geometry": {"type": "MultiLineString", "coordinates": [[[-120.74, 33.22], [-120.81253092527389, 33.16443290308118]], [[-120.75719139413138, 33.173008233566186], [-120.81253092527389, 33.16443290308118], [-120.7898467407802, 33.2156327836851]]]}}, {"type": "Feature", "properties": {"speed": 0.244}, "geometry": {"type": "MultiLineString", "coordinates": [[[-120.5, 33.22], [-120.65237130224705, 33.24529581822455]], [[-120.60828716998692, 33.21076193221571], [-120.65237130224705, 33.24529581822455], [-120.5994932808656, 33.26373259817072]]]}}, {"type": "Feature", "properties": {"speed": 0.173}, "geometry": {"type": "MultiLineString", "coordinates": [[[-120.25999999999999, 33.22], [-120.31910222232341, 33.29797113806009]], [[-120.31081108785972, 33.242588315007225], [-120.31910222232341, 33.29797113806009], [-120.26801946459868, 33.27502442014147]]]}}, {"type": "Feature", "properties": {"speed": 0.095}, "geometry": {"type": "MultiLineString", "coordinates": [[[-120.02, 33.22], [-120.0046186293289, 33.26907691478729]], [[-120.04493531098102, 33.23021092476308], [-120.0046186293289, 33.26907691478729], [-119.99369722248929, 33.21415221294337]]]}}, {"type": "Feature", "properties": {"speed": 0.209}, "geometry": {"type": "MultiLineString", "coordinates": [[[-119.78, 33.22], [-119.66593725860119, 33.2781214427948]], [[-119.72191413860307, 33.27973045033218], [-119.66593725860119, 33.2781214427948], [-119.69753562909855, 33.23188787293575]]]}}, {"type": "Feature", "properties": {"speed": 0.048}, "geometry": {"type": "MultiLineString", "coordinates": [[[-119.53999999999999, 33.22], [-119.56769787050783, 33.23118346303701]], [[-119.53217946236585, 33.18788862866778], [-119.56769787050783, 33.23118346303701], [-119.51207584577418, 33.23767887407318]]]}}, {"type": "Feature", "properties": {"speed": 0.13}, "geometry": {"type": "MultiLineString", "coordinates": [[[-119.3, 33.22], [-119.30103469705209, 33.289431863725184]], [[-119.32714725808559, 33.23989264535961], [-119.30103469705209, 33.289431863725184], [-119.27345755912592, 33.24069274736265]]]}}, {"type": "Feature", "properties": {"speed": 0.122}, "geometry": {"type": "MultiLineString", "coordinates": [[[-119.06, 33.22], [-119.00112937152386, 33.17743421092629]], [[-119.02522360833423, 33.22798584544513], [-119.00112937152386, 33.17743421092629], [-119.05668527691284, 33.18447277444521]]]}}, {"type": "Feature", "properties": {"speed": 0.047}, "geometry": {"type": "MultiLineString", "coordinates": [[[-118.82, 33.22], [-118.79620932757854, 33.23485235802829]], [[-118.85211486639795, 33.231601092227024], [-118.79620932757854, 33.23485235802829], [-118.82367937327781, 33.186052802812284]]]}}, {"type": "Feature", "properties": {"speed": 0.309}, "geometry": {"type": "MultiLineString", "coordinates": [[[-118.58, 33.22], [-118.67445828199386, 33.08087544262409]], [[-118.6246409887957, 33.10645350545944], [-118.67445828199386, 33.08087544262409], [-118.66906508133033, 33.136615135721584]]]}}, {"type": "Feature", "properties": {"speed": 0.429}, "geometry": {"type": "MultiLineString", "coordinates": [[[-118.34, 33.22], [-118.52220113217831, 33.17135072991252]], [[-118.46779396093282, 33.158089518917116], [-118.52220113217831, 33.17135072991252], [-118.48164588782257, 33.20996772300165]]]}}, {"type": "Feature", "properties": {"speed": 0.36}, "geometry": {"type": "MultiLineString", "coordinates": [[[-118.1, 33.22], [-118.219534291327, 33.34490061670542]], [[-118.2049512851601, 33.29083273408425], [-118.219534291327, 33.34490061670542], [-118.16615850503283, 33.327958791612495]]]}}, {"type": "Feature", "properties": {"speed": 0.261}, "geometry": {"type": "MultiLineString", "coordinates": [[[-117.86, 33.22], [-118.0084076231718, 33.28275364011526]], [[-117.97359944678003, 33.238885760564514], [-118.0084076231718, 33.28275364011526], [-117.95268713739726, 33.288341794108206]]]}}, {"type": "Feature", "properties": {"speed": 0.561}, "geometry": {"type": "MultiLineString", "coordinates": [[[-117.61999999999999, 33.22], [-117.77631008148192, 33.31219850599766]], [[-117.74762044350636, 33.2641058384398], [-117.77631008148192, 33.31219850599766], [-117.72034041959725, 33.31035542474188]]]}}, {"type": "Feature", "properties": {"speed": 0.435}, "geometry": {"type": "MultiLineString", "coordinates": [[[-117.38, 33.22], [-117.52279742538929, 33.326438651680945]], [[-117.49943956920971, 33.27554257565642], [-117.52279742538929, 33.326438651680945], [-117.46734955062011, 33.31859434268768]]]}}, {"type": "Feature", "properties": {"speed": 0.319}, "geometry": {"type": "MultiLineString", "coordinates": [[[-126.5, 33.46], [-126.57127744704485, 33.608539394140244]], [[-126.57422154706786, 33.55261683809124], [-126.57127744704485, 33.608539394140244], [-126.52581094276445, 33.575846933411185]]]}}, {"type": "Feature", "properties": {"speed": 0.558}, "geometry": {"type": "MultiLineString", "coordinates": [[[-126.25999999999999, 33.46], [-126.30772714152931, 33.61496638417244]], [[-126.31892038459537, 33.560096435114104], [-126.30772714152931, 33.61496638417244], [-126.26760340649757, 33.57590123490736]]]}}, {"type": "Feature", "properties": {"speed": 0.295}, "geometry": {"type": "MultiLineString", "coordinates": [[[-126.02, 33.46], [-126.03887607015669, 33.61643148124218]], [[-126.05964313835374, 33.5644244732673], [-126.03887607015669, 33.61643148124218], [-126.00633417677214, 33.570857089584706]]]}}, {"type": "Feature", "properties": {"speed": 0.135}, "geometry": {"type": "MultiLineString", "coordinates": [[[-125.78, 33.46], [-125.80811909094453, 33.52819160282612]], [[-125.81420483549935, 33.47252326610574], [-125.80811909094453, 33.52819160282612], [-125.76456394263771, 33.49299289466842]]]}}, {"type": "Feature", "properties": {"speed": 0.034}, "geometry": {"type": "MultiLineString", "coordinates": [[[-125.53999999999999, 33.46], [-125.521089733541, 33.46877419766039]], [[-125.57696938513753, 33.47244360325952], [-125.521089733541, 33.46877419766039], [-125.55436933649288, 33.423735680507114]]]}}, {"type": "Feature", "properties": {"speed": 0.082}, "geometry": {"type": "MultiLineString", "coordinates": [[[-125.3, 33.46], [-125.26614921092987, 33.42693039685488]], [[-125.28254157333947, 33.480477483186746], [-125.26614921092987, 33.42693039685488], [-125.32006436160768, 33.44206831373237]]]}}, {"type": "Feature", "properties": {"speed": 0.022}, "geometry": {"type": "MultiLineString", "coordinates": [[[-125.06, 33.46], [-125.04692346923053, 33.46369936367497]], [[-125.10152063140627, 33.476155281238746], [-125.04692346923053, 33.46369936367497], [-125.08690373506703, 33.42448739683264]]]}}, {"type": "Feature", "properties": {"speed": 0.129}, "geometry": {"type": "MultiLineString", "coordinates": [[[-124.82, 33.46], [-124.85150297701358, 33.396224386096]], [[-124.8056665438771, 33.428396134530374], [-124.85150297701358, 33.396224386096], [-124.85380903933523, 33.45217688449034]]]}}, {"type": "Feature", "properties": {"speed": 0.433}, "geometry": {"type": "MultiLineString", "coordinates": [[[-124.58, 33.46], [-124.59733649335801, 33.30065505862236]], [[-124.56533067208423, 33.34660750583239], [-124.59733649335801, 33.30065505862236], [-124.61871132533074, 33.352415241757065]]]}}, {"type": "Feature", "properties": {"speed": 0.104}, "geometry": {"type": "MultiLineString", "coordinates": [[[-124.34, 33.46], [-124.37351446986199, 33.5076841442287]], [[-124.36722043250376, 33.45203897288622], [-124.37351446986199, 33.5076841442287], [-124.32328998983476, 33.48291517965618]]]}}, {"type": "Feature", "properties": {"speed": 0.079}, "geometry": {"type": "MultiLineString", "coordinates": [[[-124.1, 33.46], [-124.11368647813796, 33.500830560028554]], [[-124.12352302998094, 33.44570123708839], [-124.11368647813796, 33.500830560028554], [-124.07261146411427, 33.462766886756604]]]}}, {"type": "Feature", "properties": {"speed": 0.346}, "geometry": {"type": "MultiLineString", "coordinates": [[[-123.86, 33.46], [-123.75508282393217, 33.3260649061203]], [[-123.76425342516201, 33.38130891098131], [-123.75508282393217, 33.3260649061203], [-123.80652394809798, 33.348196574483936]]]}}, {"type": "Feature", "properties": {"speed": 0.207}, "geometry": {"type": "MultiLineString", "coordinates": [[[-123.61999999999999, 33.46], [-123.55015986680984, 33.36634633600712]], [[-123.55801649114387, 33.42179246710816], [-123.55015986680984, 33.36634633600712], [-123.60106112959524, 33.38969288707685]]]}}, {"type": "Feature", "properties": {"speed": 0.088}, "geometry": {"type": "MultiLineString", "coordinates": [[[-123.38, 33.46], [-123.36179329000413, 33.41586182549596]], [[-123.35571417474331, 33.47153088654108], [-123.36179329000413, 33.41586182549596], [-123.40535262963205, 33.45105534664943]]]}}, {"type": "Feature", "properties": {"speed": 0.194}, "geometry": {"type": "MultiLineString", "coordinates": [[[-123.13999999999999, 33.46], [-123.0410523110628, 33.39799812346697]], [[-123.06844096144485, 33.44684340809353], [-123.0410523110628, 33.39799812346697], [-123.09695235177678, 33.40134258877193]]]}}, {"type": "Feature", "properties": {"speed": 0.4}, "geometry": {"type": "MultiLineString", "coordinates": [[[-122.89999999999999, 33.46], [-122.76161771416663, 33.349222376048566]], [[-122.78320516992427, 33.40089424222265], [-122.76161771416663, 33.349222376048566], [-122.81676184240668, 33.35897558683505]]]}}, {"type": "Feature", "properties": {"speed": 0.438}, "geometry": {"type": "MultiLineString", "coordinates": [[[-122.66, 33.46], [-122.52093455553054, 33.34981941342354]], [[-122.54278181803339, 33.401381968840546], [-122.52093455553054, 33.34981941342354], [-122.5761270761237, 33.35929494351817]]]}}, {"type": "Feature", "properties": {"speed": 0.301}, "geometry": {"type": "MultiLineString", "coordinates": [[[-122.41999999999999, 33.46], [-122.23908558309077, 33.513100254386664]], [[-122.2938021375484, 33.52502076898483], [-122.23908558309077, 33.513100254386664], [-122.27867983079173, 33.47349854294643]]]}}, {"type": "Feature", "properties": {"speed": 0.211}, "geometry": {"type": "MultiLineString", "coordinates": [[[-122.17999999999999, 33.46], [-122.0688167515397, 33.52410521268845]], [[-122.12480192046324, 33.52281646888036], [-122.0688167515397, 33.52410521268845], [-122.09798122688214, 33.476299006208535]]]}}, {"type": "Feature", "properties": {"speed": 0.342}, "geometry": {"type": "MultiLineString", "coordinates": [[[-121.94, 33.46], [-121.87976252898574, 33.61190291404724]], [[-121.92283567297727, 33.57611598533459], [-121.87976252898574, 33.61190291404724], [-121.87292138585826, 33.556322353050525]]]}}, {"type": "Feature", "properties": {"speed": 0.165}, "geometry": {"type": "MultiLineString", "coordinates": [[[-121.69999999999999, 33.46], [-121.62650578916072, 33.39708232045174]], [[-121.64637862101162, 33.44943755470988], [-121.62650578916072, 33.39708232045174], [-121.68129853656494, 33.408647562857176]]]}}, {"type": "Feature", "properties": {"speed": 0.474}, "geometry": {"type": "MultiLineString", "coordinates": [[[-121.46, 33.46], [-121.51078734457492, 33.61428787469864]], [[-121.52092310200958, 33.55921277668487], [-121.51078734457492, 33.61428787469864], [-121.46991962072455, 33.57600172645557]]]}}, {"type": "Feature", "properties": {"speed": 0.322}, "geometry": {"type": "MultiLineString", "coordinates": [[[-121.22, 33.46], [-121.1812095952034, 33.61669307112694]], [[-121.2190803161277, 33.57544008945683], [-121.1812095952034, 33.61669307112694], [-121.16695804593148, 33.56253687717509]]]}}, {"type": "Feature", "properties": {"speed": 0.231}, "geometry": {"type": "MultiLineString", "coordinates": [[[-120.97999999999999, 33.46], [-120.90646387219428, 33.56712283849716]], [[-120.95641167024311, 33.5418005662833], [-120.90646387219428, 33.56712283849716], [-120.91214282531573, 33.51141153361706]]]}}, {"type": "Feature", "properties": {"speed": 0.127}, "geometry": {"type": "MultiLineString", "coordinates": [[[-120.74, 33.46], [-120.80516823172569, 33.49999950736761]], [[-120.77732837030668, 33.451409980551944], [-120.80516823172569, 33.49999950736761], [-120.74923961342502, 33.49717290959324]]]}}, {"type": "Feature", "properties": {"speed": 0.186}, "geometry": {"type": "MultiLineString", "coordinates": [[[-120.5, 33.46], [-120.61772681027651, 33.47407557632774]], [[-120.57211698716083, 33.44158336133159], [-120.61772681027651, 33.47407557632774], [-120.56574246152546, 33.49489930041663]]]}}, {"type": "Feature", "properties": {"speed": 0.212}, "geometry": {"type": "MultiLineString", "coordinates": [[[-120.25999999999999, 33.46], [-120.35251714497804, 33.54229381591082]], [[-120.33364065610368, 33.48957116264131], [-120.35251714497804, 33.54229381591082], [-120.29795355154415, 33.52969166246063]]]}}, {"type": "Feature", "properties": {"speed": 0.113}, "geometry": {"type": "MultiLineString", "coordinates": [[[-120.02, 33.46], [-119.96830337911844, 33.41815717428923]], [[-119.98961230589849, 33.46994452447711], [-119.96830337911844, 33.41815717428923], [-120.02339419395646, 33.42820715540773]]]}}, {"type": "Feature", "properties": {"speed": 0.264}, "geometry": {"type": "MultiLineString", "coordinates": [[[-119.78, 33.46], [-119.8369276176393, 33.32735877394676]], [[-119.79287363098886, 33.36193110768638], [-119.8369276176393, 33.32735877394676], [-119.84221676278837, 33.383108437116974]]]}}, {"type": "Feature", "properties": {"speed": 0.177}, "geometry": {"type": "MultiLineString", "coordinates": [[[-119.53999999999999, 33.46], [-119.51111777774989, 33.36868830680847]], [[-119.50034082867448, 33.42364153572749], [-119.51111777774989, 33.36868830680847], [-119.55153651497109, 33.407448153060024]]]}}, {"type": "Feature", "properties": {"speed": 0.339}, "geometry": {"type": "MultiLineString", "coordinates": [[[-119.3, 33.46], [-119.48494144082069, 33.41764195173979]], [[-119.43104332499453, 33.40244349423942], [-119.48494144082069, 33.41764195173979], [-119.44303110355747, 33.454783890710225]]]}}, {"type": "Feature", "properties": {"speed": 0.451}, "geometry": {"type": "MultiLineString", "coordinates": [[[-119.06, 33.46], [-119.24871156871319, 33.431474170684815]], [[-119.19610621280837, 33.41227321940299], [-119.24871156871319, 33.431474170684815], [-119.20413173023243, 33.465365733071785]]]}}, {"type": "Feature", "properties": {"speed": 0.195}, "geometry": {"type": "MultiLineString", "coordinates": [[[-118.82, 33.46], [-118.88563740223645, 33.37156508028507]], [[-118.83478911518952, 33.395026787477704], [-118.88563740223645, 33.37156508028507], [-118.87790630135221, 33.42702885295803]]]}}, {"type": "Feature", "properties": {"speed": 0.154}, "geometry": {"type": "MultiLineString", "coordinates": [[[-118.58, 33.46], [-118.66561921864748, 33.500475089102984]], [[-118.63266338034339, 33.45519912725042], [-118.66561921864748, 33.500475089102984], [-118.60971469501176, 33.503743764226556]]]}}, {"type": "Feature", "properties": {"speed": 0.355}, "geometry": {"type": "MultiLineString", "coordinates": [[[-118.34, 33.46], [-118.53171743094921, 33.455778110343964]], [[-118.4819936353351, 33.430018759619905], [-118.53171743094921, 33.455778110343964], [-118.4831758033006, 33.48370140501389]]]}}, {"type": "Feature", "properties": {"speed": 0.595}, "geometry": {"type": "MultiLineString", "coordinates": [[[-118.1, 33.46], [-118.27196875810623, 33.53082921266556]], [[-118.23675212219035, 33.487288558619376], [-118.27196875810623, 33.53082921266556], [-118.21630293147655, 33.536937874191146]]]}}, {"type": "Feature", "properties": {"speed": 1.054}, "geometry": {"type": "MultiLineString", "coordinates": [[[-117.86, 33.46], [-118.01653690695763, 33.55244000911713]], [[-117.9878718159045, 33.5043327066058], [-118.01653690695763, 33.55244000911713], [-117.96056819294304, 33.55056836503924]]]}}, {"type": "Feature", "properties": {"speed": 0.366}, "geometry": {"type": "MultiLineString", "coordinates": [[[-126.5, 33.7], [-126.60335245728493, 33.83493207097054]], [[-126.59478259356841, 33.77959169298231], [-126.60335245728493, 33.83493207097054], [-126.55215481779251, 33.81224282879709]]]}}, {"type": "Feature", "properties": {"speed": 0.426}, "geometry": {"type": "MultiLineString", "coordinates": [[[-126.25999999999999, 33.7], [-126.31999368056654, 33.852015775442126]], [[-126.32692603710002, 33.79644651745812], [-126.31999368056654, 33.852015775442126], [-126.27697933054584, 33.81615820033872]]]}}, {"type": "Feature", "properties": {"speed": 0.18}, "geometry": {"type": "MultiLineString", "coordinates": [[[-126.02, 33.7], [-126.01912809568923, 33.79607377648354]], [[-126.04642080718402, 33.74717482046951], [-126.01912809568923, 33.79607377648354], [-125.99272735797005, 33.74668753297501]]]}}, {"type": "Feature", "properties": {"speed": 0.06}, "geometry": {"type": "MultiLineString", "coordinates": [[[-125.78, 33.7], [-125.75370260022581, 33.72330737002194]], [[-125.8082886460503, 33.710802826797746], [-125.75370260022581, 33.72330737002194], [-125.77267335635158, 33.67061856274737]]]}}, {"type": "Feature", "properties": {"speed": 0.159}, "geometry": {"type": "MultiLineString", "coordinates": [[[-125.53999999999999, 33.7], [-125.44562560409307, 33.732520528882745]], [[-125.50083576177832, 33.74189274785], [-125.44562560409307, 33.732520528882745], [-125.48334222992196, 33.69112661464305]]]}}, {"type": "Feature", "properties": {"speed": 0.147}, "geometry": {"type": "MultiLineString", "coordinates": [[[-125.3, 33.7], [-125.21366907209158, 33.66813526004553]], [[-125.25047693722296, 33.71033930090029], [-125.21366907209158, 33.66813526004553], [-125.26906992231707, 33.65996545011552]]]}}, {"type": "Feature", "properties": {"speed": 0.049}, "geometry": {"type": "MultiLineString", "coordinates": [[[-125.06, 33.7], [-125.03456538304687, 33.68470201250166]], [[-125.06284149844473, 33.733038968322305], [-125.03456538304687, 33.68470201250166], [-125.09051717921434, 33.687025050519814]]]}}, {"type": "Feature", "properties": {"speed": 0.229}, "geometry": {"type": "MultiLineString", "coordinates": [[[-124.82, 33.7], [-124.90937538415193, 33.60339020639658]], [[-124.85629401734863, 33.62123309008431], [-124.90937538415193, 33.60339020639658], [-124.895709668178, 33.65769718759532]]]}}, {"type": "Feature", "properties": {"speed": 0.489}, "geometry": {"type": "MultiLineString", "coordinates": [[[-124.58, 33.7], [-124.66486784994602, 33.55642156004906]], [[-124.61674867878638, 33.58506672311212], [-124.66486784994602, 33.55642156004906], [-124.66297302438466, 33.61238949404784]]]}}, {"type": "Feature", "properties": {"speed": 0.379}, "geometry": {"type": "MultiLineString", "coordinates": [[[-124.34, 33.7], [-124.48469969272614, 33.594606404006484]], [[-124.42916865904952, 33.60183857510563], [-124.48469969272614, 33.594606404006484], [-124.46078180932052, 33.64524171632304]]]}}, {"type": "Feature", "properties": {"speed": 0.115}, "geometry": {"type": "MultiLineString", "coordinates": [[[-124.1, 33.7], [-124.16401827931404, 33.66953410282731]], [[-124.10810550958784, 33.66640965382862], [-124.16401827931404, 33.66953410282731], [-124.13117934772758, 33.714894929233594]]]}}, {"type": "Feature", "properties": {"speed": 0.167}, "geometry": {"type": "MultiLineString", "coordinates": [[[-123.86, 33.7], [-123.87035583484918, 33.6112004712224]], [[-123.83799604845804, 33.65690434660206], [-123.87035583484918, 33.6112004712224], [-123.8913302526699, 33.663124201799874]]]}}, {"type": "Feature", "properties": {"speed": 0.143}, "geometry": {"type": "MultiLineString", "coordinates": [[[-123.61999999999999, 33.7], [-123.63155640464275, 33.624413412809375]], [[-123.59758956981649, 33.66893592545057], [-123.63155640464275, 33.624413412809375], [-123.65066844802139, 33.67705113500452]]]}}, {"type": "Feature", "properties": {"speed": 0.114}, "geometry": {"type": "MultiLineString", "coordinates": [[[-123.38, 33.7], [-123.43311918258667, 33.65809355378151]], [[-123.37790707611404, 33.66745428552936], [-123.43311918258667, 33.65809355378151], [-123.41116473831005, 33.70961056433633]]]}}, {"type": "Feature", "properties": {"speed": 0.201}, "geometry": {"type": "MultiLineString", "coordinates": [[[-123.13999999999999, 33.7], [-123.1067227230966, 33.59664556086064]], [[-123.09622863600362, 33.65165350697831], [-123.1067227230966, 33.59664556086064], [-123.14734033423417, 33.635196950789876]]]}}, {"type": "Feature", "properties": {"speed": 0.305}, "geometry": {"type": "MultiLineString", "coordinates": [[[-122.89999999999999, 33.7], [-122.91541173178702, 33.54051458537579]], [[-122.88396135743048, 33.586848956557816], [-122.91541173178702, 33.54051458537579], [-122.93740805095075, 33.59201373044876]]]}}, {"type": "Feature", "properties": {"speed": 0.22}, "geometry": {"type": "MultiLineString", "coordinates": [[[-122.66, 33.7], [-122.60472728669643, 33.591846604645255]], [[-122.60318497463435, 33.6478253619868], [-122.60472728669643, 33.591846604645255], [-122.65099847200143, 33.62338986716629]]]}}, {"type": "Feature", "properties": {"speed": 0.078}, "geometry": {"type": "MultiLineString", "coordinates": [[[-122.41999999999999, 33.7], [-122.46953695461153, 33.70569100072608]], [[-122.42377769857085, 33.67340957438517], [-122.46953695461153, 33.70569100072608], [-122.41764923944385, 33.726754357882]]]}}, {"type": "Feature", "properties": {"speed": 0.174}, "geometry": {"type": "MultiLineString", "coordinates": [[[-122.17999999999999, 33.7], [-122.20253099530935, 33.79069969505072]], [[-122.21673884106792, 33.73653201909079], [-122.20253099530935, 33.79069969505072], [-122.16462699949936, 33.74947728486358]]]}}, {"type": "Feature", "properties": {"speed": 0.188}, "geometry": {"type": "MultiLineString", "coordinates": [[[-121.94, 33.7], [-121.89640536770224, 33.79328638017178]], [[-121.9415347679524, 33.76013012536126], [-121.89640536770224, 33.79328638017178], [-121.89288886033191, 33.73739689837141]]]}}, {"type": "Feature", "properties": {"speed": 0.31}, "geometry": {"type": "MultiLineString", "coordinates": [[[-121.69999999999999, 33.7], [-121.62463040351867, 33.55279877483845]], [[-121.62313063892786, 33.60877868825543], [-121.62463040351867, 33.55279877483845], [-121.67092555012444, 33.584306859527146]]]}}, {"type": "Feature", "properties": {"speed": 0.452}, "geometry": {"type": "MultiLineString", "coordinates": [[[-121.46, 33.7], [-121.48801146544515, 33.858293753862384]], [[-121.50588503145921, 33.805222710553046], [-121.48801146544515, 33.858293753862384], [-121.45301085129834, 33.814579259591646]]]}}, {"type": "Feature", "properties": {"speed": 0.243}, "geometry": {"type": "MultiLineString", "coordinates": [[[-121.22, 33.7], [-121.14883076518774, 33.81538865417242]], [[-121.19748055987706, 33.78765424455754], [-121.14883076518774, 33.81538865417242], [-121.15177866046669, 33.75946629805768]]]}}, {"type": "Feature", "properties": {"speed": 0.321}, "geometry": {"type": "MultiLineString", "coordinates": [[[-120.97999999999999, 33.7], [-120.84509512364863, 33.81403235048056]], [[-120.8999593288712, 33.80281098758224], [-120.84509512364863, 33.81403235048056], [-120.86529592895107, 33.76180278543227]]]}}, {"type": "Feature", "properties": {"speed": 0.207}, "geometry": {"type": "MultiLineString", "coordinates": [[[-120.74, 33.7], [-120.70895085461437, 33.807149675488475]], [[-120.74841597481475, 33.767419280479494], [-120.70895085461437, 33.807149675488475], [-120.69684197544498, 33.7524744978915]]]}}, {"type": "Feature", "properties": {"speed": 0.156}, "geometry": {"type": "MultiLineString", "coordinates": [[[-120.5, 33.7], [-120.501002509729, 33.78308736979962]], [[-120.5272554632507, 33.73362240814606], [-120.501002509729, 33.78308736979962], [-120.47356371105653, 33.734270238304504]]]}}, {"type": "Feature", "properties": {"speed": 0.128}, "geometry": {"type": "MultiLineString", "coordinates": [[[-120.25999999999999, 33.7], [-120.20587629660963, 33.64893230125308]], [[-120.22319629741824, 33.70218657405809], [-120.20587629660963, 33.64893230125308], [-120.26004625836661, 33.66313142950966]]]}}, {"type": "Feature", "properties": {"speed": 0.166}, "geometry": {"type": "MultiLineString", "coordinates": [[[-120.02, 33.7], [-120.08655664741993, 33.63104074150324]], [[-120.03310979243862, 33.64775701179921], [-120.08655664741993, 33.63104074150324], [-120.0717454448604, 33.68504655858567]]]}}, {"type": "Feature", "properties": {"speed": 0.313}, "geometry": {"type": "MultiLineString", "coordinates": [[[-119.78, 33.7], [-119.89350393295288, 33.57083746492863]], [[-119.84089591423725, 33.59003111926584], [-119.89350393295288, 33.57083746492863], [-119.88123060235087, 33.62547596194249]]]}}, {"type": "Feature", "properties": {"speed": 0.288}, "geometry": {"type": "MultiLineString", "coordinates": [[[-119.53999999999999, 33.7], [-119.46054445296525, 33.56133681237698]], [[-119.46168331876885, 33.617325230685424], [-119.46054445296525, 33.56133681237698], [-119.50827241427685, 33.59062916136163]]]}}, {"type": "Feature", "properties": {"speed": 0.113}, "geometry": {"type": "MultiLineString", "coordinates": [[[-119.3, 33.7], [-119.37005158811807, 33.71557261962444]], [[-119.32790416348263, 33.67869993872652], [-119.37005158811807, 33.71557261962444], [-119.31625194629346, 33.73111606002685]]]}}, {"type": "Feature", "properties": {"speed": 0.085}, "geometry": {"type": "MultiLineString", "coordinates": [[[-119.06, 33.7], [-119.11118687823415, 33.71555223762989]], [[-119.07196969761294, 33.675577086046395], [-119.11118687823415, 33.71555223762989], [-119.05635981494406, 33.72695369065062]]]}}, {"type": "Feature", "properties": {"speed": 0.115}, "geometry": {"type": "MultiLineString", "coordinates": [[[-118.82, 33.7], [-118.76982582330703, 33.65522302016616]], [[-118.78861608875185, 33.7079764648358], [-118.76982582330703, 33.65522302016616], [-118.82436874009292, 33.667914364795]]]}}, {"type": "Feature", "properties": {"speed": 0.334}, "geometry": {"type": "MultiLineString", "coordinates": [[[-118.58, 33.7], [-118.7692736852169, 33.72835727669299]], [[-118.72464949427138, 33.694524133438826], [-118.7692736852169, 33.72835727669299], [-118.7166935235783, 33.74762711327919]]]}}, {"type": "Feature", "properties": {"speed": 0.983}, "geometry": {"type": "MultiLineString", "coordinates": [[[-118.34, 33.7], [-118.53213996827603, 33.69311120249331]], [[-118.48206494295934, 33.66804146297466], [-118.53213996827603, 33.69311120249331], [-118.48398885822937, 33.72170264529138]]]}}, {"type": "Feature", "properties": {"speed": 0.385}, "geometry": {"type": "MultiLineString", "coordinates": [[[-118.1, 33.7], [-118.23566841185092, 33.81340364068747]], [[-118.21518049248617, 33.76128603176204], [-118.23566841185092, 33.81340364068747], [-118.1807432860674, 33.802484366093246]]]}}, {"type": "Feature", "properties": {"speed": 0.204}, "geometry": {"type": "MultiLineString", "coordinates": [[[-126.5, 33.94], [-126.48790980502963, 34.04843941569328]], [[-126.52003782953544, 34.002572324643666], [-126.48790980502963, 34.04843941569328], [-126.46667282447731, 33.99662252021487]]]}}, {"type": "Feature", "properties": {"speed": 0.268}, "geometry": {"type": "MultiLineString", "coordinates": [[[-126.25999999999999, 33.94], [-126.13995917350053, 34.042798774838445]], [[-126.19475008630336, 34.031224844035435], [-126.13995917350053, 34.042798774838445], [-126.1598237030776, 33.9904403899829]]]}}, {"type": "Feature", "properties": {"speed": 0.232}, "geometry": {"type": "MultiLineString", "coordinates": [[[-126.02, 33.94], [-125.8882392090559, 33.99766012519598]], [[-125.94402499322956, 34.00255361925745], [-125.8882392090559, 33.99766012519598], [-125.92249813014665, 33.95336197257425]]]}}, {"type": "Feature", "properties": {"speed": 0.289}, "geometry": {"type": "MultiLineString", "coordinates": [[[-125.78, 33.94], [-125.6030128288269, 33.986013973653314]], [[-125.65733173048763, 33.999632230603915], [-125.6030128288269, 33.986013973653314], [-125.64382082473401, 33.9476641696115]]]}}, {"type": "Feature", "properties": {"speed": 0.307}, "geometry": {"type": "MultiLineString", "coordinates": [[[-125.53999999999999, 33.94], [-125.3512102895975, 33.9726933003962]], [[-125.40421532415327, 33.99076167917633], [-125.3512102895975, 33.9726933003962], [-125.3950530484766, 33.93785348848699]]]}}, {"type": "Feature", "properties": {"speed": 0.292}, "geometry": {"type": "MultiLineString", "coordinates": [[[-125.3, 33.94], [-125.1134559392929, 33.95708461344242]], [[-125.16484435026564, 33.97933840452837], [-125.1134559392929, 33.95708461344242], [-125.15994713573718, 33.925866531291526]]]}}, {"type": "Feature", "properties": {"speed": 0.164}, "geometry": {"type": "MultiLineString", "coordinates": [[[-125.06, 33.94], [-124.95695733040571, 33.92035518079996]], [[-125.00020455757337, 33.95593154011775], [-124.95695733040571, 33.92035518079996], [-125.01026038107783, 33.90318588293878]]]}}, {"type": "Feature", "properties": {"speed": 0.061}, "geometry": {"type": "MultiLineString", "coordinates": [[[-124.82, 33.94], [-124.78817116439342, 33.920919355526564]], [[-124.81651782720131, 33.969214973419454], [-124.78817116439342, 33.920919355526564], [-124.84412629282242, 33.923160694968445]]]}}, {"type": "Feature", "properties": {"speed": 0.184}, "geometry": {"type": "MultiLineString", "coordinates": [[[-124.58, 33.94], [-124.59866995543241, 33.84318763256073]], [[-124.56300193228783, 33.8863592913771], [-124.59866995543241, 33.84318763256073], [-124.61572613854163, 33.89652698592899]]]}}, {"type": "Feature", "properties": {"speed": 0.51}, "geometry": {"type": "MultiLineString", "coordinates": [[[-124.34, 33.94], [-124.45102078855038, 33.8091695779562]], [[-124.39875243433455, 33.82926980550636], [-124.45102078855038, 33.8091695779562], [-124.43969383451513, 33.864012080746306]]]}}, {"type": "Feature", "properties": {"speed": 0.414}, "geometry": {"type": "MultiLineString", "coordinates": [[[-124.1, 33.94], [-124.26666384041309, 33.85948954761028]], [[-124.21073378988905, 33.85669143246297], [-124.26666384041309, 33.85948954761028], [-124.23409017243901, 33.90504123423893]]]}}, {"type": "Feature", "properties": {"speed": 0.199}, "geometry": {"type": "MultiLineString", "coordinates": [[[-123.86, 33.94], [-123.97227432638407, 33.99098920688033]], [[-123.93862968505444, 33.946222722656074], [-123.97227432638407, 33.99098920688033], [-123.916426351527, 33.995112761701506]]]}}, {"type": "Feature", "properties": {"speed": 0.165}, "geometry": {"type": "MultiLineString", "coordinates": [[[-123.61999999999999, 33.94], [-123.70223874866961, 33.99526633560657]], [[-123.67642409760253, 33.94557122729313], [-123.70223874866961, 33.99526633560657], [-123.64647404144024, 33.990138233850345]]]}}, {"type": "Feature", "properties": {"speed": 0.055}, "geometry": {"type": "MultiLineString", "coordinates": [[[-123.38, 33.94], [-123.35572454251349, 33.961102329716084]], [[-123.41042822303868, 33.94912287492893], [-123.35572454251349, 33.961102329716084], [-123.37520070362352, 33.90859824274739]]]}}, {"type": "Feature", "properties": {"speed": 0.339}, "geometry": {"type": "MultiLineString", "coordinates": [[[-123.13999999999999, 33.94], [-123.15463092863558, 33.7804610902071]], [[-123.12340718889517, 33.826948487172544], [-123.15463092863558, 33.7804610902071], [-123.17687846576169, 33.83185220901009]]]}}, {"type": "Feature", "properties": {"speed": 0.394}, "geometry": {"type": "MultiLineString", "coordinates": [[[-122.89999999999999, 33.94], [-122.94158516973256, 33.78376379847526]], [[-122.90299999498092, 33.82434931669771], [-122.94158516973256, 33.78376379847526], [-122.9548890468295, 33.83816055255296]]]}}, {"type": "Feature", "properties": {"speed": 0.207}, "geometry": {"type": "MultiLineString", "coordinates": [[[-122.66, 33.94], [-122.77850982904434, 33.88921578094363]], [[-122.72276313064131, 33.88389547858732], [-122.77850982904434, 33.88921578094363], [-122.74391287928941, 33.93325043851758]]]}}, {"type": "Feature", "properties": {"speed": 0.053}, "geometry": {"type": "MultiLineString", "coordinates": [[[-122.41999999999999, 33.94], [-122.45383575007318, 33.941502931467255]], [[-122.40593090033462, 33.91250076996977], [-122.45383575007318, 33.941502931467255], [-122.40354817190033, 33.96614353782158]]]}}, {"type": "Feature", "properties": {"speed": 0.162}, "geometry": {"type": "MultiLineString", "coordinates": [[[-122.17999999999999, 33.94], [-122.25652891427278, 33.998338213711975]], [[-122.233721547993, 33.9471930864428], [-122.25652891427278, 33.998338213711975], [-122.20116890106972, 33.98989612047884]]]}}, {"type": "Feature", "properties": {"speed": 0.014}, "geometry": {"type": "MultiLineString", "coordinates": [[[-121.94, 33.94], [-121.94398754421621, 33.94649263523519]], [[-121.94114568368656, 33.89056479039266], [-121.94398754421621, 33.94649263523519], [-121.89539042174125, 33.91866603488311]]]}}, {"type": "Feature", "properties": {"speed": 0.089}, "geometry": {"type": "MultiLineString", "coordinates": [[[-121.69999999999999, 33.94], [-121.746525105834, 33.91234583832323]], [[-121.69056196853593, 33.91437740514673], [-121.746525105834, 33.91234583832323], [-121.71799759824391, 33.96053485481763]]]}}, {"type": "Feature", "properties": {"speed": 0.293}, "geometry": {"type": "MultiLineString", "coordinates": [[[-121.46, 33.94], [-121.38915733903646, 34.084896566867826]], [[-121.43486260846262, 34.052538749471076], [-121.38915733903646, 34.084896566867826], [-121.38662383702666, 34.02895390544055]]]}}, {"type": "Feature", "properties": {"speed": 0.213}, "geometry": {"type": "MultiLineString", "coordinates": [[[-121.22, 33.94], [-121.14567086219787, 34.03558254480362]], [[-121.1970332689194, 34.013268800703344], [-121.14567086219787, 34.03558254480362], [-121.15464572076164, 33.980306402447624]]]}}, {"type": "Feature", "properties": {"speed": 0.192}, "geometry": {"type": "MultiLineString", "coordinates": [[[-120.97999999999999, 33.94], [-120.87476796239613, 33.99370085686445]], [[-120.93074579299301, 33.99527644617261], [-120.87476796239613, 33.99370085686445], [-120.9063387260319, 33.94744843116099]]]}}, {"type": "Feature", "properties": {"speed": 0.284}, "geometry": {"type": "MultiLineString", "coordinates": [[[-120.74, 33.94], [-120.60961288750171, 34.045921410024164]], [[-120.66468561124017, 34.03577275986626], [-120.60961288750171, 34.045921410024164], [-120.6308290124852, 33.994095971862144]]]}}, {"type": "Feature", "properties": {"speed": 0.29}, "geometry": {"type": "MultiLineString", "coordinates": [[[-120.5, 33.94], [-120.45117436349392, 34.089000138044355]], [[-120.49199076278316, 34.05065927799843], [-120.45117436349392, 34.089000138044355], [-120.4409648368859, 34.033938667246346]]]}}, {"type": "Feature", "properties": {"speed": 0.222}, "geometry": {"type": "MultiLineString", "coordinates": [[[-120.25999999999999, 33.94], [-120.11767538845538, 33.94421874504536]], [[-120.16759390238862, 33.96959869710792], [-120.11767538845538, 33.94421874504536], [-120.16600296989547, 33.91592661058804]]]}}, {"type": "Feature", "properties": {"speed": 0.091}, "geometry": {"type": "MultiLineString", "coordinates": [[[-119.78, 33.94], [-119.7773489434924, 33.89160834491253]], [[-119.75322958652589, 33.942147998844085], [-119.7773489434924, 33.89160834491253], [-119.80684485167298, 33.93921077552907]]]}}, {"type": "Feature", "properties": {"speed": 0.278}, "geometry": {"type": "MultiLineString", "coordinates": [[[-119.53999999999999, 33.94], [-119.37126020431518, 33.89128173008561]], [[-119.41102901140177, 33.93070814233565], [-119.37126020431518, 33.89128173008561], [-119.42592356442917, 33.879119614272625]]]}}, {"type": "Feature", "properties": {"speed": 0.32}, "geometry": {"type": "MultiLineString", "coordinates": [[[-119.3, 33.94], [-119.10757853388786, 33.929231419749556]], [[-119.1551462278602, 33.95878331461525], [-119.10757853388786, 33.929231419749556], [-119.15814653070153, 33.90517154239632]]]}}, {"type": "Feature", "properties": {"speed": 0.712}, "geometry": {"type": "MultiLineString", "coordinates": [[[-119.06, 33.94], [-118.8872820264101, 33.86881178855896]], [[-118.92248779592201, 33.91236122934842], [-118.8872820264101, 33.86881178855896], [-118.94294937568618, 33.862717018294674]]]}}, {"type": "Feature", "properties": {"speed": 0.236}, "geometry": {"type": "MultiLineString", "coordinates": [[[-118.82, 33.94], [-118.85830632939934, 33.81804102897644]], [[-118.81796565259145, 33.85688211282693], [-118.85830632939934, 33.81804102897644], [-118.86919381377844, 33.87297246518463]]]}}, {"type": "Feature", "properties": {"speed": 0.464}, "geometry": {"type": "MultiLineString", "coordinates": [[[-118.58, 33.94], [-118.74333651542663, 34.025074499249456]], [[-118.71215215458218, 33.97856067723144], [-118.74333651542663, 34.025074499249456], [-118.68734750173468, 34.02618370878876]]]}}, {"type": "Feature", "properties": {"speed": 0.127}, "geometry": {"type": "MultiLineString", "coordinates": [[[-126.5, 34.18], [-126.51050410605967, 34.11305115401745]], [[-126.47636327237196, 34.15744038103378], [-126.51050410605967, 34.11305115401745], [-126.52940998146623, 34.16576327667545]]]}}, {"type": "Feature", "properties": {"speed": 0.374}, "geometry": {"type": "MultiLineString", "coordinates": [[[-126.25999999999999, 34.18], [-126.06900213122367, 34.20516827918589]], [[-126.1212330447255, 34.225365597690185], [-126.06900213122367, 34.20516827918589], [-126.1142180717186, 34.17213013872431]]]}}, {"type": "Feature", "properties": {"speed": 0.61}, "geometry": {"type": "MultiLineString", "coordinates": [[[-126.02, 34.18], [-125.82789358913898, 34.19851461455226]], [[-125.87938712632013, 34.220524058629145], [-125.82789358913898, 34.19851461455226], [-125.87423597459771, 34.16707605049481]]]}}, {"type": "Feature", "properties": {"speed": 0.69}, "geometry": {"type": "MultiLineString", "coordinates": [[[-125.78, 34.18], [-125.58888079106808, 34.204529771879315]], [[-125.64104339247848, 34.22490286722831], [-125.58888079106808, 34.204529771879315], [-125.6342077334971, 34.17164408669509]]]}}, {"type": "Feature", "properties": {"speed": 0.487}, "geometry": {"type": "MultiLineString", "coordinates": [[[-125.53999999999999, 34.18], [-125.352798589468, 34.22020071029663]], [[-125.40648473418545, 34.23613174495782], [-125.352798589468, 34.22020071029663], [-125.39521084067736, 34.183632951993]]]}}, {"type": "Feature", "properties": {"speed": 0.421}, "geometry": {"type": "MultiLineString", "coordinates": [[[-125.3, 34.18], [-125.11468400359153, 34.22579059407115]], [[-125.16883398853676, 34.24006571685284], [-125.11468400359153, 34.22579059407115], [-125.15595346694552, 34.18793783466746]]]}}, {"type": "Feature", "properties": {"speed": 0.445}, "geometry": {"type": "MultiLineString", "coordinates": [[[-125.06, 34.18], [-124.87525380909443, 34.22734010994434]], [[-124.92952461618835, 34.241148784658975], [-124.87525380909443, 34.22734010994434], [-124.91619605041961, 34.189133659242]]]}}, {"type": "Feature", "properties": {"speed": 0.359}, "geometry": {"type": "MultiLineString", "coordinates": [[[-124.82, 34.18], [-124.6492521238327, 34.25514530420303]], [[-124.70504797518042, 34.25992264367008], [-124.6492521238327, 34.25514530420303], [-124.68341874351984, 34.210775921751235]]]}}, {"type": "Feature", "properties": {"speed": 0.33}, "geometry": {"type": "MultiLineString", "coordinates": [[[-124.58, 34.18], [-124.40105465233326, 34.24070380657911]], [[-124.45621920076454, 34.25034084950595], [-124.40105465233326, 34.24070380657911], [-124.43896947705514, 34.19949135619929]]]}}, {"type": "Feature", "properties": {"speed": 0.157}, "geometry": {"type": "MultiLineString", "coordinates": [[[-124.34, 34.18], [-124.24836777538061, 34.144096672832966]], [[-124.28433083502638, 34.187022869274244], [-124.24836777538061, 34.144096672832966], [-124.3039198482268, 34.13702792453551]]]}}, {"type": "Feature", "properties": {"speed": 0.243}, "geometry": {"type": "MultiLineString", "coordinates": [[[-124.1, 34.18], [-124.0963025576435, 34.05020115554333]], [[-124.07086497693147, 34.100090327590166], [-124.0963025576435, 34.05020115554333], [-124.12453886486259, 34.09856137633097]]]}}, {"type": "Feature", "properties": {"speed": 0.285}, "geometry": {"type": "MultiLineString", "coordinates": [[[-123.86, 34.18], [-123.93302875816822, 34.04053183674812]], [[-123.88644720031864, 34.071614926496515], [-123.93302875816822, 34.04053183674812], [-123.93401615319262, 34.09652313117025]]]}}, {"type": "Feature", "properties": {"speed": 0.467}, "geometry": {"type": "MultiLineString", "coordinates": [[[-123.61999999999999, 34.18], [-123.74825977802276, 34.060244217813015]], [[-123.69401628143525, 34.07415978743704], [-123.74825977802276, 34.060244217813015], [-123.73066143981387, 34.11340716066126]]]}}, {"type": "Feature", "properties": {"speed": 0.095}, "geometry": {"type": "MultiLineString", "coordinates": [[[-123.38, 34.18], [-123.40386991307139, 34.133231163322925]], [[-123.35761569100775, 34.1647992950587], [-123.40386991307139, 34.133231163322925], [-123.40544231713451, 34.18920908348313]]]}}, {"type": "Feature", "properties": {"speed": 0.204}, "geometry": {"type": "MultiLineString", "coordinates": [[[-123.13999999999999, 34.18], [-123.06806669324635, 34.08906501561403]], [[-123.07749974232976, 34.144264812579145], [-123.06806669324635, 34.08906501561403], [-123.11961241893091, 34.110951956095775]]]}}, {"type": "Feature", "properties": {"speed": 0.278}, "geometry": {"type": "MultiLineString", "coordinates": [[[-122.89999999999999, 34.18], [-122.91502441149204, 34.032368861436844]], [[-122.88333879931866, 34.07854268498654], [-122.91502441149204, 34.032368861436844], [-122.93675853494662, 34.08397920805127]]]}}, {"type": "Feature", "properties": {"speed": 0.198}, "geometry": {"type": "MultiLineString", "coordinates": [[[-122.66, 34.18], [-122.7371977379918, 34.095627017617225]], [[-122.68421534526088, 34.11376168222693], [-122.7371977379918, 34.095627017617225], [-122.72383102311717, 34.15000836491076]]]}}, {"type": "Feature", "properties": {"speed": 0.139}, "geometry": {"type": "MultiLineString", "coordinates": [[[-122.41999999999999, 34.18], [-122.50615208417176, 34.20023001201451]], [[-122.46444618752886, 34.16285865687167], [-122.50615208417176, 34.20023001201451], [-122.45217138103166, 34.215132484577815]]]}}, {"type": "Feature", "properties": {"speed": 0.008}, "geometry": {"type": "MultiLineString", "coordinates": [[[-122.17999999999999, 34.18], [-122.18189313967711, 34.184247188568115]], [[-122.18640714349469, 34.12842941568586], [-122.18189313967711, 34.184247188568115], [-122.13736303003144, 34.15029031393361]]]}}, {"type": "Feature", "properties": {"speed": 0.056}, "geometry": {"type": "MultiLineString", "coordinates": [[[-121.94, 34.18], [-121.9155689818412, 34.201855076774955]], [[-121.97009681502418, 34.189099081777705], [-121.9155689818412, 34.201855076774955], [-121.93429669617142, 34.14907939377638]]]}}, {"type": "Feature", "properties": {"speed": 0.156}, "geometry": {"type": "MultiLineString", "coordinates": [[[-121.69999999999999, 34.18], [-121.73883936256169, 34.25694095373154]], [[-121.74066039842171, 34.200970570238155], [-121.73883936256169, 34.25694095373154], [-121.69272581871768, 34.225167677631234]]]}}, {"type": "Feature", "properties": {"speed": 0.265}, "geometry": {"type": "MultiLineString", "coordinates": [[[-121.46, 34.18], [-121.5295996209979, 34.30896203994751]], [[-121.5298855665954, 34.25296276999588], [-121.5295996209979, 34.30896203994751], [-121.48263235722887, 34.27846489034218]]]}}, {"type": "Feature", "properties": {"speed": 0.102}, "geometry": {"type": "MultiLineString", "coordinates": [[[-121.22, 34.18], [-121.28389581412077, 34.19192371081561]], [[-121.24051027499387, 34.156516155200066], [-121.28389581412077, 34.19192371081561], [-121.23066007659573, 34.20930059920692]]]}}, {"type": "Feature", "properties": {"speed": 0.112}, "geometry": {"type": "MultiLineString", "coordinates": [[[-120.97999999999999, 34.18], [-120.96792989086359, 34.120863635391]], [[-120.95145250878404, 34.17438462080611], [-120.96792989086359, 34.120863635391], [-121.00406347963649, 34.16364638614864]]]}}, {"type": "Feature", "properties": {"speed": 0.239}, "geometry": {"type": "MultiLineString", "coordinates": [[[-120.74, 34.18], [-120.75011695154011, 34.30710827589035]], [[-120.77298089691965, 34.25598841671917], [-120.75011695154011, 34.30710827589035], [-120.7194545157099, 34.26024875146939]]]}}, {"type": "Feature", "properties": {"speed": 0.387}, "geometry": {"type": "MultiLineString", "coordinates": [[[-120.5, 34.18], [-120.5042087296024, 34.339962102770805]], [[-120.52975468513844, 34.290128337553334], [-120.5042087296024, 34.339962102770805], [-120.47607760078989, 34.29154062415094]]]}}, {"type": "Feature", "properties": {"speed": 0.544}, "geometry": {"type": "MultiLineString", "coordinates": [[[-120.25999999999999, 34.18], [-120.14690277189015, 34.05020778656006]], [[-120.15894711195295, 34.10489721764552], [-120.14690277189015, 34.05020778656006], [-120.1994299260328, 34.06962164958814]]]}}, {"type": "Feature", "properties": {"speed": 0.3}, "geometry": {"type": "MultiLineString", "coordinates": [[[-120.02, 34.18], [-119.84433639466762, 34.1130567792058]], [[-119.88069871217208, 34.15564529720896], [-119.84433639466762, 34.1130567792058], [-119.89982004084762, 34.10546961856605]]]}}, {"type": "Feature", "properties": {"speed": 0.272}, "geometry": {"type": "MultiLineString", "coordinates": [[[-119.78, 34.18], [-119.6140042680502, 34.13348911359906]], [[-119.65408278533752, 34.172600652204046], [-119.6140042680502, 34.13348911359906], [-119.6685700082636, 34.120896258681974]]]}}, {"type": "Feature", "properties": {"speed": 0.156}, "geometry": {"type": "MultiLineString", "coordinates": [[[-119.53999999999999, 34.18], [-119.51841083444654, 34.09869442164898]], [[-119.50507457500319, 34.15308324572212], [-119.51841083444654, 34.09869442164898], [-119.55697184007302, 34.1393029040766]]]}}, {"type": "Feature", "properties": {"speed": 0.083}, "geometry": {"type": "MultiLineString", "coordinates": [[[-119.3, 34.18], [-119.2479550793767, 34.16889386374503]], [[-119.29041451831147, 34.20540682097045], [-119.2479550793767, 34.16889386374503], [-119.30162060621373, 34.15289351283317]]]}}, {"type": "Feature", "properties": {"speed": 0.425}, "geometry": {"type": "MultiLineString", "coordinates": [[[-126.5, 34.42], [-126.65942597389221, 34.32887201577425]], [[-126.60343637714753, 34.32995139354298], [-126.65942597389221, 34.32887201577425], [-126.63008293074046, 34.37656882718334]]]}}, {"type": "Feature", "properties": {"speed": 0.212}, "geometry": {"type": "MultiLineString", "coordinates": [[[-126.25999999999999, 34.42], [-126.35330670535564, 34.33690343618393]], [[-126.2987506908137, 34.349538359108166], [-126.35330670535564, 34.33690343618393], [-126.33446188593568, 34.38963741745815]]]}}, {"type": "Feature", "properties": {"speed": 0.079}, "geometry": {"type": "MultiLineString", "coordinates": [[[-126.02, 34.42], [-126.01362428998574, 34.37844735205174]], [[-125.99454039722131, 34.431095286835124], [-126.01362428998574, 34.37844735205174], [-126.04761492825045, 34.422951694652845]]]}}, {"type": "Feature", "properties": {"speed": 0.126}, "geometry": {"type": "MultiLineString", "coordinates": [[[-125.78, 34.42], [-125.76817258514464, 34.48670801341534]], [[-125.80318771438293, 34.443005144808964], [-125.76817258514464, 34.48670801341534], [-125.75031664432723, 34.433631037450944]]]}}, {"type": "Feature", "properties": {"speed": 0.211}, "geometry": {"type": "MultiLineString", "coordinates": [[[-125.53999999999999, 34.42], [-125.64386990755796, 34.4926483091712]], [[-125.61898562366592, 34.44248086539358], [-125.64386990755796, 34.4926483091712], [-125.58821042327037, 34.48648212649151]]]}}, {"type": "Feature", "properties": {"speed": 0.203}, "geometry": {"type": "MultiLineString", "coordinates": [[[-125.3, 34.42], [-125.38787654340267, 34.500726832151415]], [[-125.36984788174898, 34.447708275409674], [-125.38787654340267, 34.500726832151415], [-125.3335220387849, 34.48725137936654]]]}}, {"type": "Feature", "properties": {"speed": 0.208}, "geometry": {"type": "MultiLineString", "coordinates": [[[-125.06, 34.42], [-124.95644424617291, 34.4911040571332]], [[-125.012154931649, 34.485419030855], [-124.95644424617291, 34.4911040571332], [-124.98176107333616, 34.44115349895427]]]}}, {"type": "Feature", "properties": {"speed": 0.33}, "geometry": {"type": "MultiLineString", "coordinates": [[[-124.82, 34.42], [-124.64758617401122, 34.493290415108206]], [[-124.70331715966024, 34.49877286333761], [-124.64758617401122, 34.493290415108206], [-124.68231107517646, 34.44935658714996]]]}}, {"type": "Feature", "properties": {"speed": 0.461}, "geometry": {"type": "MultiLineString", "coordinates": [[[-124.58, 34.42], [-124.4070678371191, 34.492454638779165]], [[-124.46276965417408, 34.49822591045649], [-124.4070678371191, 34.492454638779165], [-124.44202001497686, 34.44870140732137]]]}}, {"type": "Feature", "properties": {"speed": 0.499}, "geometry": {"type": "MultiLineString", "coordinates": [[[-124.34, 34.42], [-124.1567310655117, 34.47238461866975]], [[-124.2113618343818, 34.48469230296301], [-124.1567310655117, 34.47238461866975], [-124.19660475512653, 34.43306428199137]]]}}, {"type": "Feature", "properties": {"speed": 0.402}, "geometry": {"type": "MultiLineString", "coordinates": [[[-124.1, 34.42], [-123.90620223283767, 34.42652404827997]], [[-123.95622233189843, 34.451703200171], [-123.90620223283767, 34.42652404827997], [-123.95441573343832, 34.39803794008965]]]}}, {"type": "Feature", "properties": {"speed": 0.296}, "geometry": {"type": "MultiLineString", "coordinates": [[[-123.86, 34.42], [-123.67063124537468, 34.3969505802542]], [[-123.71617192460683, 34.429539635703456], [-123.67063124537468, 34.3969505802542], [-123.72265972395745, 34.37623736185721]]]}}, {"type": "Feature", "properties": {"speed": 0.322}, "geometry": {"type": "MultiLineString", "coordinates": [[[-123.61999999999999, 34.42], [-123.44742851972579, 34.34696249485016]], [[-123.48222240694939, 34.3908417087432], [-123.44742851972579, 34.34696249485016], [-123.50315082255, 34.34139248874891]]]}}, {"type": "Feature", "properties": {"speed": 0.166}, "geometry": {"type": "MultiLineString", "coordinates": [[[-123.38, 34.42], [-123.32300476834178, 34.34491472512484]], [[-123.33133359006577, 34.40029189306154], [-123.32300476834178, 34.34491472512484], [-123.37410312996398, 34.36782667483511]]]}}, {"type": "Feature", "properties": {"speed": 0.037}, "geometry": {"type": "MultiLineString", "coordinates": [[[-123.13999999999999, 34.42], [-123.11784370183943, 34.412948242928834]], [[-123.15653115876711, 34.453436274203135], [-123.11784370183943, 34.412948242928834], [-123.17281612757495, 34.402269647105754]]]}}, {"type": "Feature", "properties": {"speed": 0.101}, "geometry": {"type": "MultiLineString", "coordinates": [[[-122.89999999999999, 34.42], [-122.8798327665776, 34.3687027078867]], [[-122.87282777221046, 34.4242628559599], [-122.8798327665776, 34.3687027078867], [-122.92280020448366, 34.40461648351371]]]}}, {"type": "Feature", "properties": {"speed": 0.067}, "geometry": {"type": "MultiLineString", "coordinates": [[[-122.66, 34.42], [-122.67697338744998, 34.38712735667825]], [[-122.63057084976153, 34.418477069532955], [-122.67697338744998, 34.38712735667825], [-122.67828186308807, 34.44311206790823]]]}}, {"type": "Feature", "properties": {"speed": 0.115}, "geometry": {"type": "MultiLineString", "coordinates": [[[-122.41999999999999, 34.42], [-122.47867606773971, 34.45761982917786]], [[-122.45179523157137, 34.40849325137225], [-122.47867606773971, 34.45761982917786], [-122.42281370016796, 34.45369606959312]]]}}, {"type": "Feature", "properties": {"speed": 0.124}, "geometry": {"type": "MultiLineString", "coordinates": [[[-122.17999999999999, 34.42], [-122.25878109067678, 34.408598183728756]], [[-122.20629765328378, 34.38906644546983], [-122.25878109067678, 34.408598183728756], [-122.2139887774057, 34.442208430259036]]]}}, {"type": "Feature", "properties": {"speed": 0.22}, "geometry": {"type": "MultiLineString", "coordinates": [[[-121.94, 34.42], [-122.07738250732422, 34.39033795155585]], [[-122.02367869329467, 34.374466582406335], [-122.07738250732422, 34.39033795155585], [-122.03501091614164, 34.42695281548646]]]}}, {"type": "Feature", "properties": {"speed": 0.129}, "geometry": {"type": "MultiLineString", "coordinates": [[[-121.69999999999999, 34.42], [-121.78005739003419, 34.438859267234804]], [[-121.73837821938706, 34.401458107705075], [-121.78005739003419, 34.438859267234804], [-121.72606604748444, 34.45372314726916]]]}}, {"type": "Feature", "properties": {"speed": 0.101}, "geometry": {"type": "MultiLineString", "coordinates": [[[-121.46, 34.42], [-121.4182392014563, 34.461657108813526]], [[-121.47199353685187, 34.44595770034759], [-121.4182392014563, 34.461657108813526], [-121.43407219611821, 34.40794196867561]]]}}, {"type": "Feature", "properties": {"speed": 0.158}, "geometry": {"type": "MultiLineString", "coordinates": [[[-121.22, 34.42], [-121.25508228063583, 34.340962020754816]], [[-121.21060533235274, 34.374988496790735], [-121.25508228063583, 34.340962020754816], [-121.25968357521998, 34.39677266569061]]]}}, {"type": "Feature", "properties": {"speed": 0.207}, "geometry": {"type": "MultiLineString", "coordinates": [[[-120.97999999999999, 34.42], [-121.11344863057136, 34.4260812891461]], [[-121.06557715012603, 34.397024080746576], [-121.11344863057136, 34.4260812891461], [-121.06313276153371, 34.45066407424028]]]}}, {"type": "Feature", "properties": {"speed": 0.244}, "geometry": {"type": "MultiLineString", "coordinates": [[[-120.74, 34.42], [-120.86552708387374, 34.49906543463469]], [[-120.83825250085646, 34.45015636470657], [-120.86552708387374, 34.49906543463469], [-120.80963500053946, 34.49559052160644]]]}}, {"type": "Feature", "properties": {"speed": 0.113}, "geometry": {"type": "MultiLineString", "coordinates": [[[-120.5, 34.42], [-120.53468177095056, 34.36703242555261]], [[-120.48529942824304, 34.39344045896514], [-120.53468177095056, 34.36703242555261], [-120.530221971199, 34.42285455544906]]]}}, {"type": "Feature", "properties": {"speed": 0.172}, "geometry": {"type": "MultiLineString", "coordinates": [[[-120.25999999999999, 34.42], [-120.15524829387664, 34.38853242069483]], [[-120.19459096039975, 34.42838407801107], [-120.15524829387664, 34.38853242069483], [-120.2100392406462, 34.37695865069129]]]}}, {"type": "Feature", "properties": {"speed": 0.097}, "geometry": {"type": "MultiLineString", "coordinates": [[[-120.02, 34.42], [-120.08282725185155, 34.415838523842396]], [[-120.03201565523084, 34.39229746080663], [-120.08282725185155, 34.415838523842396], [-120.0355645075364, 34.44587571744968]]]}}, {"type": "Feature", "properties": {"speed": 0.097}, "geometry": {"type": "MultiLineString", "coordinates": [[[-119.78, 34.42], [-119.72116612151265, 34.402418172061445]], [[-119.7605659079764, 34.44221335803426], [-119.72116612151265, 34.402418172061445], [-119.77594041132089, 34.39076582568814]]]}}, {"type": "Feature", "properties": {"speed": 0.056}, "geometry": {"type": "MultiLineString", "coordinates": [[[-119.53999999999999, 34.42], [-119.50496293321251, 34.412234157398345]], [[-119.5471333910466, 34.449080493526424], [-119.50496293321251, 34.412234157398345], [-119.55875285156804, 34.39665710108768]]]}}, {"type": "Feature", "properties": {"speed": 0.569}, "geometry": {"type": "MultiLineString", "coordinates": [[[-126.5, 34.660000000000004], [-126.65962110459805, 34.56855801850558]], [[-126.60363256475766, 34.56969089384825], [-126.65962110459805, 34.56855801850558], [-126.63032364915036, 34.61628284542292]]]}}, {"type": "Feature", "properties": {"speed": 0.508}, "geometry": {"type": "MultiLineString", "coordinates": [[[-126.25999999999999, 34.660000000000004], [-126.4536521232128, 34.64491050116718]], [[-126.40257033953566, 34.621961614998995], [-126.4536521232128, 34.64491050116718], [-126.40674169585999, 34.67549500386996]]]}}, {"type": "Feature", "properties": {"speed": 0.61}, "geometry": {"type": "MultiLineString", "coordinates": [[[-126.02, 34.660000000000004], [-126.21451910257339, 34.65995239341297]], [[-126.1653679098441, 34.6331165917054], [-126.21451910257339, 34.65995239341297], [-126.16538105131461, 34.68681225042095]]]}}, {"type": "Feature", "properties": {"speed": 0.621}, "geometry": {"type": "MultiLineString", "coordinates": [[[-125.78, 34.660000000000004], [-125.97451902806759, 34.65986834828451]], [[-125.92535624507943, 34.633053785657864], [-125.97451902806759, 34.65986834828451], [-125.92539258663555, 34.68674943368344]]]}}, {"type": "Feature", "properties": {"speed": 0.567}, "geometry": {"type": "MultiLineString", "coordinates": [[[-125.53999999999999, 34.660000000000004], [-125.73419279694556, 34.65073636904359]], [[-125.68382472052848, 34.626260730583226], [-125.73419279694556, 34.65073636904359], [-125.68638326951623, 34.679895400011425]]]}}, {"type": "Feature", "properties": {"speed": 0.537}, "geometry": {"type": "MultiLineString", "coordinates": [[[-125.3, 34.660000000000004], [-125.49348533451557, 34.64352646455169]], [[-125.44224026199245, 34.62094455714552], [-125.49348533451557, 34.64352646455169], [-125.44679548380304, 34.67444664955181]]]}}, {"type": "Feature", "properties": {"speed": 0.481}, "geometry": {"type": "MultiLineString", "coordinates": [[[-125.06, 34.660000000000004], [-125.25354768097401, 34.64402967303992]], [[-125.20236169923935, 34.621314143685325], [-125.25354768097401, 34.64402967303992], [-125.2067773181582, 34.67482793860924]]]}}, {"type": "Feature", "properties": {"speed": 0.4}, "geometry": {"type": "MultiLineString", "coordinates": [[[-124.82, 34.660000000000004], [-125.01186322391032, 34.633650624975566]], [[-124.9595227587086, 34.61373892734661], [-125.01186322391032, 34.633650624975566], [-124.96682843405858, 34.666935271631495]]]}}, {"type": "Feature", "properties": {"speed": 0.164}, "geometry": {"type": "MultiLineString", "coordinates": [[[-124.58, 34.660000000000004], [-124.68512116551399, 34.645524199903015]], [[-124.6327734400976, 34.62563159716406], [-124.68512116551399, 34.645524199903015], [-124.64009852074742, 34.67882527283203]]]}}, {"type": "Feature", "properties": {"speed": 0.076}, "geometry": {"type": "MultiLineString", "coordinates": [[[-124.34, 34.660000000000004], [-124.29554780215025, 34.677240259796385]], [[-124.35107511058472, 34.68450097725573], [-124.29554780215025, 34.677240259796385], [-124.33165901800697, 34.63443862326985]]]}}, {"type": "Feature", "properties": {"speed": 0.089}, "geometry": {"type": "MultiLineString", "coordinates": [[[-124.1, 34.660000000000004], [-124.04351451471447, 34.65137137643993]], [[-124.0880413875859, 34.685332495271496], [-124.04351451471447, 34.65137137643993], [-124.09614978290837, 34.632252575688945]]]}}, {"type": "Feature", "properties": {"speed": 0.183}, "geometry": {"type": "MultiLineString", "coordinates": [[[-123.86, 34.660000000000004], [-123.7494781395793, 34.69531245142222]], [[-123.80446248451675, 34.705929504299526], [-123.7494781395793, 34.69531245142222], [-123.78812024987607, 34.65478113868982]]]}}, {"type": "Feature", "properties": {"speed": 0.037}, "geometry": {"type": "MultiLineString", "coordinates": [[[-123.61999999999999, 34.660000000000004], [-123.63349463593214, 34.643949024230245]], [[-123.58131890825902, 34.66428847952728], [-123.63349463593214, 34.643949024230245], [-123.62241903143925, 34.69884283977551]]]}}, {"type": "Feature", "properties": {"speed": 0.037}, "geometry": {"type": "MultiLineString", "coordinates": [[[-123.38, 34.660000000000004], [-123.36058066517114, 34.6482158106193]], [[-123.38866659911749, 34.69666351762759], [-123.36058066517114, 34.6482158106193], [-123.41652289977277, 34.650758719932824]]]}}, {"type": "Feature", "properties": {"speed": 0.062}, "geometry": {"type": "MultiLineString", "coordinates": [[[-123.13999999999999, 34.660000000000004], [-123.11855723649262, 34.632335679456595]], [[-123.12744455100159, 34.68762596468663], [-123.11855723649262, 34.632335679456595], [-123.16988424377762, 34.654730730766325]]]}}, {"type": "Feature", "properties": {"speed": 0.075}, "geometry": {"type": "MultiLineString", "coordinates": [[[-122.89999999999999, 34.660000000000004], [-122.92646253444254, 34.69376604244113]], [[-122.91727963994805, 34.63852407968905], [-122.92646253444254, 34.69376604244113], [-122.8750164865729, 34.671645821859165]]]}}, {"type": "Feature", "properties": {"speed": 0.093}, "geometry": {"type": "MultiLineString", "coordinates": [[[-122.66, 34.660000000000004], [-122.69960293531418, 34.69728381544352]], [[-122.6822238339499, 34.64404880031466], [-122.69960293531418, 34.69728381544352], [-122.64541724616639, 34.68314482355654]]]}}, {"type": "Feature", "properties": {"speed": 0.047}, "geometry": {"type": "MultiLineString", "coordinates": [[[-122.41999999999999, 34.660000000000004], [-122.42561665184795, 34.684512924253944]], [[-122.44081022870301, 34.63061343239781], [-122.42561665184795, 34.684512924253944], [-122.3884709179643, 34.64260595043997]]]}}, {"type": "Feature", "properties": {"speed": 0.236}, "geometry": {"type": "MultiLineString", "coordinates": [[[-122.17999999999999, 34.660000000000004], [-122.29671862006187, 34.74124671876431]], [[-122.27172218222698, 34.6911350624799], [-122.29671862006187, 34.74124671876431], [-122.2410454822972, 34.73520505248459]]]}}, {"type": "Feature", "properties": {"speed": 0.099}, "geometry": {"type": "MultiLineString", "coordinates": [[[-121.94, 34.660000000000004], [-121.99923356860876, 34.63994863055647]], [[-121.94407523281117, 34.63027609252136], [-121.99923356860876, 34.63994863055647], [-121.96129223248349, 34.68113667509646]]]}}, {"type": "Feature", "properties": {"speed": 0.171}, "geometry": {"type": "MultiLineString", "coordinates": [[[-121.69999999999999, 34.660000000000004], [-121.808699709177, 34.642821600511674]], [[-121.75596662683725, 34.62397426576778], [-121.808699709177, 34.642821600511674], [-121.76434841786535, 34.67701170081847]]]}}, {"type": "Feature", "properties": {"speed": 0.153}, "geometry": {"type": "MultiLineString", "coordinates": [[[-121.46, 34.660000000000004], [-121.50414438083767, 34.73303870469332]], [[-121.50170095916674, 34.677092036423105], [-121.50414438083767, 34.73303870469332], [-121.45574669642859, 34.70486665926102]]]}}, {"type": "Feature", "properties": {"speed": 0.297}, "geometry": {"type": "MultiLineString", "coordinates": [[[-121.22, 34.660000000000004], [-121.3705624204874, 34.75868548065424]], [[-121.34417760979228, 34.70929072623049], [-121.3705624204874, 34.75868548065424], [-121.31474239377964, 34.75419943358089]]]}}, {"type": "Feature", "properties": {"speed": 0.22}, "geometry": {"type": "MultiLineString", "coordinates": [[[-120.97999999999999, 34.660000000000004], [-121.11443465530871, 34.69990346565843]], [[-121.07496130982874, 34.660181242701775], [-121.11443465530871, 34.69990346565843], [-121.05968201765546, 34.711657131895436]]]}}, {"type": "Feature", "properties": {"speed": 0.157}, "geometry": {"type": "MultiLineString", "coordinates": [[[-120.74, 34.660000000000004], [-120.68054426252841, 34.72824886053801]], [[-120.73306909250383, 34.70882871027974], [-120.68054426252841, 34.72824886053801], [-120.69258205631651, 34.673557988166884]]]}}, {"type": "Feature", "properties": {"speed": 0.503}, "geometry": {"type": "MultiLineString", "coordinates": [[[-126.5, 34.900000000000006], [-126.66296623647213, 34.81204666346312]], [[-126.60696696385287, 34.81176124076956], [-126.66296623647213, 34.81204666346312], [-126.63246952543398, 34.859014212003096]]]}}, {"type": "Feature", "properties": {"speed": 0.457}, "geometry": {"type": "MultiLineString", "coordinates": [[[-126.25999999999999, 34.900000000000006], [-126.45432047009467, 34.91415865588934]], [[-126.40725680743867, 34.88381048201673], [-126.45432047009467, 34.91415865588934], [-126.40335475688333, 34.93736417413089]]]}}, {"type": "Feature", "properties": {"speed": 0.631}, "geometry": {"type": "MultiLineString", "coordinates": [[[-126.02, 34.900000000000006], [-126.20225625157356, 34.84293527677656]], [[-126.14733465459062, 34.83199826690895], [-126.20225625157356, 34.84293527677656], [-126.16337880961757, 34.883240915426235]]]}}, {"type": "Feature", "properties": {"speed": 0.62}, "geometry": {"type": "MultiLineString", "coordinates": [[[-125.78, 34.900000000000006], [-125.97015115499497, 34.86424085274339]], [[-125.91689121672647, 34.84693828138433], [-125.97015115499497, 34.86424085274339], [-125.92681507577689, 34.89970892624625]]]}}, {"type": "Feature", "properties": {"speed": 0.513}, "geometry": {"type": "MultiLineString", "coordinates": [[[-125.53999999999999, 34.900000000000006], [-125.72241752684116, 34.84328295439482]], [[-125.6675177934706, 34.832236720835766], [-125.72241752684116, 34.84328295439482], [-125.68345998927813, 34.88351118163672]]]}}, {"type": "Feature", "properties": {"speed": 0.557}, "geometry": {"type": "MultiLineString", "coordinates": [[[-125.3, 34.900000000000006], [-125.48822732567787, 34.85794808492065]], [[-125.43441130519999, 34.8424614474572], [-125.48822732567787, 34.85794808492065], [-125.44611884964328, 34.894865238738966]]]}}, {"type": "Feature", "properties": {"speed": 0.491}, "geometry": {"type": "MultiLineString", "coordinates": [[[-125.06, 34.900000000000006], [-125.23731040716171, 34.833272197842604]], [[-125.18185878787358, 34.82545440286426], [-125.23731040716171, 34.833272197842604], [-125.20077132175676, 34.875709153880585]]]}}, {"type": "Feature", "properties": {"speed": 0.4}, "geometry": {"type": "MultiLineString", "coordinates": [[[-124.82, 34.900000000000006], [-124.99698296904563, 34.83269003927708]], [[-124.94150442956918, 34.82506562732863], [-124.99698296904563, 34.83269003927708], [-124.96059206480946, 34.87525413316939]]]}}, {"type": "Feature", "properties": {"speed": 0.335}, "geometry": {"type": "MultiLineString", "coordinates": [[[-124.58, 34.900000000000006], [-124.7271238732338, 34.79492755383254]], [[-124.67152777919665, 34.80164129554738], [-124.7271238732338, 34.79492755383254], [-124.7027345942808, 34.84533750396297]]]}}, {"type": "Feature", "properties": {"speed": 0.062}, "geometry": {"type": "MultiLineString", "coordinates": [[[-124.34, 34.900000000000006], [-124.36504836954177, 34.92579441666604]], [[-124.3500722510983, 34.871834099057935], [-124.36504836954177, 34.92579441666604], [-124.31155069661557, 34.90924150177223]]]}}, {"type": "Feature", "properties": {"speed": 0.078}, "geometry": {"type": "MultiLineString", "coordinates": [[[-124.1, 34.900000000000006], [-124.14846268519759, 34.91207586564124]], [[-124.10726760991173, 34.87414216331477], [-124.14846268519759, 34.91207586564124], [-124.09428478117617, 34.926244659374156]]]}}, {"type": "Feature", "properties": {"speed": 0.158}, "geometry": {"type": "MultiLineString", "coordinates": [[[-123.86, 34.900000000000006], [-123.91090897530317, 34.82653757333756]], [[-123.86084965229574, 34.85163865259799], [-123.91090897530317, 34.82653757333756], [-123.90498363753707, 34.882223212171624]]]}}, {"type": "Feature", "properties": {"speed": 0.019}, "geometry": {"type": "MultiLineString", "coordinates": [[[-123.61999999999999, 34.900000000000006], [-123.63014739926903, 34.90545286899433]], [[-123.59956566449017, 34.85854063713616], [-123.63014739926903, 34.90545286899433], [-123.57414873550933, 34.90583972442945]]]}}, {"type": "Feature", "properties": {"speed": 0.087}, "geometry": {"type": "MultiLineString", "coordinates": [[[-123.38, 34.900000000000006], [-123.43242442339658, 34.882114003971225]], [[-123.37724315231306, 34.87257318002322], [-123.43242442339658, 34.882114003971225], [-123.39458152886601, 34.923392513313836]]]}}, {"type": "Feature", "properties": {"speed": 0.08}, "geometry": {"type": "MultiLineString", "coordinates": [[[-123.13999999999999, 34.900000000000006], [-123.17679123148321, 34.9298297405243]], [[-123.1555258395657, 34.87802449844789], [-123.17679123148321, 34.9298297405243], [-123.12170888312674, 34.91973345905351]]]}}, {"type": "Feature", "properties": {"speed": 0.152}, "geometry": {"type": "MultiLineString", "coordinates": [[[-122.89999999999999, 34.900000000000006], [-122.95173385143279, 34.96891126930714]], [[-122.94369940868611, 34.913490625772894], [-122.95173385143279, 34.96891126930714], [-122.90075795999694, 34.94572811826332]]]}}, {"type": "Feature", "properties": {"speed": 0.227}, "geometry": {"type": "MultiLineString", "coordinates": [[[-122.66, 34.900000000000006], [-122.6500580169633, 35.02082858383656]], [[-122.6808455068348, 34.97405112700731], [-122.6500580169633, 35.02082858383656], [-122.62733069606784, 34.96964783662714]]]}}, {"type": "Feature", "properties": {"speed": 0.25}, "geometry": {"type": "MultiLineString", "coordinates": [[[-122.41999999999999, 34.900000000000006], [-122.44933493442832, 35.03132165372372]], [[-122.46482300433219, 34.9775060454799], [-122.44933493442832, 35.03132165372372], [-122.41241890144386, 34.98921219506311]]]}}, {"type": "Feature", "properties": {"speed": 0.046}, "geometry": {"type": "MultiLineString", "coordinates": [[[-122.17999999999999, 34.900000000000006], [-122.20096113190054, 34.91718018203974]], [[-122.1799710675802, 34.86526277455605], [-122.20096113190054, 34.91718018203974], [-122.14593315974396, 34.90679161715643]]]}}, {"type": "Feature", "properties": {"speed": 0.119}, "geometry": {"type": "MultiLineString", "coordinates": [[[-121.94, 34.900000000000006], [-122.00464505940676, 34.93520300611854]], [[-121.9743248135657, 34.888121346290774], [-122.00464505940676, 34.93520300611854], [-121.94864511000267, 34.93527828387699]]]}}, {"type": "Feature", "properties": {"speed": 0.209}, "geometry": {"type": "MultiLineString", "coordinates": [[[-121.69999999999999, 34.900000000000006], [-121.8357951760292, 34.90260194204748]], [[-121.78717390252247, 34.87481756221664], [-121.8357951760292, 34.90260194204748], [-121.78614524038073, 34.92850336845808]]]}}, {"type": "Feature", "properties": {"speed": 0.265}, "geometry": {"type": "MultiLineString", "coordinates": [[[-121.46, 34.900000000000006], [-121.50490081593394, 35.03624002039433]], [[-121.51501675892824, 34.98116127951061], [-121.50490081593394, 35.03624002039433], [-121.46401932092638, 34.99796857717686]]]}}, {"type": "Feature", "properties": {"speed": 0.358}, "geometry": {"type": "MultiLineString", "coordinates": [[[-121.22, 34.900000000000006], [-121.37017254650593, 35.0021300777793]], [[-121.34463325124072, 34.95229289891295], [-121.37017254650593, 35.0021300777793], [-121.31443706640317, 34.996693511057956]]]}}, {"type": "Feature", "properties": {"speed": 0.111}, "geometry": {"type": "MultiLineString", "coordinates": [[[-120.97999999999999, 34.900000000000006], [-120.92084382429718, 34.93358947858215]], [[-120.97683628058574, 34.9326703274664], [-120.92084382429718, 34.93358947858215], [-120.95032323854655, 34.88597683177992]]]}}, {"type": "Feature", "properties": {"speed": 0.486}, "geometry": {"type": "MultiLineString", "coordinates": [[[-120.74, 34.900000000000006], [-120.72921133577823, 34.74024485945702]], [[-120.70573583570146, 34.79108678011454], [-120.72921133577823, 34.74024485945702], [-120.75930947000056, 34.7874688185915]]]}}, {"type": "Feature", "properties": {"speed": 0.204}, "geometry": {"type": "MultiLineString", "coordinates": [[[-126.5, 35.14], [-126.62656383216381, 35.10645599976182]], [[-126.57218118067127, 35.09309459202759], [-126.62656383216381, 35.10645599976182], [-126.58593752323863, 35.14499822366127]]]}}, {"type": "Feature", "properties": {"speed": 0.238}, "geometry": {"type": "MultiLineString", "coordinates": [[[-126.25999999999999, 35.14], [-126.40397977292537, 35.09231993496418]], [[-126.34888661717703, 35.0822827944506], [-126.40397977292537, 35.09231993496418], [-126.36576685132437, 35.1332561368241]]]}}, {"type": "Feature", "properties": {"speed": 0.252}, "geometry": {"type": "MultiLineString", "coordinates": [[[-126.02, 35.14], [-126.14430192530155, 35.051965511739255]], [[-126.0886797557549, 35.05845968258108], [-126.14430192530155, 35.051965511739255], [-126.11971379517188, 35.10227876900537]]]}}, {"type": "Feature", "properties": {"speed": 0.249}, "geometry": {"type": "MultiLineString", "coordinates": [[[-125.78, 35.14], [-125.88633976012468, 35.03967538416386]], [[-125.83216903218081, 35.05387158908034], [-125.88633976012468, 35.03967538416386], [-125.86901688543766, 35.0929287222055]]]}}, {"type": "Feature", "properties": {"speed": 0.316}, "geometry": {"type": "MultiLineString", "coordinates": [[[-125.53999999999999, 35.14], [-125.66634199857711, 35.01782873213291]], [[-125.61235022233726, 35.03269103674778], [-125.66634199857711, 35.01782873213291], [-125.64967631547758, 35.07129138271092]]]}}, {"type": "Feature", "properties": {"speed": 0.304}, "geometry": {"type": "MultiLineString", "coordinates": [[[-125.3, 35.14], [-125.49084541499614, 35.104726857841015]], [[-125.43763975787625, 35.08725808425955], [-125.49084541499614, 35.104726857841015], [-125.44739880966006, 35.14005945588829]]]}}, {"type": "Feature", "properties": {"speed": 0.424}, "geometry": {"type": "MultiLineString", "coordinates": [[[-125.06, 35.14], [-125.21259075164795, 35.039851344525815]], [[-125.15677348407651, 35.0443715924016], [-125.21259075164795, 35.039851344525815], [-125.18623621070346, 35.08926225598882]]]}}, {"type": "Feature", "properties": {"speed": 0.481}, "geometry": {"type": "MultiLineString", "coordinates": [[[-124.82, 35.14], [-124.98277575492858, 35.051220245063305]], [[-124.92677576812521, 35.05118179999928], [-124.98277575492858, 35.051220245063305], [-124.95248648252425, 35.09832183715122]]]}}, {"type": "Feature", "properties": {"speed": 0.269}, "geometry": {"type": "MultiLineString", "coordinates": [[[-124.58, 35.14], [-124.7308323252201, 35.066389925181866]], [[-124.6748915048748, 35.06381609164157], [-124.7308323252201, 35.066389925181866], [-124.69844156475149, 35.11207185417206]]]}}, {"type": "Feature", "properties": {"speed": 0.304}, "geometry": {"type": "MultiLineString", "coordinates": [[[-124.34, 35.14], [-124.51132712900639, 35.2172742331028]], [[-124.47756685493687, 35.17259488782167], [-124.51132712900639, 35.2172742331028], [-124.4554900024056, 35.2215421708914]]]}}, {"type": "Feature", "properties": {"speed": 0.226}, "geometry": {"type": "MultiLineString", "coordinates": [[[-124.1, 35.14], [-124.2227419450879, 35.073611534535885]], [[-124.16674243593286, 35.073377068346915], [-124.2227419450879, 35.073611534535885], [-124.19228798466901, 35.12060681403079]]]}}, {"type": "Feature", "properties": {"speed": 0.185}, "geometry": {"type": "MultiLineString", "coordinates": [[[-123.86, 35.14], [-123.90994289577007, 35.04995969623327]], [[-123.8626271359112, 35.07991330818537], [-123.90994289577007, 35.04995969623327], [-123.9095831769623, 35.10595854088545]]]}}, {"type": "Feature", "properties": {"speed": 0.117}, "geometry": {"type": "MultiLineString", "coordinates": [[[-123.61999999999999, 35.14], [-123.6749832470715, 35.09707105845213]], [[-123.6197246352916, 35.10615322912653], [-123.6749832470715, 35.09707105845213], [-123.65276927480932, 35.14847669468334]]]}}, {"type": "Feature", "properties": {"speed": 0.153}, "geometry": {"type": "MultiLineString", "coordinates": [[[-123.38, 35.14], [-123.4616948339343, 35.09313974097371]], [[-123.40570692698331, 35.09430347429673], [-123.4616948339343, 35.09313974097371], [-123.43242368653333, 35.140880707970936]]]}}, {"type": "Feature", "properties": {"speed": 0.12}, "geometry": {"type": "MultiLineString", "coordinates": [[[-123.13999999999999, 35.14], [-123.20570203602313, 35.174415528178216]], [[-123.17462585766557, 35.127829359214786], [-123.20570203602313, 35.174415528178216], [-123.14971059572288, 35.17539461607231]]]}}, {"type": "Feature", "properties": {"speed": 0.179}, "geometry": {"type": "MultiLineString", "coordinates": [[[-122.89999999999999, 35.14], [-122.91536576077341, 35.23445036947727]], [[-122.93397380536479, 35.181632373713654], [-122.91536576077341, 35.23445036947727], [-122.88097491926304, 35.190254554967204]]]}}, {"type": "Feature", "properties": {"speed": 0.184}, "geometry": {"type": "MultiLineString", "coordinates": [[[-122.66, 35.14], [-122.63888737171888, 35.23668975323439]], [[-122.67560110502237, 35.19440380063875], [-122.63888737171888, 35.23668975323439], [-122.62314148430559, 35.182949014222274]]]}}, {"type": "Feature", "properties": {"speed": 0.131}, "geometry": {"type": "MultiLineString", "coordinates": [[[-122.41999999999999, 35.14], [-122.4527701307833, 35.20469136476517]], [[-122.4545124169755, 35.14871847455192], [-122.4527701307833, 35.20469136476517], [-122.40661192898014, 35.17298299983888]]]}}, {"type": "Feature", "properties": {"speed": 0.115}, "geometry": {"type": "MultiLineString", "coordinates": [[[-122.17999999999999, 35.14], [-122.17170380365103, 35.20088089197874]], [[-122.20494135716868, 35.155811334224516], [-122.17170380365103, 35.20088089197874], [-122.15173740530973, 35.148561269108576]]]}}, {"type": "Feature", "properties": {"speed": 0.041}, "geometry": {"type": "MultiLineString", "coordinates": [[[-121.94, 35.14], [-121.96510988526046, 35.13175951536745]], [[-121.91004391782045, 35.1215742696711], [-121.96510988526046, 35.13175951536745], [-121.92678702735114, 35.17259281748303]]]}}, {"type": "Feature", "properties": {"speed": 0.067}, "geometry": {"type": "MultiLineString", "coordinates": [[[-121.69999999999999, 35.14], [-121.66997616067528, 35.11384652681649]], [[-121.68939842068767, 35.166370576698526], [-121.66997616067528, 35.11384652681649], [-121.72466751652549, 35.12588212382146]]]}}, {"type": "Feature", "properties": {"speed": 0.138}, "geometry": {"type": "MultiLineString", "coordinates": [[[-121.46, 35.14], [-121.45680467345751, 35.213813416063786]], [[-121.48575282580812, 35.16587591012651], [-121.45680467345751, 35.213813416063786], [-121.43210740659289, 35.163553640801474]]]}}, {"type": "Feature", "properties": {"speed": 0.363}, "geometry": {"type": "MultiLineString", "coordinates": [[[-121.22, 35.14], [-121.23492888387293, 35.29953357517719]], [[-121.25708106194536, 35.24810127981089], [-121.23492888387293, 35.29953357517719], [-121.20361897253265, 35.25310417229643]]]}}, {"type": "Feature", "properties": {"speed": 0.161}, "geometry": {"type": "MultiLineString", "coordinates": [[[-120.97999999999999, 35.14], [-120.88093466639518, 35.111268167719246]], [[-120.9206557570721, 35.150742652585244], [-120.88093466639518, 35.111268167719246], [-120.93561269693448, 35.099172177625746]]]}}, {"type": "Feature", "properties": {"speed": 0.14}, "geometry": {"type": "MultiLineString", "coordinates": [[[-120.74, 35.14], [-120.69249462127685, 35.07608249723911]], [[-120.70026211709256, 35.13154118464472], [-120.69249462127685, 35.07608249723911], [-120.74335829348425, 35.09951083157124]]]}}, {"type": "Feature", "properties": {"speed": 0.079}, "geometry": {"type": "MultiLineString", "coordinates": [[[-126.5, 35.38], [-126.47733862139285, 35.34189889311791]], [[-126.47938578908322, 35.397861461897826], [-126.47733862139285, 35.34189889311791], [-126.52553558868007, 35.370412965859515]]]}}, {"type": "Feature", "properties": {"speed": 0.044}, "geometry": {"type": "MultiLineString", "coordinates": [[[-126.25999999999999, 35.38], [-126.28584187500178, 35.36979281075299]], [[-126.23027062758442, 35.362876420041175], [-126.28584187500178, 35.36979281075299], [-126.24999665977862, 35.4128174611944]]]}}, {"type": "Feature", "properties": {"speed": 0.137}, "geometry": {"type": "MultiLineString", "coordinates": [[[-126.02, 35.38], [-126.05640282526612, 35.3133567917347]], [[-126.00928203255329, 35.34361618522026], [-126.05640282526612, 35.3133567917347], [-126.05640575394503, 35.36935679165811]]]}}, {"type": "Feature", "properties": {"speed": 0.131}, "geometry": {"type": "MultiLineString", "coordinates": [[[-125.78, 35.38], [-125.80562125585973, 35.31358427286148]], [[-125.76288462456755, 35.349772397236684], [-125.80562125585973, 35.31358427286148], [-125.81298181208388, 35.36909843512726]]]}}, {"type": "Feature", "properties": {"speed": 0.129}, "geometry": {"type": "MultiLineString", "coordinates": [[[-125.53999999999999, 35.38], [-125.58902014881372, 35.32403705745936]], [[-125.53644287667522, 35.3433147765795], [-125.58902014881372, 35.32403705745936], [-125.57683416873391, 35.37869510251674]]]}}, {"type": "Feature", "properties": {"speed": 0.191}, "geometry": {"type": "MultiLineString", "coordinates": [[[-125.3, 35.38], [-125.34505771026015, 35.28524029731751]], [[-125.29970757911731, 35.318093997342416], [-125.34505771026015, 35.28524029731751], [-125.3482003651468, 35.3411520467112]]]}}, {"type": "Feature", "properties": {"speed": 0.256}, "geometry": {"type": "MultiLineString", "coordinates": [[[-125.06, 35.38], [-125.08487066201866, 35.245184992551806]], [[-125.04955259454218, 35.28864341072052], [-125.08487066201866, 35.245184992551806], [-125.10235722665693, 35.298384805118694]]]}}, {"type": "Feature", "properties": {"speed": 0.289}, "geometry": {"type": "MultiLineString", "coordinates": [[[-124.82, 35.38], [-124.90849522471427, 35.24362111568451]], [[-124.85922230131531, 35.27023274884974], [-124.90849522471427, 35.24362111568451], [-124.90426586775185, 35.29946117782349]]]}}, {"type": "Feature", "properties": {"speed": 0.283}, "geometry": {"type": "MultiLineString", "coordinates": [[[-124.58, 35.38], [-124.64471155583858, 35.238580559492114]], [[-124.59984949635718, 35.27209765392297], [-124.64471155583858, 35.238580559492114], [-124.64867614411342, 35.29444004427143]]]}}, {"type": "Feature", "properties": {"speed": 0.089}, "geometry": {"type": "MultiLineString", "coordinates": [[[-124.34, 35.38], [-124.3094911763072, 35.42021648690105]], [[-124.36058286914047, 35.39728967021334], [-124.3094911763072, 35.42021648690105], [-124.317803884739, 35.364836897894556]]]}}, {"type": "Feature", "properties": {"speed": 0.131}, "geometry": {"type": "MultiLineString", "coordinates": [[[-124.1, 35.38], [-124.1836381316185, 35.39510465424508]], [[-124.14004724798461, 35.359950211225495], [-124.1836381316185, 35.39510465424508], [-124.13050443288822, 35.41279109140014]]]}}, {"type": "Feature", "properties": {"speed": 0.406}, "geometry": {"type": "MultiLineString", "coordinates": [[[-123.86, 35.38], [-123.95638249129057, 35.24062774062157]], [[-123.90634773285134, 35.265777749526706], [-123.95638249129057, 35.24062774062157], [-123.95051159869364, 35.2963191458841]]]}}, {"type": "Feature", "properties": {"speed": 0.078}, "geometry": {"type": "MultiLineString", "coordinates": [[[-123.61999999999999, 35.38], [-123.66885212704538, 35.3926454429701]], [[-123.6280034304167, 35.354338994639065], [-123.66885212704538, 35.3926454429701], [-123.61454771726359, 35.40632137358748]]]}}, {"type": "Feature", "properties": {"speed": 0.157}, "geometry": {"type": "MultiLineString", "coordinates": [[[-123.38, 35.38], [-123.48216652601957, 35.37038064759225]], [[-123.43072160527615, 35.348257805783305], [-123.48216652601957, 35.37038064759225], [-123.43575498723298, 35.40171703327185]]]}}, {"type": "Feature", "properties": {"speed": 0.25}, "geometry": {"type": "MultiLineString", "coordinates": [[[-123.13999999999999, 35.38], [-123.29499547123908, 35.33706904307008]], [[-123.24046749966973, 35.32431363964514], [-123.29499547123908, 35.33706904307008], [-123.25480058058425, 35.376060975123345]]]}}, {"type": "Feature", "properties": {"speed": 0.106}, "geometry": {"type": "MultiLineString", "coordinates": [[[-122.89999999999999, 35.38], [-122.96876271963119, 35.384999978933486]], [[-122.9216945628563, 35.35465877563146], [-122.96876271963119, 35.384999978933486], [-122.91780044376993, 35.40821304506104]]]}}, {"type": "Feature", "properties": {"speed": 0.127}, "geometry": {"type": "MultiLineString", "coordinates": [[[-122.66, 35.38], [-122.6682338033244, 35.44744483858347]], [[-122.68892831235057, 35.395408915451796], [-122.6682338033244, 35.44744483858347], [-122.63562837478705, 35.40191588043708]]]}}, {"type": "Feature", "properties": {"speed": 0.211}, "geometry": {"type": "MultiLineString", "coordinates": [[[-122.41999999999999, 35.38], [-122.36518791139125, 35.483369995951655]], [[-122.41193009521282, 35.45252898021627], [-122.36518791139125, 35.483369995951655], [-122.36449100120802, 35.4273743325821]]]}}, {"type": "Feature", "properties": {"speed": 0.148}, "geometry": {"type": "MultiLineString", "coordinates": [[[-122.17999999999999, 35.38], [-122.21474331647157, 35.453752716183665]], [[-122.21808766925375, 35.397852668737634], [-122.21474331647157, 35.453752716183665], [-122.16951201001619, 35.42073561582128]]]}}, {"type": "Feature", "properties": {"speed": 0.218}, "geometry": {"type": "MultiLineString", "coordinates": [[[-121.94, 35.38], [-121.90104820817709, 35.49179427802563]], [[-121.94257095877228, 35.45421953673565], [-121.90104820817709, 35.49179427802563], [-121.89186499151248, 35.436552368828984]]]}}, {"type": "Feature", "properties": {"speed": 0.116}, "geometry": {"type": "MultiLineString", "coordinates": [[[-121.69999999999999, 35.38], [-121.70761402817442, 35.441451807618144]], [[-121.72821518987483, 35.389378857475165], [-121.70761402817442, 35.441451807618144], [-121.67492700670604, 35.3959813927583]]]}}, {"type": "Feature", "properties": {"speed": 0.211}, "geometry": {"type": "MultiLineString", "coordinates": [[[-121.46, 35.38], [-121.58607131898403, 35.33361640676856]], [[-121.53067901849327, 35.32538882836772], [-121.58607131898403, 35.33361640676856], [-121.54921946280199, 35.37578204083161]]]}}, {"type": "Feature", "properties": {"speed": 0.079}, "geometry": {"type": "MultiLineString", "coordinates": [[[-121.22, 35.38], [-121.27177454277873, 35.38290654669516]], [[-121.22421200554862, 35.35334635298411], [-121.27177454277873, 35.38290654669516], [-121.22120234892722, 35.406957600914154]]]}}, {"type": "Feature", "properties": {"speed": 0.091}, "geometry": {"type": "MultiLineString", "coordinates": [[[-120.97999999999999, 35.38], [-120.92098856672644, 35.38443652272225]], [[-120.97200764930689, 35.407524467902554], [-120.92098856672644, 35.38443652272225], [-120.967982130656, 35.35397991507795]]]}}, {"type": "Feature", "properties": {"speed": 0.184}, "geometry": {"type": "MultiLineString", "coordinates": [[[-126.5, 35.620000000000005], [-126.44055921211839, 35.53434089094401]], [[-126.4465194885146, 35.59002280098022], [-126.44055921211839, 35.53434089094401], [-126.49063427487303, 35.559410555682874]]]}}, {"type": "Feature", "properties": {"speed": 0.076}, "geometry": {"type": "MultiLineString", "coordinates": [[[-126.25999999999999, 35.620000000000005], [-126.24312360234558, 35.58177236363292]], [[-126.23841055221757, 35.637573682241815], [-126.24312360234558, 35.58177236363292], [-126.28753232101715, 35.61588783968045]]]}}, {"type": "Feature", "properties": {"speed": 0.095}, "geometry": {"type": "MultiLineString", "coordinates": [[[-126.02, 35.620000000000005], [-125.99640225663781, 35.57313379168511]], [[-125.99452403450117, 35.629102285336494], [-125.99640225663781, 35.57313379168511], [-126.04248331235749, 35.60495416729193]]]}}, {"type": "Feature", "properties": {"speed": 0.134}, "geometry": {"type": "MultiLineString", "coordinates": [[[-125.78, 35.620000000000005], [-125.86793196827173, 35.62507403770462]], [[-125.82041561891239, 35.59543965659819], [-125.86793196827173, 35.62507403770462], [-125.81732230329264, 35.64904614254972]]]}}, {"type": "Feature", "properties": {"speed": 0.271}, "geometry": {"type": "MultiLineString", "coordinates": [[[-125.53999999999999, 35.620000000000005], [-125.67979905843734, 35.53072170436383]], [[-125.62392974946532, 35.53454535641246], [-125.67979905843734, 35.53072170436383], [-125.65283023422742, 35.57980003482376]]]}}, {"type": "Feature", "properties": {"speed": 0.34}, "geometry": {"type": "MultiLineString", "coordinates": [[[-125.3, 35.620000000000005], [-125.47180600762367, 35.541930171549325]], [[-125.41595715062795, 35.53781858155629], [-125.47180600762367, 35.541930171549325], [-125.43817095772822, 35.58670386269189]]]}}, {"type": "Feature", "properties": {"speed": 0.283}, "geometry": {"type": "MultiLineString", "coordinates": [[[-125.06, 35.620000000000005], [-125.22048420965672, 35.5441860434413]], [[-125.16458055936886, 35.540902465439764], [-125.22048420965672, 35.5441860434413], [-125.1875163028851, 35.58945321833766]]]}}, {"type": "Feature", "properties": {"speed": 0.49}, "geometry": {"type": "MultiLineString", "coordinates": [[[-124.82, 35.620000000000005], [-124.86038421064615, 35.46340399503708]], [[-124.82211467494695, 35.50428727569516], [-124.86038421064615, 35.46340399503708], [-124.87410918670089, 35.517696029741046]]]}}, {"type": "Feature", "properties": {"speed": 0.319}, "geometry": {"type": "MultiLineString", "coordinates": [[[-124.58, 35.620000000000005], [-124.61668121621013, 35.4628030461073]], [[-124.57936809345367, 35.504561049773194], [-124.61668121621013, 35.4628030461073], [-124.63165899841403, 35.51676290192857]]]}}, {"type": "Feature", "properties": {"speed": 0.186}, "geometry": {"type": "MultiLineString", "coordinates": [[[-124.34, 35.620000000000005], [-124.40506989896298, 35.536378714144234]], [[-124.35370045341891, 35.55867624908634], [-124.40506989896298, 35.536378714144234], [-124.39607759777087, 35.59165202161964]]]}}, {"type": "Feature", "properties": {"speed": 0.101}, "geometry": {"type": "MultiLineString", "coordinates": [[[-124.1, 35.620000000000005], [-124.05349010452628, 35.58191129460931]], [[-124.07450139243441, 35.63382011640717], [-124.05349010452628, 35.58191129460931], [-124.10852231923076, 35.59227736159345]]]}}, {"type": "Feature", "properties": {"speed": 0.129}, "geometry": {"type": "MultiLineString", "coordinates": [[[-123.86, 35.620000000000005], [-123.79314581364393, 35.577624990493064]], [[-123.82028135364925, 35.62661134031237], [-123.79314581364393, 35.577624990493064], [-123.84902780050439, 35.58125865868494]]]}}, {"type": "Feature", "properties": {"speed": 0.094}, "geometry": {"type": "MultiLineString", "coordinates": [[[-123.61999999999999, 35.620000000000005], [-123.65395248576998, 35.66170353338123]], [[-123.64374489382243, 35.60664170389262], [-123.65395248576998, 35.66170353338123], [-123.60210436841825, 35.640542892391835]]]}}, {"type": "Feature", "properties": {"speed": 0.194}, "geometry": {"type": "MultiLineString", "coordinates": [[[-123.38, 35.620000000000005], [-123.31696971982717, 35.70997187018395]], [[-123.36715617282974, 35.685125946272336], [-123.31696971982717, 35.70997187018395], [-123.32317845204543, 35.654317116171]]]}}, {"type": "Feature", "properties": {"speed": 0.146}, "geometry": {"type": "MultiLineString", "coordinates": [[[-123.13999999999999, 35.620000000000005], [-123.22263452351092, 35.6590383861959]], [[-123.18966715918013, 35.61377081624697], [-123.22263452351092, 35.6590383861959], [-123.16673083387981, 35.66232129430139]]]}}, {"type": "Feature", "properties": {"speed": 0.226}, "geometry": {"type": "MultiLineString", "coordinates": [[[-122.89999999999999, 35.620000000000005], [-123.0351539492607, 35.570398754328494]], [[-122.97976831680609, 35.56212640776886], [-123.0351539492607, 35.570398754328494], [-122.99826802472731, 35.61253458909317]]]}}, {"type": "Feature", "properties": {"speed": 0.171}, "geometry": {"type": "MultiLineString", "coordinates": [[[-122.66, 35.620000000000005], [-122.75149245172739, 35.56731989875436]], [[-122.69550653181045, 35.56857559420122], [-122.75149245172739, 35.56731989875436], [-122.7222997613844, 35.61510888106764]]]}}, {"type": "Feature", "properties": {"speed": 0.146}, "geometry": {"type": "MultiLineString", "coordinates": [[[-122.41999999999999, 35.620000000000005], [-122.51561606496571, 35.624132597241555]], [[-122.46767657999798, 35.59518772237521], [-122.51561606496571, 35.624132597241555], [-122.46535797833658, 35.64883330023518]]]}}, {"type": "Feature", "properties": {"speed": 0.124}, "geometry": {"type": "MultiLineString", "coordinates": [[[-122.17999999999999, 35.620000000000005], [-122.13514903962611, 35.67514092370868]], [[-122.1869875860094, 35.653956846932275], [-122.13514903962611, 35.67514092370868], [-122.14533173982257, 35.620074485502556]]]}}, {"type": "Feature", "properties": {"speed": 0.244}, "geometry": {"type": "MultiLineString", "coordinates": [[[-121.94, 35.620000000000005], [-121.82507729023695, 35.71022235125304]], [[-121.88031146029678, 35.70099270024118], [-121.82507729023695, 35.71022235125304], [-121.8471539561566, 35.65875759805367]]]}}, {"type": "Feature", "properties": {"speed": 0.349}, "geometry": {"type": "MultiLineString", "coordinates": [[[-121.69999999999999, 35.620000000000005], [-121.70921637937425, 35.779824505448346]], [[-121.73319042664683, 35.729215760577794], [-121.70921637937425, 35.779824505448346], [-121.67958382201051, 35.73230701872941]]]}}, {"type": "Feature", "properties": {"speed": 0.464}, "geometry": {"type": "MultiLineString", "coordinates": [[[-121.46, 35.620000000000005], [-121.57043906211852, 35.752439911365514]], [[-121.55958477838628, 35.69750190517071], [-121.57043906211852, 35.752439911365514], [-121.51834572941333, 35.731890344760224]]]}}, {"type": "Feature", "properties": {"speed": 0.065}, "geometry": {"type": "MultiLineString", "coordinates": [[[-121.22, 35.620000000000005], [-121.21248586362228, 35.65387231007219]], [[-121.24933986244896, 35.61170854873045], [-121.21248586362228, 35.65387231007219], [-121.19691858238936, 35.60007956190838]]]}}, {"type": "Feature", "properties": {"speed": 0.242}, "geometry": {"type": "MultiLineString", "coordinates": [[[-126.5, 35.86], [-126.46706147119403, 35.73365826964378]], [[-126.45348009954863, 35.78798640548728], [-126.46706147119403, 35.73365826964378], [-126.50543897474817, 35.77444021688704]]]}}, {"type": "Feature", "properties": {"speed": 0.162}, "geometry": {"type": "MultiLineString", "coordinates": [[[-126.25999999999999, 35.86], [-126.27224109902977, 35.77405749320984]], [[-126.23873162623771, 35.81892524591931], [-126.27224109902977, 35.77405749320984], [-126.29189076567035, 35.82649689252862]]]}}, {"type": "Feature", "properties": {"speed": 0.058}, "geometry": {"type": "MultiLineString", "coordinates": [[[-126.02, 35.86], [-125.99506249137222, 35.883593086749315]], [[-126.04921326065015, 35.869320939517415], [-125.99506249137222, 35.883593086749315], [-126.01231067909107, 35.83031551153783]]]}}, {"type": "Feature", "properties": {"speed": 0.182}, "geometry": {"type": "MultiLineString", "coordinates": [[[-125.78, 35.86], [-125.74050921827555, 35.95160143882036]], [[-125.7846194630134, 35.917100912604575], [-125.74050921827555, 35.95160143882036], [-125.73531089344863, 35.895843233872625]]]}}, {"type": "Feature", "properties": {"speed": 0.082}, "geometry": {"type": "MultiLineString", "coordinates": [[[-125.53999999999999, 35.86], [-125.57268302604555, 35.82491241827607]], [[-125.51954108405435, 35.842574071692546], [-125.57268302604555, 35.82491241827607], [-125.5588320811431, 35.87917245260438]]]}}, {"type": "Feature", "properties": {"speed": 0.179}, "geometry": {"type": "MultiLineString", "coordinates": [[[-125.3, 35.86], [-125.38712805062532, 35.79586368858814]], [[-125.33163423261169, 35.80337608915458], [-125.38712805062532, 35.79586368858814], [-125.36346607989404, 35.84661909363147]]]}}, {"type": "Feature", "properties": {"speed": 0.254}, "geometry": {"type": "MultiLineString", "coordinates": [[[-125.06, 35.86], [-125.11209999531508, 35.73146405875683]], [[-125.06875734341645, 35.76692410002012], [-125.11209999531508, 35.73146405875683], [-125.11852045639496, 35.78709478479489]]]}}, {"type": "Feature", "properties": {"speed": 0.372}, "geometry": {"type": "MultiLineString", "coordinates": [[[-124.82, 35.86], [-124.87524901300668, 35.706393182873725]], [[-124.83335257391931, 35.743550798402694], [-124.87524901300668, 35.706393182873725], [-124.88387932569238, 35.76172416608338]]]}}, {"type": "Feature", "properties": {"speed": 0.361}, "geometry": {"type": "MultiLineString", "coordinates": [[[-124.58, 35.86], [-124.61708623722195, 35.70284847974777]], [[-124.57966855766766, 35.74451282009743], [-124.61708623722195, 35.70284847974777], [-124.63192871218392, 35.75684571057494]]]}}, {"type": "Feature", "properties": {"speed": 0.3}, "geometry": {"type": "MultiLineString", "coordinates": [[[-124.34, 35.86], [-124.21821879982949, 35.73406839430332]], [[-124.233082606046, 35.788059757175155], [-124.21821879982949, 35.73406839430332], [-124.27168191388913, 35.75073259050494]]]}}, {"type": "Feature", "properties": {"speed": 0.119}, "geometry": {"type": "MultiLineString", "coordinates": [[[-124.1, 35.86], [-124.0662711508572, 35.802686300724744]], [[-124.06805821596737, 35.858657779160566], [-124.0662711508572, 35.802686300724744], [-124.11433508133752, 35.8314240561483]]]}}, {"type": "Feature", "properties": {"speed": 0.077}, "geometry": {"type": "MultiLineString", "coordinates": [[[-123.86, 35.86], [-123.86883525423706, 35.90024688154459]], [[-123.88452102462334, 35.84648856490996], [-123.86883525423706, 35.90024688154459], [-123.83207424850593, 35.85800201845289]]]}}, {"type": "Feature", "properties": {"speed": 0.101}, "geometry": {"type": "MultiLineString", "coordinates": [[[-123.61999999999999, 35.86], [-123.68077283993362, 35.88225976623595]], [[-123.64386018266163, 35.84014734843407], [-123.68077283993362, 35.88225976623595], [-123.62539246841345, 35.89056725985846]]]}}, {"type": "Feature", "properties": {"speed": 0.042}, "geometry": {"type": "MultiLineString", "coordinates": [[[-123.38, 35.86], [-123.36559471406042, 35.87891494356096]], [[-123.41672943748955, 35.856084261139564], [-123.36559471406042, 35.87891494356096], [-123.37401156621814, 35.82355108712235]]]}}, {"type": "Feature", "properties": {"speed": 0.223}, "geometry": {"type": "MultiLineString", "coordinates": [[[-123.13999999999999, 35.86], [-123.08614052399992, 35.97089190095663]], [[-123.13176130093471, 35.93841506749237], [-123.08614052399992, 35.97089190095663], [-123.08346122193467, 35.91495603285357]]]}}, {"type": "Feature", "properties": {"speed": 0.065}, "geometry": {"type": "MultiLineString", "coordinates": [[[-122.89999999999999, 35.86], [-122.86671483293175, 35.838416450321674]], [[-122.89334203419546, 35.88768096242585], [-122.86671483293175, 35.838416450321674], [-122.92255622868973, 35.84262816253898]]]}}, {"type": "Feature", "properties": {"speed": 0.08}, "geometry": {"type": "MultiLineString", "coordinates": [[[-122.66, 35.86], [-122.68010461501777, 35.82067687496543]], [[-122.63382821704573, 35.8522124896056], [-122.68010461501777, 35.82067687496543], [-122.68163767519398, 35.876655886447374]]]}}, {"type": "Feature", "properties": {"speed": 0.151}, "geometry": {"type": "MultiLineString", "coordinates": [[[-122.41999999999999, 35.86], [-122.48508586555718, 35.92108642742038]], [[-122.46762512439572, 35.867878133723885], [-122.48508586555718, 35.92108642742038], [-122.43087855154874, 35.90703057070546]]]}}, {"type": "Feature", "properties": {"speed": 0.378}, "geometry": {"type": "MultiLineString", "coordinates": [[[-122.17999999999999, 35.86], [-122.37087266921996, 35.900866922587156]], [[-122.3284380483226, 35.864325125295615], [-122.37087266921996, 35.900866922587156], [-122.3171962835469, 35.91683080748643]]]}}, {"type": "Feature", "properties": {"speed": 0.299}, "geometry": {"type": "MultiLineString", "coordinates": [[[-121.94, 35.86], [-122.01454208284616, 36.007405207157134]], [[-122.01632296006183, 35.95143353149575], [-122.01454208284616, 36.007405207157134], [-121.96840575387212, 35.9756650252295]]]}}, {"type": "Feature", "properties": {"speed": 0.339}, "geometry": {"type": "MultiLineString", "coordinates": [[[-121.69999999999999, 35.86], [-121.73778667375444, 36.017041892409324]], [[-121.75239269409859, 35.962980222349046], [-121.73778667375444, 36.017041892409324], [-121.70018701347996, 35.97554170509356]]]}}, {"type": "Feature", "properties": {"speed": 0.322}, "geometry": {"type": "MultiLineString", "coordinates": [[[-121.46, 35.86], [-121.41009575411677, 35.70519623219967]], [[-121.39962153216796, 35.76020796435352], [-121.41009575411677, 35.70519623219967], [-121.45072728427714, 35.74373295179056]]]}}, {"type": "Feature", "properties": {"speed": 0.169}, "geometry": {"type": "MultiLineString", "coordinates": [[[-126.5, 36.1], [-126.50880837347358, 36.01020083427429]], [[-126.47729122138989, 36.05648980838837], [-126.50880837347358, 36.01020083427429], [-126.53073041216189, 36.061731642726606]]]}}, {"type": "Feature", "properties": {"speed": 0.193}, "geometry": {"type": "MultiLineString", "coordinates": [[[-126.25999999999999, 36.1], [-126.32840962171554, 36.01323470324278]], [[-126.27689896277955, 36.03520404588159], [-126.32840962171554, 36.01323470324278], [-126.3190648583015, 36.068449514631894]]]}}, {"type": "Feature", "properties": {"speed": 0.127}, "geometry": {"type": "MultiLineString", "coordinates": [[[-126.02, 36.1], [-126.05632750362157, 36.039125154167415]], [[-126.00808875872566, 36.06756849241854], [-126.05632750362157, 36.039125154167415], [-126.05419824237153, 36.095084659584536]]]}}, {"type": "Feature", "properties": {"speed": 0.068}, "geometry": {"type": "MultiLineString", "coordinates": [[[-125.78, 36.1], [-125.76848227504641, 36.0646775983274]], [[-125.75819245424688, 36.11972412036025], [-125.76848227504641, 36.0646775983274], [-125.8092427122467, 36.103077946753444]]]}}, {"type": "Feature", "properties": {"speed": 0.067}, "geometry": {"type": "MultiLineString", "coordinates": [[[-125.53999999999999, 36.1], [-125.50747251972555, 36.0759816005826]], [[-125.53105923696418, 36.12677202064293], [-125.50747251972555, 36.0759816005826], [-125.56295514222442, 36.083576243474035]]]}}, {"type": "Feature", "properties": {"speed": 0.149}, "geometry": {"type": "MultiLineString", "coordinates": [[[-125.3, 36.1], [-125.22484128475189, 36.04894215464592]], [[-125.25040618419679, 36.098766204224134], [-125.22484128475189, 36.04894215464592], [-125.28057955093695, 36.054350082408305]]]}}, {"type": "Feature", "properties": {"speed": 0.316}, "geometry": {"type": "MultiLineString", "coordinates": [[[-125.06, 36.1], [-124.96453281998635, 35.95982170701027]], [[-124.97000581068326, 36.01555362221899], [-124.96453281998635, 35.95982170701027], [-125.01438667905579, 35.9853284264364]]]}}, {"type": "Feature", "properties": {"speed": 0.222}, "geometry": {"type": "MultiLineString", "coordinates": [[[-124.82, 36.1], [-124.87743541195988, 35.990960283577444]], [[-124.83077809369786, 36.02192953692002], [-124.87743541195988, 35.990960283577444], [-124.87828608342623, 36.04695382211589]]]}}, {"type": "Feature", "properties": {"speed": 0.332}, "geometry": {"type": "MultiLineString", "coordinates": [[[-124.58, 36.1], [-124.66462702482939, 35.95534705221653]], [[-124.61663723066734, 35.9842084391597], [-124.66462702482939, 35.95534705221653], [-124.66298404807948, 36.011322945486754]]]}}, {"type": "Feature", "properties": {"speed": 0.365}, "geometry": {"type": "MultiLineString", "coordinates": [[[-124.34, 36.1], [-124.48169450104237, 35.98822988420725]], [[-124.42648179994757, 35.99758710803784], [-124.48169450104237, 35.98822988420725], [-124.45973678367943, 36.03974549978359]]]}}, {"type": "Feature", "properties": {"speed": 0.379}, "geometry": {"type": "MultiLineString", "coordinates": [[[-124.1, 36.1], [-124.23725069165229, 35.98466650247574]], [[-124.18235412924422, 35.99572848402413], [-124.23725069165229, 35.98466650247574], [-124.21689828890642, 36.03683718104589]]]}}, {"type": "Feature", "properties": {"speed": 0.215}, "geometry": {"type": "MultiLineString", "coordinates": [[[-123.86, 36.1], [-123.8904212756455, 35.98794408738613]], [[-123.85163542448932, 36.028337870943645], [-123.8904212756455, 35.98794408738613], [-123.90345538766101, 36.04240611015399]]]}}, {"type": "Feature", "properties": {"speed": 0.296}, "geometry": {"type": "MultiLineString", "coordinates": [[[-123.61999999999999, 36.1], [-123.43765733659266, 36.15738138779998]], [[-123.49259468901214, 36.16823898003485], [-123.43765733659266, 36.15738138779998], [-123.47647646361371, 36.1170195818775]]]}}, {"type": "Feature", "properties": {"speed": 0.268}, "geometry": {"type": "MultiLineString", "coordinates": [[[-123.38, 36.1], [-123.27052296429872, 36.21218072474003]], [[-123.3240614512616, 36.19576029801824], [-123.27052296429872, 36.21218072474003], [-123.28563261961291, 36.15825764696913]]]}}, {"type": "Feature", "properties": {"speed": 0.19}, "geometry": {"type": "MultiLineString", "coordinates": [[[-123.13999999999999, 36.1], [-123.06121902108191, 36.17858445495367]], [[-123.11497344789338, 36.16288535949657], [-123.06121902108191, 36.17858445495367], [-123.07705232852389, 36.12486940701133]]]}}, {"type": "Feature", "properties": {"speed": 0.196}, "geometry": {"type": "MultiLineString", "coordinates": [[[-122.89999999999999, 36.1], [-122.79696008712052, 36.16331530958414]], [[-122.85288729215155, 36.16046088540081], [-122.79696008712052, 36.16331530958414], [-122.82477576983094, 36.114711937320955]]]}}, {"type": "Feature", "properties": {"speed": 0.09}, "geometry": {"type": "MultiLineString", "coordinates": [[[-122.66, 36.1], [-122.68325805462896, 36.14398919269443]], [[-122.68402185256454, 36.08799440175176], [-122.68325805462896, 36.14398919269443], [-122.63655274453613, 36.113092364230454]]]}}, {"type": "Feature", "properties": {"speed": 0.351}, "geometry": {"type": "MultiLineString", "coordinates": [[[-122.41999999999999, 36.1], [-122.56660668373107, 36.20755467414856]], [[-122.5428627404447, 36.15683756503128], [-122.56660668373107, 36.20755467414856], [-122.51110080066752, 36.20013194248593]]]}}, {"type": "Feature", "properties": {"speed": 0.287}, "geometry": {"type": "MultiLineString", "coordinates": [[[-122.17999999999999, 36.1], [-122.31984528183936, 36.20331538319588]], [[-122.29627105833424, 36.15251916300057], [-122.31984528183936, 36.20331538319588], [-122.26436452908823, 36.1957070933639]]]}}, {"type": "Feature", "properties": {"speed": 0.424}, "geometry": {"type": "MultiLineString", "coordinates": [[[-121.94, 36.1], [-122.08091815054416, 36.212409062683584]], [[-122.05924153497816, 36.160774536079735], [-122.08091815054416, 36.212409062683584], [-122.025757269219, 36.20275105194475]]]}}, {"type": "Feature", "properties": {"speed": 0.15}, "geometry": {"type": "MultiLineString", "coordinates": [[[-121.69999999999999, 36.1], [-121.65614665374159, 36.028431779146196]], [[-121.65893099942186, 36.08436251684143], [-121.65614665374159, 36.028431779146196], [-121.70471513506241, 36.05630833959021]]]}}, {"type": "Feature", "properties": {"speed": 0.149}, "geometry": {"type": "MultiLineString", "coordinates": [[[-126.5, 36.34], [-126.57024846971035, 36.28442189857364]], [[-126.51504938957267, 36.2938591413889], [-126.57024846971035, 36.28442189857364], [-126.54836544543579, 36.3359692869517]]]}}, {"type": "Feature", "properties": {"speed": 0.142}, "geometry": {"type": "MultiLineString", "coordinates": [[[-126.25999999999999, 36.34], [-126.30705452919005, 36.27468619883061]], [[-126.25654418511373, 36.29886687585361], [-126.30705452919005, 36.27468619883061], [-126.30011101192329, 36.330254063356485]]]}}, {"type": "Feature", "properties": {"speed": 0.167}, "geometry": {"type": "MultiLineString", "coordinates": [[[-126.02, 36.34], [-126.05236158937215, 36.254994038641456]], [[-126.00978544929349, 36.29137084850711], [-126.05236158937215, 36.254994038641456], [-126.05996763273451, 36.31047509941331]]]}}, {"type": "Feature", "properties": {"speed": 0.143}, "geometry": {"type": "MultiLineString", "coordinates": [[[-125.78, 36.34], [-125.74737200021744, 36.26820317298174]], [[-125.74326236316253, 36.32405217371834], [-125.74737200021744, 36.26820317298174], [-125.79214686749076, 36.30183665719996]]]}}, {"type": "Feature", "properties": {"speed": 0.142}, "geometry": {"type": "MultiLineString", "coordinates": [[[-125.53999999999999, 36.34], [-125.45962805390357, 36.30068659424782]], [[-125.49197758847743, 36.3463977265118], [-125.45962805390357, 36.30068659424782], [-125.51557117351044, 36.298163229697956]]]}}, {"type": "Feature", "properties": {"speed": 0.176}, "geometry": {"type": "MultiLineString", "coordinates": [[[-125.3, 36.34], [-125.2174219071865, 36.27397340923548]], [[-125.2390393957514, 36.32563271805922], [-125.2174219071865, 36.27397340923548], [-125.2725716955756, 36.28369456352072]]]}}, {"type": "Feature", "properties": {"speed": 0.146}, "geometry": {"type": "MultiLineString", "coordinates": [[[-125.06, 36.34], [-125.03462581656873, 36.26466173321009]], [[-125.02486861115459, 36.31980515478063], [-125.03462581656873, 36.26466173321009], [-125.07575556523928, 36.302666256286926]]]}}, {"type": "Feature", "properties": {"speed": 0.097}, "geometry": {"type": "MultiLineString", "coordinates": [[[-124.82, 36.34], [-124.8335455103591, 36.28956944137812]], [[-124.79486844253974, 36.33006739718945], [-124.8335455103591, 36.28956944137812], [-124.84672605619136, 36.343996210633364]]]}}, {"type": "Feature", "properties": {"speed": 0.303}, "geometry": {"type": "MultiLineString", "coordinates": [[[-124.58, 36.34], [-124.67201021492481, 36.198201265335086]], [[-124.62273754372224, 36.22481336545071], [-124.67201021492481, 36.198201265335086], [-124.66778138714987, 36.25404136755249]]]}}, {"type": "Feature", "properties": {"speed": 0.357}, "geometry": {"type": "MultiLineString", "coordinates": [[[-124.34, 36.34], [-124.46285916507244, 36.21427827715874]], [[-124.40930949365189, 36.230662192769834], [-124.46285916507244, 36.21427827715874], [-124.44771274372971, 36.26819103928895]]]}}, {"type": "Feature", "properties": {"speed": 0.399}, "geometry": {"type": "MultiLineString", "coordinates": [[[-124.1, 36.34], [-124.25124648809432, 36.23628338068724]], [[-124.19553241047177, 36.241935066689464], [-124.25124648809432, 36.23628338068724], [-124.22589977327166, 36.286218779431]]]}}, {"type": "Feature", "properties": {"speed": 0.574}, "geometry": {"type": "MultiLineString", "coordinates": [[[-123.86, 36.34], [-123.9989608681202, 36.22567350804806]], [[-123.9439522462664, 36.23616405244514], [-123.9989608681202, 36.22567350804806], [-123.97806707161494, 36.27762973257985]]]}}, {"type": "Feature", "properties": {"speed": 0.378}, "geometry": {"type": "MultiLineString", "coordinates": [[[-123.61999999999999, 36.34], [-123.75842400908469, 36.22525170832873]], [[-123.70345467105564, 36.235946187121456], [-123.75842400908469, 36.22525170832873], [-123.73772304259728, 36.27728506288604]]]}}, {"type": "Feature", "properties": {"speed": 0.27}, "geometry": {"type": "MultiLineString", "coordinates": [[[-123.38, 36.34], [-123.43443108454346, 36.47711647689343]], [[-123.4412521906317, 36.42153345330049], [-123.43443108454346, 36.47711647689343], [-123.39134504229015, 36.441345078221495]]]}}, {"type": "Feature", "properties": {"speed": 0.205}, "geometry": {"type": "MultiLineString", "coordinates": [[[-123.13999999999999, 36.34], [-123.14394072290509, 36.44909762978554]], [[-123.16899705621437, 36.39901589498038], [-123.14394072290509, 36.44909762978554], [-123.1153363908613, 36.400954175523005]]]}}, {"type": "Feature", "properties": {"speed": 0.312}, "geometry": {"type": "MultiLineString", "coordinates": [[[-122.89999999999999, 36.34], [-122.87625976987182, 36.49885308384896]], [[-122.9100765940918, 36.454216524845435], [-122.87625976987182, 36.49885308384896], [-122.85697070871188, 36.44627997171387]]]}}, {"type": "Feature", "properties": {"speed": 0.432}, "geometry": {"type": "MultiLineString", "coordinates": [[[-122.66, 36.34], [-122.74114845305681, 36.48603851735592]], [[-122.74074626871857, 36.43003996159099], [-122.74114845305681, 36.48603851735592], [-122.69380999206413, 36.45612079500202]]]}}, {"type": "Feature", "properties": {"speed": 0.086}, "geometry": {"type": "MultiLineString", "coordinates": [[[-122.41999999999999, 36.34], [-122.449592866078, 36.30065988019109]], [[-122.39859477614627, 36.32379415829338], [-122.449592866078, 36.30065988019109], [-122.44150530427058, 36.35607279695254]]]}}, {"type": "Feature", "properties": {"speed": 0.162}, "geometry": {"type": "MultiLineString", "coordinates": [[[-122.17999999999999, 36.34], [-122.16855835013091, 36.42616822957993]], [[-122.20164136288517, 36.380985110308444], [-122.16855835013091, 36.42616822957993], [-122.14841289433704, 36.373917290728485]]]}}, {"type": "Feature", "properties": {"speed": 0.38}, "geometry": {"type": "MultiLineString", "coordinates": [[[-121.94, 36.34], [-121.94676627131179, 36.499907132387165]], [[-121.97151246433761, 36.449671428642425], [-121.94676627131179, 36.499907132387165], [-121.91786480936248, 36.451941462401294]]]}}, {"type": "Feature", "properties": {"speed": 0.288}, "geometry": {"type": "MultiLineString", "coordinates": [[[-126.5, 36.58], [-126.60407077521086, 36.45095575034618]], [[-126.55232113171799, 36.472356086753855], [-126.60407077521086, 36.45095575034618], [-126.59411808565599, 36.506064224927]]]}}, {"type": "Feature", "properties": {"speed": 0.288}, "geometry": {"type": "MultiLineString", "coordinates": [[[-126.25999999999999, 36.58], [-126.35146532416343, 36.44538378894329]], [[-126.30163919574382, 36.47094463647838], [-126.35146532416343, 36.44538378894329], [-126.3460528636337, 36.50112161515686]]]}}, {"type": "Feature", "properties": {"speed": 0.458}, "geometry": {"type": "MultiLineString", "coordinates": [[[-126.02, 36.58], [-125.92021736174821, 36.44150991916656]], [[-125.92716329673783, 36.49707748153095], [-125.92021736174821, 36.44150991916656], [-125.97072875786564, 36.465688398487394]]]}}, {"type": "Feature", "properties": {"speed": 0.22}, "geometry": {"type": "MultiLineString", "coordinates": [[[-125.78, 36.58], [-125.64988636851311, 36.52647230952978]], [[-125.68512089843249, 36.56999848442903], [-125.64988636851311, 36.52647230952978], [-125.70554967953213, 36.52034076760295]]]}}, {"type": "Feature", "properties": {"speed": 0.143}, "geometry": {"type": "MultiLineString", "coordinates": [[[-125.53999999999999, 36.58], [-125.47133561313152, 36.52738094508648]], [[-125.49401313784367, 36.578583775798556], [-125.47133561313152, 36.52738094508648], [-125.52667402840912, 36.53596347353465]]]}}, {"type": "Feature", "properties": {"speed": 0.122}, "geometry": {"type": "MultiLineString", "coordinates": [[[-125.3, 36.58], [-125.23733688443899, 36.539083441644905]], [[-125.26380760678609, 36.58843220919206], [-125.23733688443899, 36.539083441644905], [-125.29316463278808, 36.5434723497404]]]}}, {"type": "Feature", "properties": {"speed": 0.109}, "geometry": {"type": "MultiLineString", "coordinates": [[[-125.06, 36.58], [-125.02724838018418, 36.528221188038586]], [[-125.0308296762642, 36.58410655569764], [-125.02724838018418, 36.528221188038586], [-125.07620927807461, 36.555402624309714]]]}}, {"type": "Feature", "properties": {"speed": 0.263}, "geometry": {"type": "MultiLineString", "coordinates": [[[-124.82, 36.58], [-124.80555847350507, 36.439957486391066]], [[-124.7838934479952, 36.49159687706966], [-124.80555847350507, 36.439957486391066], [-124.8373058591946, 36.48608885860001]]]}}, {"type": "Feature", "properties": {"speed": 0.201}, "geometry": {"type": "MultiLineString", "coordinates": [[[-124.58, 36.58], [-124.71290578126907, 36.59002784539014]], [[-124.66592039752247, 36.55955861969954], [-124.71290578126907, 36.59002784539014], [-124.66188050074048, 36.61310208962431]]]}}, {"type": "Feature", "properties": {"speed": 0.327}, "geometry": {"type": "MultiLineString", "coordinates": [[[-124.34, 36.58], [-124.39361446738243, 36.425901429653166]], [[-124.35210849861397, 36.46349470773039], [-124.39361446738243, 36.425901429653166], [-124.40282234947534, 36.481139232898435]]]}}, {"type": "Feature", "properties": {"speed": 0.346}, "geometry": {"type": "MultiLineString", "coordinates": [[[-124.1, 36.58], [-124.26425439715385, 36.489433640539644]], [[-124.2082548232562, 36.48965209713059], [-124.26425439715385, 36.489433640539644], [-124.23418152313204, 36.53667368973594]]]}}, {"type": "Feature", "properties": {"speed": 0.453}, "geometry": {"type": "MultiLineString", "coordinates": [[[-123.86, 36.58], [-124.01971802175045, 36.484344506561754]], [[-123.96376195107935, 36.48656219794032], [-124.01971802175045, 36.484344506561754], [-123.99135095068786, 36.53262814022089]]]}}, {"type": "Feature", "properties": {"speed": 0.425}, "geometry": {"type": "MultiLineString", "coordinates": [[[-123.61999999999999, 36.58], [-123.77845838189124, 36.483002977371214]], [[-123.7225263953911, 36.485762123280445], [-123.77845838189124, 36.483002977371214], [-123.7505599418389, 36.53155889403073]]]}}, {"type": "Feature", "properties": {"speed": 0.323}, "geometry": {"type": "MultiLineString", "coordinates": [[[-123.38, 36.58], [-123.5675555217266, 36.63400053039193]], [[-123.52775757793644, 36.594603529616805], [-123.5675555217266, 36.63400053039193], [-123.51290116788725, 36.646203054983275]]]}}, {"type": "Feature", "properties": {"speed": 0.256}, "geometry": {"type": "MultiLineString", "coordinates": [[[-123.13999999999999, 36.58], [-123.27261266052722, 36.66509439975023]], [[-123.24575034141053, 36.6159576944102], [-123.27261266052722, 36.66509439975023], [-123.2167517757348, 36.66114958667359]]]}}, {"type": "Feature", "properties": {"speed": 0.22}, "geometry": {"type": "MultiLineString", "coordinates": [[[-122.89999999999999, 36.58], [-123.00829216241836, 36.658624211251734]], [[-122.9842973672828, 36.60802530013299], [-123.00829216241836, 36.658624211251734], [-122.95275020370849, 36.651476426792826]]]}}, {"type": "Feature", "properties": {"speed": 0.054}, "geometry": {"type": "MultiLineString", "coordinates": [[[-122.66, 36.58], [-122.68394385449588, 36.601422753110526]], [[-122.66522039427552, 36.54864556071289], [-122.68394385449588, 36.601422753110526], [-122.62941704970275, 36.588662362871474]]]}}, {"type": "Feature", "properties": {"speed": 0.268}, "geometry": {"type": "MultiLineString", "coordinates": [[[-122.41999999999999, 36.58], [-122.3210690897703, 36.4611247125268]], [[-122.33186965681236, 36.51607330442477], [-122.3210690897703, 36.4611247125268], [-122.37314230678601, 36.48172519964812]]]}}, {"type": "Feature", "properties": {"speed": 0.289}, "geometry": {"type": "MultiLineString", "coordinates": [[[-122.17999999999999, 36.58], [-122.15515854053199, 36.732801543474196]], [[-122.18954452801641, 36.688601952246216], [-122.15515854053199, 36.732801543474196], [-122.13654469530067, 36.67998559166317]]]}}, {"type": "Feature", "properties": {"speed": 0.038}, "geometry": {"type": "MultiLineString", "coordinates": [[[-126.5, 36.82000000000001], [-126.52462872490287, 36.82571197038517]], [[-126.48282040691838, 36.78845523210459], [-126.52462872490287, 36.82571197038517], [-126.47068913003969, 36.84076255529062]]]}}, {"type": "Feature", "properties": {"speed": 0.284}, "geometry": {"type": "MultiLineString", "coordinates": [[[-126.25999999999999, 36.82000000000001], [-126.42106870770453, 36.74039486020804]], [[-126.36511571926036, 36.738100718938234], [-126.42106870770453, 36.74039486020804], [-126.38890672571434, 36.78623814667904]]]}}, {"type": "Feature", "properties": {"speed": 0.399}, "geometry": {"type": "MultiLineString", "coordinates": [[[-126.02, 36.82000000000001], [-126.06592329636216, 36.66428066015244]], [[-126.02627058991656, 36.70382383745953], [-126.06592329636216, 36.66428066015244], [-126.07777328398672, 36.719012531975885]]]}}, {"type": "Feature", "properties": {"speed": 0.251}, "geometry": {"type": "MultiLineString", "coordinates": [[[-125.78, 36.82000000000001], [-125.85233235985041, 36.69908751517535]], [[-125.8040629661223, 36.72747881012857], [-125.85233235985041, 36.69908751517535], [-125.8501427460405, 36.75504469158163]]]}}, {"type": "Feature", "properties": {"speed": 0.228}, "geometry": {"type": "MultiLineString", "coordinates": [[[-125.53999999999999, 36.82000000000001], [-125.48863338395952, 36.70547775149346]], [[-125.48424918024824, 36.761305869479095], [-125.48863338395952, 36.70547775149346], [-125.53324233000627, 36.73933099258791]]]}}, {"type": "Feature", "properties": {"speed": 0.31}, "geometry": {"type": "MultiLineString", "coordinates": [[[-125.3, 36.82000000000001], [-125.16187295615673, 36.70435641676188]], [[-125.18231984833355, 36.756490135220375], [-125.16187295615673, 36.70435641676188], [-125.21678947056067, 36.71531891856219]]]}}, {"type": "Feature", "properties": {"speed": 0.267}, "geometry": {"type": "MultiLineString", "coordinates": [[[-125.06, 36.82000000000001], [-124.88356749475003, 36.838178137019284]], [[-124.9352049394053, 36.85984780036402], [-124.88356749475003, 36.838178137019284], [-124.92970171812155, 36.8064348946848]]]}}, {"type": "Feature", "properties": {"speed": 0.088}, "geometry": {"type": "MultiLineString", "coordinates": [[[-124.82, 36.82000000000001], [-124.81083329364657, 36.77341000333429]], [[-124.79397795052779, 36.82681316249504], [-124.81083329364657, 36.77341000333429], [-124.84666352182414, 36.816447135542916]]]}}, {"type": "Feature", "properties": {"speed": 0.25}, "geometry": {"type": "MultiLineString", "coordinates": [[[-124.58, 36.82000000000001], [-124.73967820584774, 36.85700453788043]], [[-124.69786357178693, 36.81975488850812], [-124.73967820584774, 36.85700453788043], [-124.68574116350459, 36.87206426773433]]]}}, {"type": "Feature", "properties": {"speed": 0.245}, "geometry": {"type": "MultiLineString", "coordinates": [[[-124.34, 36.82000000000001], [-124.48873543381691, 36.765870660245426]], [[-124.43337239159997, 36.75744845409234], [-124.48873543381691, 36.765870660245426], [-124.45173561234134, 36.807906516496665]]]}}, {"type": "Feature", "properties": {"speed": 0.259}, "geometry": {"type": "MultiLineString", "coordinates": [[[-124.1, 36.82000000000001], [-124.01809175908565, 36.69840612232686]], [[-124.02328121439129, 36.754165153466495], [-124.01809175908565, 36.69840612232686], [-124.06781524059849, 36.72416607935792]]]}}, {"type": "Feature", "properties": {"speed": 0.103}, "geometry": {"type": "MultiLineString", "coordinates": [[[-123.86, 36.82000000000001], [-123.86572601659223, 36.76504133239389]], [[-123.83393002976744, 36.81113921978407], [-123.86572601659223, 36.76504133239389], [-123.88733660629322, 36.81670352759286]]]}}, {"type": "Feature", "properties": {"speed": 0.28}, "geometry": {"type": "MultiLineString", "coordinates": [[[-123.61999999999999, 36.82000000000001], [-123.76468769729136, 36.72565166622401]], [[-123.70885725629066, 36.73000618774375], [-123.76468769729136, 36.72565166622401], [-123.73818658479263, 36.77498412041321]]]}}, {"type": "Feature", "properties": {"speed": 0.494}, "geometry": {"type": "MultiLineString", "coordinates": [[[-123.38, 36.82000000000001], [-123.55771442234516, 36.746782116293915]], [[-123.50204794395104, 36.740679396965795], [-123.55771442234516, 36.746782116293915], [-123.52250243446622, 36.790326529363945]]]}}, {"type": "Feature", "properties": {"speed": 0.271}, "geometry": {"type": "MultiLineString", "coordinates": [[[-123.13999999999999, 36.82000000000001], [-123.30447919607161, 36.76062834605575]], [[-123.24913839950746, 36.752061185753476], [-123.30447919607161, 36.76062834605575], [-123.26736941926285, 36.80256716417458]]]}}, {"type": "Feature", "properties": {"speed": 0.104}, "geometry": {"type": "MultiLineString", "coordinates": [[[-122.89999999999999, 36.82000000000001], [-122.93433175012468, 36.86803283885122]], [[-122.92759669477122, 36.812439322777976], [-122.93433175012468, 36.86803283885122], [-122.88391245346797, 36.84366288758654]]]}}, {"type": "Feature", "properties": {"speed": 0.068}, "geometry": {"type": "MultiLineString", "coordinates": [[[-122.66, 36.82000000000001], [-122.61489779487252, 36.81482352938504]], [[-122.66066061708999, 36.84709990004056], [-122.61489779487252, 36.81482352938504], [-122.66678318264117, 36.79375443979635]]]}}, {"type": "Feature", "properties": {"speed": 0.182}, "geometry": {"type": "MultiLineString", "coordinates": [[[-122.41999999999999, 36.82000000000001], [-122.52780832171439, 36.864936083257206]], [[-122.49277564908132, 36.821247276359045], [-122.52780832171439, 36.864936083257206], [-122.47211722454435, 36.8708098976905]]]}}, {"type": "Feature", "properties": {"speed": 0.342}, "geometry": {"type": "MultiLineString", "coordinates": [[[-122.17999999999999, 36.82000000000001], [-122.30948505580425, 36.94188315391541]], [[-122.2921017370698, 36.88864951577394], [-122.30948505580425, 36.94188315391541], [-122.25529824669658, 36.92774845481252]]]}}, {"type": "Feature", "properties": {"speed": 0.094}, "geometry": {"type": "MultiLineString", "coordinates": [[[-121.94, 36.82000000000001], [-121.88230489060282, 36.800235764756806]], [[-121.92009650649779, 36.841561226255116], [-121.88230489060282, 36.800235764756806], [-121.93749796459798, 36.7907634586508]]]}}, {"type": "Feature", "properties": {"speed": 0.157}, "geometry": {"type": "MultiLineString", "coordinates": [[[-126.5, 37.06], [-126.58737178891897, 37.10631442576647]], [[-126.5565246803797, 37.05957626261508], [-126.58737178891897, 37.10631442576647], [-126.53137621687073, 37.107018635244756]]]}}, {"type": "Feature", "properties": {"speed": 0.443}, "geometry": {"type": "MultiLineString", "coordinates": [[[-126.25999999999999, 37.06], [-126.34347012847661, 36.91452435910702]], [[-126.2957253592554, 36.943789304212274], [-126.34347012847661, 36.91452435910702], [-126.34229912175132, 36.97051211440449]]]}}, {"type": "Feature", "properties": {"speed": 0.432}, "geometry": {"type": "MultiLineString", "coordinates": [[[-126.02, 37.06], [-126.01739323998801, 36.900013533830645]], [[-125.99134961088578, 36.949589025590036], [-126.01739323998801, 36.900013533830645], [-126.04503814500401, 36.94871424457141]]]}}, {"type": "Feature", "properties": {"speed": 0.351}, "geometry": {"type": "MultiLineString", "coordinates": [[[-125.78, 37.06], [-125.93538787841797, 36.95888656139374]], [[-125.87955328614602, 36.963187527078944], [-125.93538787841797, 36.95888656139374], [-125.90883945729698, 37.00819357241634]]]}}, {"type": "Feature", "properties": {"speed": 0.411}, "geometry": {"type": "MultiLineString", "coordinates": [[[-125.53999999999999, 37.06], [-125.68219883084296, 36.947202210724356]], [[-125.6270118290173, 36.95670983027372], [-125.68219883084296, 36.947202210724356], [-125.66038155248799, 36.99877746026502]]]}}, {"type": "Feature", "properties": {"speed": 0.488}, "geometry": {"type": "MultiLineString", "coordinates": [[[-125.3, 37.06], [-125.44064380526542, 36.94596744090319]], [[-125.3855614922991, 36.9560639154503], [-125.44064380526542, 36.94596744090319], [-125.41937859493741, 36.9977727575194]]]}}, {"type": "Feature", "properties": {"speed": 0.263}, "geometry": {"type": "MultiLineString", "coordinates": [[[-125.06, 37.06], [-125.23535564303398, 37.053109112605455]], [[-125.18519470504704, 37.028211717153916], [-125.23535564303398, 37.053109112605455], [-125.18730313670537, 37.08186596631964]]]}}, {"type": "Feature", "properties": {"speed": 0.268}, "geometry": {"type": "MultiLineString", "coordinates": [[[-124.82, 37.06], [-124.9921007078886, 37.09947309777141]], [[-124.95020186036851, 37.062318198007205], [-124.9921007078886, 37.09947309777141], [-124.93819789386525, 37.114654884239556]]]}}, {"type": "Feature", "properties": {"speed": 0.098}, "geometry": {"type": "MultiLineString", "coordinates": [[[-124.58, 37.06], [-124.62199223965406, 37.100355522185566]], [[-124.60516133495763, 37.04694465580896], [-124.62199223965406, 37.100355522185566], [-124.56795476870737, 37.08566022587399]]]}}, {"type": "Feature", "properties": {"speed": 0.438}, "geometry": {"type": "MultiLineString", "coordinates": [[[-124.34, 37.06], [-124.41503314316273, 36.91162626206875]], [[-124.36889659628784, 36.94336612726162], [-124.41503314316273, 36.91162626206875], [-124.41681363612295, 36.96759794995485]]]}}, {"type": "Feature", "properties": {"speed": 0.472}, "geometry": {"type": "MultiLineString", "coordinates": [[[-124.1, 37.06], [-124.26629187762737, 36.97061177104712]], [[-124.21029316274192, 36.97023238841987], [-124.26629187762737, 36.97061177104712], [-124.23571640337614, 37.017528083501446]]]}}, {"type": "Feature", "properties": {"speed": 0.414}, "geometry": {"type": "MultiLineString", "coordinates": [[[-123.86, 37.06], [-124.0280005043745, 36.972670068442824]], [[-123.97201241238464, 36.97151527177862], [-124.0280005043745, 36.972670068442824], [-123.99677828128495, 37.019158484046564]]]}}, {"type": "Feature", "properties": {"speed": 0.2}, "geometry": {"type": "MultiLineString", "coordinates": [[[-123.61999999999999, 37.06], [-123.67050927028059, 36.96109872072935]], [[-123.62424695693055, 36.99265499369532], [-123.67050927028059, 36.96109872072935], [-123.6720673237923, 37.01707704215162]]]}}, {"type": "Feature", "properties": {"speed": 0.123}, "geometry": {"type": "MultiLineString", "coordinates": [[[-123.38, 37.06], [-123.44845259666442, 37.02319790184498]], [[-123.39245385519243, 37.02282246403063], [-123.44845259666442, 37.02319790184498], [-123.41788042749401, 37.07011636806262]]]}}, {"type": "Feature", "properties": {"speed": 0.246}, "geometry": {"type": "MultiLineString", "coordinates": [[[-123.13999999999999, 37.06], [-123.2991553390026, 37.09374692797661]], [[-123.25664851436467, 37.057289146102214], [-123.2991553390026, 37.09374692797661], [-123.24551063801783, 37.10981696395216]]]}}, {"type": "Feature", "properties": {"speed": 0.155}, "geometry": {"type": "MultiLineString", "coordinates": [[[-122.89999999999999, 37.06], [-122.99864101558923, 37.03459516115487]], [[-122.94435335230175, 37.020852904615815], [-122.99864101558923, 37.03459516115487], [-122.9577455557914, 37.072851681748425]]]}}, {"type": "Feature", "properties": {"speed": 0.228}, "geometry": {"type": "MultiLineString", "coordinates": [[[-122.66, 37.06], [-122.78904167175293, 37.124212262630465]], [[-122.75700409084125, 37.07828195227523], [-122.78904167175293, 37.124212262630465], [-122.73308266942476, 37.1263547047969]]]}}, {"type": "Feature", "properties": {"speed": 0.31}, "geometry": {"type": "MultiLineString", "coordinates": [[[-122.41999999999999, 37.06], [-122.54425983697175, 37.18556792795658]], [[-122.5287751892425, 37.13175133493268], [-122.54425983697175, 37.18556792795658], [-122.49060834456724, 37.169520580425946]]]}}, {"type": "Feature", "properties": {"speed": 0.113}, "geometry": {"type": "MultiLineString", "coordinates": [[[-126.5, 37.3], [-126.5562489964068, 37.340202654898164]], [[-126.53187807128624, 37.28978382896212], [-126.5562489964068, 37.340202654898164], [-126.50065535025476, 37.33346867334762]]]}}, {"type": "Feature", "properties": {"speed": 0.344}, "geometry": {"type": "MultiLineString", "coordinates": [[[-126.25999999999999, 37.3], [-126.37644768714904, 37.16954122781753]], [[-126.32369245790612, 37.18832648234142], [-126.37644768714904, 37.16954122781753], [-126.36375116176657, 37.22408293885791]]]}}, {"type": "Feature", "properties": {"speed": 0.608}, "geometry": {"type": "MultiLineString", "coordinates": [[[-126.02, 37.3], [-126.19825455963611, 37.22588064819574]], [[-126.14256853127317, 37.2199589723213], [-126.19825455963611, 37.22588064819574], [-126.1631843516772, 37.26953933019278]]]}}, {"type": "Feature", "properties": {"speed": 0.579}, "geometry": {"type": "MultiLineString", "coordinates": [[[-125.78, 37.3], [-125.97465667009354, 37.2597101137042]], [[-125.92109046992175, 37.24338031887523], [-125.97465667009354, 37.2597101137042], [-125.93197368008768, 37.295961491114724]]]}}, {"type": "Feature", "properties": {"speed": 0.736}, "geometry": {"type": "MultiLineString", "coordinates": [[[-125.53999999999999, 37.3], [-125.73121727347373, 37.25037062838673]], [[-125.6769039948152, 37.236729962663915], [-125.73121727347373, 37.25037062838673], [-125.69039345935606, 37.28870359332405]]]}}, {"type": "Feature", "properties": {"speed": 0.766}, "geometry": {"type": "MultiLineString", "coordinates": [[[-125.3, 37.3], [-125.48245030939579, 37.23265006691217]], [[-125.42704916223815, 37.2244822707824], [-125.48245030939579, 37.23265006691217], [-125.44564397838575, 37.27485544568763]]]}}, {"type": "Feature", "properties": {"speed": 0.44}, "geometry": {"type": "MultiLineString", "coordinates": [[[-125.06, 37.3], [-125.23334611713886, 37.21884748637676]], [[-125.1774542460717, 37.215369160829525], [-125.23334611713886, 37.21884748637676], [-125.20022070029829, 37.263999526852665]]]}}, {"type": "Feature", "properties": {"speed": 0.162}, "geometry": {"type": "MultiLineString", "coordinates": [[[-124.82, 37.3], [-124.9287689101696, 37.296888787252826]], [[-124.87887674087959, 37.271457085706565], [-124.9287689101696, 37.296888787252826], [-124.88041201711198, 37.325130793091894]]]}}, {"type": "Feature", "properties": {"speed": 0.093}, "geometry": {"type": "MultiLineString", "coordinates": [[[-124.58, 37.3], [-124.51738803267479, 37.29861162842717]], [[-124.56592539508483, 37.32654233644318], [-124.51738803267479, 37.29861162842717], [-124.56711576188631, 37.27285987222559]]]}}, {"type": "Feature", "properties": {"speed": 0.229}, "geometry": {"type": "MultiLineString", "coordinates": [[[-124.34, 37.3], [-124.2464940288663, 37.20314049273729]], [[-124.26131133542594, 37.257144635414654], [-124.2464940288663, 37.20314049273729], [-124.29994277288966, 37.219850722009355]]]}}, {"type": "Feature", "properties": {"speed": 0.33}, "geometry": {"type": "MultiLineString", "coordinates": [[[-124.1, 37.3], [-124.11854698918759, 37.14068167209625]], [[-124.08619647969633, 37.18639211440056], [-124.11854698918759, 37.14068167209625], [-124.13953194521527, 37.19260114455617]]]}}, {"type": "Feature", "properties": {"speed": 0.469}, "geometry": {"type": "MultiLineString", "coordinates": [[[-123.86, 37.3], [-123.9531131541729, 37.15817696154117]], [[-123.90369814147745, 37.184523811833174], [-123.9531131541729, 37.15817696154117], [-123.94858421893085, 37.21399352490344]]]}}, {"type": "Feature", "properties": {"speed": 0.349}, "geometry": {"type": "MultiLineString", "coordinates": [[[-123.61999999999999, 37.3], [-123.60493666201829, 37.140449318289754]], [[-123.58282694263596, 37.19189988008294], [-123.60493666201829, 37.140449318289754], [-123.63628488455495, 37.1868528628073]]]}}, {"type": "Feature", "properties": {"speed": 0.072}, "geometry": {"type": "MultiLineString", "coordinates": [[[-123.38, 37.3], [-123.34835858002305, 37.32931973710656]], [[-123.40265444750978, 37.315609931350686], [-123.34835858002305, 37.32931973710656], [-123.36615835867431, 37.2762239003586]]]}}, {"type": "Feature", "properties": {"speed": 0.177}, "geometry": {"type": "MultiLineString", "coordinates": [[[-123.13999999999999, 37.3], [-123.23426753222941, 37.24223285838961]], [[-123.17833689803253, 37.2450192823225], [-123.23426753222941, 37.24223285838961], [-123.20639277649506, 37.29080237550426]]]}}, {"type": "Feature", "properties": {"speed": 0.297}, "geometry": {"type": "MultiLineString", "coordinates": [[[-122.89999999999999, 37.3], [-123.03847537338733, 37.4134767755866]], [[-123.0174807032603, 37.361561230455514], [-123.03847537338733, 37.4134767755866], [-122.98344647981847, 37.40309309258937]]]}}, {"type": "Feature", "properties": {"speed": 0.178}, "geometry": {"type": "MultiLineString", "coordinates": [[[-122.66, 37.3], [-122.75885946661234, 37.35286945775151]], [[-122.72818406630965, 37.306018419168886], [-122.75885946661234, 37.35286945775151], [-122.70286168751998, 37.353368192875074]]]}}, {"type": "Feature", "properties": {"speed": 0.127}, "geometry": {"type": "MultiLineString", "coordinates": [[[-122.41999999999999, 37.3], [-122.40402576334773, 37.36633589416742]], [[-122.44163299755854, 37.32484257018617], [-122.40402576334773, 37.36633589416742], [-122.3894296105157, 37.31227155913494]]]}}, {"type": "Feature", "properties": {"speed": 0.087}, "geometry": {"type": "MultiLineString", "coordinates": [[[-126.5, 37.540000000000006], [-126.55790409818292, 37.54625615334139]], [[-126.51192777516877, 37.514284639112326], [-126.55790409818292, 37.54625615334139], [-126.50615988327891, 37.56766961228588]]]}}, {"type": "Feature", "properties": {"speed": 0.44}, "geometry": {"type": "MultiLineString", "coordinates": [[[-126.25999999999999, 37.540000000000006], [-126.2985699123144, 37.38295010566712]], [[-126.26077572783677, 37.42427321808222], [-126.2985699123144, 37.38295010566712], [-126.312921827392, 37.43707978822305]]]}}, {"type": "Feature", "properties": {"speed": 0.35}, "geometry": {"type": "MultiLineString", "coordinates": [[[-126.02, 37.540000000000006], [-126.20998615443706, 37.486092978119856]], [[-126.15537931359789, 37.47367956063856], [-126.20998615443706, 37.486092978119856], [-126.17003642178267, 37.525336052169195]]]}}, {"type": "Feature", "properties": {"speed": 0.588}, "geometry": {"type": "MultiLineString", "coordinates": [[[-125.78, 37.540000000000006], [-125.98067809522152, 37.5232737017423]], [[-125.92947328773786, 37.500600640842606], [-125.98067809522152, 37.5232737017423], [-125.9339332967827, 37.55411075443728]]]}}, {"type": "Feature", "properties": {"speed": 0.737}, "geometry": {"type": "MultiLineString", "coordinates": [[[-125.53999999999999, 37.540000000000006], [-125.71765130102634, 37.46412425577641]], [[-125.66191102129035, 37.45873712157032], [-125.71765130102634, 37.46412425577641], [-125.68300158222956, 37.50811740282575]]]}}, {"type": "Feature", "properties": {"speed": 0.794}, "geometry": {"type": "MultiLineString", "coordinates": [[[-125.3, 37.540000000000006], [-125.45704099833965, 37.43953003823758]], [[-125.40117483049683, 37.443399313435464], [-125.45704099833965, 37.43953003823758], [-125.43011226184541, 37.48863037582118]]]}}, {"type": "Feature", "properties": {"speed": 0.694}, "geometry": {"type": "MultiLineString", "coordinates": [[[-125.06, 37.540000000000006], [-125.16277351737023, 37.40230812966824]], [[-125.11186214302323, 37.425632622419414], [-125.16277351737023, 37.40230812966824], [-125.1548928683011, 37.4577508511946]]]}}, {"type": "Feature", "properties": {"speed": 0.476}, "geometry": {"type": "MultiLineString", "coordinates": [[[-124.82, 37.540000000000006], [-124.84806173637509, 37.38155476093293]], [[-124.81305484559549, 37.425264228991296], [-124.84806173637509, 37.38155476093293], [-124.8659276816981, 37.434628370172504]]]}}, {"type": "Feature", "properties": {"speed": 0.318}, "geometry": {"type": "MultiLineString", "coordinates": [[[-124.58, 37.540000000000006], [-124.64568969786167, 37.38871576726437]], [[-124.6014895603699, 37.42310105257232], [-124.64568969786167, 37.38871576726437], [-124.65074248154616, 37.44448734942803]]]}}, {"type": "Feature", "properties": {"speed": 0.198}, "geometry": {"type": "MultiLineString", "coordinates": [[[-124.34, 37.540000000000006], [-124.21664448469878, 37.57958619013429]], [[-124.27164231377967, 37.59013317057367], [-124.21664448469878, 37.57958619013429], [-124.255234916586, 37.53900567058664]]]}}, {"type": "Feature", "properties": {"speed": 0.165}, "geometry": {"type": "MultiLineString", "coordinates": [[[-124.1, 37.540000000000006], [-123.9984268605709, 37.50422916278244]], [[-124.03586290731509, 37.54587700071151], [-123.9984268605709, 37.50422916278244], [-124.05369909014668, 37.49523023852879]]]}}, {"type": "Feature", "properties": {"speed": 0.365}, "geometry": {"type": "MultiLineString", "coordinates": [[[-123.86, 37.540000000000006], [-123.82520558744669, 37.38239664673806]], [[-123.80958369424317, 37.4361735604905], [-123.82520558744669, 37.38239664673806], [-123.862016755102, 37.4245978070995]]]}}, {"type": "Feature", "properties": {"speed": 0.264}, "geometry": {"type": "MultiLineString", "coordinates": [[[-123.61999999999999, 37.540000000000006], [-123.59387339361011, 37.40085334420205]], [[-123.57655573267353, 37.45410837795178], [-123.59387339361011, 37.40085334420205], [-123.6293291871692, 37.44419947093899]]]}}, {"type": "Feature", "properties": {"speed": 0.078}, "geometry": {"type": "MultiLineString", "coordinates": [[[-123.38, 37.540000000000006], [-123.3277102831006, 37.54236604874954]], [[-123.37801826421209, 37.566964972231816], [-123.3277102831006, 37.54236604874954], [-123.37559108166654, 37.51332419741931]]]}}, {"type": "Feature", "properties": {"speed": 0.08}, "geometry": {"type": "MultiLineString", "coordinates": [[[-123.13999999999999, 37.540000000000006], [-123.10323730796574, 37.57134913370014]], [[-123.15805232841083, 37.55988992196444], [-123.10323730796574, 37.57134913370014], [-123.12321139572408, 37.51903244593971]]]}}, {"type": "Feature", "properties": {"speed": 0.134}, "geometry": {"type": "MultiLineString", "coordinates": [[[-122.89999999999999, 37.540000000000006], [-122.853308545053, 37.47871641159058]], [[-122.86173623603071, 37.53407861914035], [-122.853308545053, 37.47871641159058], [-122.90444773722945, 37.501537082561]]]}}, {"type": "Feature", "properties": {"speed": 0.085}, "geometry": {"type": "MultiLineString", "coordinates": [[[-122.66, 37.540000000000006], [-122.66284710852429, 37.58510555788875]], [[-122.68654571644547, 37.53436724906201], [-122.66284710852429, 37.58510555788875], [-122.63295670633404, 37.5377498416878]]]}}, {"type": "Feature", "properties": {"speed": 0.039}, "geometry": {"type": "MultiLineString", "coordinates": [[[-122.17999999999999, 37.540000000000006], [-122.15448646649718, 37.53612222984434]], [[-122.19903886656577, 37.570049853517794], [-122.15448646649718, 37.53612222984434], [-122.20710734189089, 37.51696385118646]]]}}, {"type": "Feature", "properties": {"speed": 0.266}, "geometry": {"type": "MultiLineString", "coordinates": [[[-126.5, 37.78], [-126.59070564806461, 37.90239491194487]], [[-126.5830146730024, 37.84692556092476], [-126.59070564806461, 37.90239491194487], [-126.53987434707457, 37.87889642604343]]]}}, {"type": "Feature", "properties": {"speed": 0.102}, "geometry": {"type": "MultiLineString", "coordinates": [[[-126.25999999999999, 37.78], [-126.31716726928948, 37.74925239264965]], [[-126.26116846331661, 37.74888670205451], [-126.31716726928948, 37.74925239264965], [-126.28660326727125, 37.79617617958793]]]}}, {"type": "Feature", "properties": {"speed": 0.268}, "geometry": {"type": "MultiLineString", "coordinates": [[[-126.02, 37.78], [-126.15350069522857, 37.87606310725212]], [[-126.12929115847908, 37.82556658924964], [-126.15350069522857, 37.87606310725212], [-126.0979288719659, 37.869151344867404]]]}}, {"type": "Feature", "properties": {"speed": 0.241}, "geometry": {"type": "MultiLineString", "coordinates": [[[-125.78, 37.78], [-125.93530407428742, 37.81859130293131]], [[-125.89408436095235, 37.78068437437498], [-125.93530407428742, 37.81859130293131], [-125.88113538762191, 37.832795294797506]]]}}, {"type": "Feature", "properties": {"speed": 0.393}, "geometry": {"type": "MultiLineString", "coordinates": [[[-125.53999999999999, 37.78], [-125.64299903154372, 37.64225798726082]], [[-125.59206723580321, 37.66553785372622], [-125.64299903154372, 37.64225798726082], [-125.63506979702396, 37.69769378111218]]]}}, {"type": "Feature", "properties": {"speed": 0.481}, "geometry": {"type": "MultiLineString", "coordinates": [[[-125.3, 37.78], [-125.40323287546634, 37.642367391586305]], [[-125.35226692877858, 37.66557239704245], [-125.40323287546634, 37.642367391586305], [-125.39522219574386, 37.697791474892966]]]}}, {"type": "Feature", "properties": {"speed": 0.943}, "geometry": {"type": "MultiLineString", "coordinates": [[[-125.06, 37.78], [-125.11064860358834, 37.625088705420495]], [[-125.06985770957243, 37.66345669944394], [-125.11064860358834, 37.625088705420495], [-125.12089474320913, 37.680143374821654]]]}}, {"type": "Feature", "properties": {"speed": 0.659}, "geometry": {"type": "MultiLineString", "coordinates": [[[-124.82, 37.78], [-124.82716008432209, 37.62010010957718]], [[-124.79814070853007, 37.66799453335116], [-124.82716008432209, 37.62010010957718], [-124.8517826166067, 37.670396539906704]]]}}, {"type": "Feature", "properties": {"speed": 0.29}, "geometry": {"type": "MultiLineString", "coordinates": [[[-124.58, 37.78], [-124.74304302215576, 37.694604634046556]], [[-124.68705162223314, 37.69362323978029], [-124.74304302215576, 37.694604634046556], [-124.71196492486906, 37.74118952289518]]]}}, {"type": "Feature", "properties": {"speed": 0.302}, "geometry": {"type": "MultiLineString", "coordinates": [[[-124.34, 37.78], [-124.51222838103772, 37.69591513901949]], [[-124.45628716360179, 37.69334995056918], [-124.51222838103772, 37.69591513901949], [-124.4798446806125, 37.74160207311196]]]}}, {"type": "Feature", "properties": {"speed": 0.235}, "geometry": {"type": "MultiLineString", "coordinates": [[[-124.1, 37.78], [-124.23165226578712, 37.71043649941683]], [[-124.17565767605667, 37.709658090193884], [-124.23165226578712, 37.71043649941683], [-124.2007432510642, 37.75713374568316]]]}}, {"type": "Feature", "properties": {"speed": 0.511}, "geometry": {"type": "MultiLineString", "coordinates": [[[-123.86, 37.78], [-123.96466693341732, 37.643045662641526]], [[-123.91349382840461, 37.66579018557252], [-123.96466693341732, 37.643045662641526], [-123.95615684289025, 37.69839526389773]]]}}, {"type": "Feature", "properties": {"speed": 0.253}, "geometry": {"type": "MultiLineString", "coordinates": [[[-123.61999999999999, 37.78], [-123.74846210598945, 37.691213129758836]], [[-123.6927691338851, 37.69706914019117], [-123.74846210598945, 37.691213129758836], [-123.72329872760635, 37.74124116578214]]]}}, {"type": "Feature", "properties": {"speed": 0.217}, "geometry": {"type": "MultiLineString", "coordinates": [[[-123.38, 37.78], [-123.45453140616416, 37.87938652813435]], [[-123.44652592645672, 37.82396169349631], [-123.45453140616416, 37.87938652813435], [-123.40356763683296, 37.85617674107034]]]}}, {"type": "Feature", "properties": {"speed": 0.029}, "geometry": {"type": "MultiLineString", "coordinates": [[[-123.13999999999999, 37.78], [-123.13008430261164, 37.76641663044691]], [[-123.13737546176368, 37.821939949856144], [-123.13008430261164, 37.76641663044691], [-123.18074499497703, 37.79028070908111]]]}}, {"type": "Feature", "properties": {"speed": 0.025}, "geometry": {"type": "MultiLineString", "coordinates": [[[-122.89999999999999, 37.78], [-122.8945773477666, 37.792446940876545]], [[-122.9388193123281, 37.75811548923613], [-122.8945773477666, 37.792446940876545], [-122.88959246281358, 37.73666924890202]]]}}, {"type": "Feature", "properties": {"speed": 0.242}, "geometry": {"type": "MultiLineString", "coordinates": [[[-122.66, 37.78], [-122.79109043240547, 37.857357418835164]], [[-122.76241020079905, 37.809259141163274], [-122.79109043240547, 37.857357418835164], [-122.73512113205555, 37.85550339123513]]]}}, {"type": "Feature", "properties": {"speed": 0.305}, "geometry": {"type": "MultiLineString", "coordinates": [[[-126.5, 38.02], [-126.62636326253414, 38.145260144472125]], [[-126.61036162906538, 38.091595000045494], [-126.62636326253414, 38.145260144472125], [-126.57255988114278, 38.129729653467166]]]}}, {"type": "Feature", "properties": {"speed": 0.397}, "geometry": {"type": "MultiLineString", "coordinates": [[[-126.25999999999999, 38.02], [-126.43562852799892, 37.93964657604695]], [[-126.37976926228089, 37.93567890249143], [-126.43562852799892, 37.93964657604695], [-126.4021089557532, 37.98450678421036]]]}}, {"type": "Feature", "properties": {"speed": 0.11}, "geometry": {"type": "MultiLineString", "coordinates": [[[-126.02, 38.02], [-126.09474872469902, 38.01857558414806]], [[-126.04510150095031, 37.99266896001356], [-126.09474872469902, 38.01857558414806], [-126.04612454270413, 38.04635487365173]]]}}, {"type": "Feature", "properties": {"speed": 0.205}, "geometry": {"type": "MultiLineString", "coordinates": [[[-125.78, 38.02], [-125.86981122076511, 37.93681640595198]], [[-125.81551225387585, 37.9505139310846], [-125.86981122076511, 37.93681640595198], [-125.85199943371137, 37.98990821550818]]]}}, {"type": "Feature", "properties": {"speed": 0.43}, "geometry": {"type": "MultiLineString", "coordinates": [[[-125.53999999999999, 38.02], [-125.60083185225724, 37.86734556078911]], [[-125.55769877316703, 37.903060228478985], [-125.60083185225724, 37.86734556078911], [-125.6075798067587, 37.922937512635094]]]}}, {"type": "Feature", "properties": {"speed": 0.226}, "geometry": {"type": "MultiLineString", "coordinates": [[[-125.3, 38.02], [-125.30579999201, 37.89969443202019]], [[-125.27661676971222, 37.94748919675775], [-125.30579999201, 37.89969443202019], [-125.33025013746223, 37.950074888423096]]]}}, {"type": "Feature", "properties": {"speed": 0.87}, "geometry": {"type": "MultiLineString", "coordinates": [[[-125.06, 38.02], [-125.07696428097785, 37.8605591249466]], [[-125.04506757092649, 37.906587375922484], [-125.07696428097785, 37.8605591249466], [-125.09846185266515, 37.912268451102996]]]}}, {"type": "Feature", "properties": {"speed": 0.539}, "geometry": {"type": "MultiLineString", "coordinates": [[[-124.82, 38.02], [-124.86946360737085, 37.86481766819954]], [[-124.8289590066578, 37.903487777083235], [-124.86946360737085, 37.86481766819954], [-124.88011865281231, 37.91979466344883]]]}}, {"type": "Feature", "properties": {"speed": 0.386}, "geometry": {"type": "MultiLineString", "coordinates": [[[-124.58, 38.02], [-124.77668447971344, 37.98010813862086]], [[-124.72318386320394, 37.963564740145834], [-124.77668447971344, 37.98010813862086], [-124.73385718344115, 38.016188918739985]]]}}, {"type": "Feature", "properties": {"speed": 0.28}, "geometry": {"type": "MultiLineString", "coordinates": [[[-124.34, 38.02], [-124.48828403294087, 37.92711380541325]], [[-124.4323834994659, 37.93045002441283], [-124.48828403294087, 37.92711380541325], [-124.46088817729219, 37.97595504918608]]]}}, {"type": "Feature", "properties": {"speed": 0.362}, "geometry": {"type": "MultiLineString", "coordinates": [[[-124.1, 38.02], [-124.22716075778007, 37.89524171918631]], [[-124.1732780710327, 37.910494786710075], [-124.22716075778007, 37.89524171918631], [-124.21088283163466, 37.94882370422237]]]}}, {"type": "Feature", "properties": {"speed": 0.401}, "geometry": {"type": "MultiLineString", "coordinates": [[[-123.86, 38.02], [-123.92072303280234, 37.86731867909432]], [[-123.87761409887501, 37.90306248716857], [-123.92072303280234, 37.86731867909432], [-123.9275085537789, 37.922906058103194]]]}}, {"type": "Feature", "properties": {"speed": 0.222}, "geometry": {"type": "MultiLineString", "coordinates": [[[-123.61999999999999, 38.02], [-123.76881798624991, 38.03461735181511]], [[-123.7225331741757, 38.003094087846186], [-123.76881798624991, 38.03461735181511], [-123.71728428358325, 38.05653258600195]]]}}, {"type": "Feature", "properties": {"speed": 0.204}, "geometry": {"type": "MultiLineString", "coordinates": [[[-123.38, 38.02], [-123.3897394902259, 38.12833451151848]], [[-123.41207902348995, 38.07698331626906], [-123.3897394902259, 38.12833451151848], [-123.35859905072289, 38.081791273260286]]]}}, {"type": "Feature", "properties": {"speed": 0.127}, "geometry": {"type": "MultiLineString", "coordinates": [[[-123.13999999999999, 38.02], [-123.11500727325677, 37.9551866170764]], [[-123.10763896924745, 38.01069975152246], [-123.11500727325677, 37.9551866170764], [-123.15773885352229, 37.99138070565466]]]}}, {"type": "Feature", "properties": {"speed": 0.04}, "geometry": {"type": "MultiLineString", "coordinates": [[[-122.89999999999999, 38.02], [-122.92298649586736, 38.03107541751117]], [[-122.89036672520601, 37.98555673385269], [-122.92298649586736, 38.03107541751117], [-122.86705930699688, 38.033930158313034]]]}}, {"type": "Feature", "properties": {"speed": 0.189}, "geometry": {"type": "MultiLineString", "coordinates": [[[-122.41999999999999, 38.02], [-122.37807652920483, 38.1155118238926]], [[-122.42241266754694, 38.08130207620411], [-122.37807652920483, 38.1155118238926], [-122.3732449369069, 38.05972064434003]]]}}, {"type": "Feature", "properties": {"speed": 0.332}, "geometry": {"type": "MultiLineString", "coordinates": [[[-126.5, 38.260000000000005], [-126.64431002736092, 38.37296037584544]], [[-126.62215981304479, 38.321527234722716], [-126.64431002736092, 38.37296037584544], [-126.58906271957814, 38.36380969375308]]]}}, {"type": "Feature", "properties": {"speed": 0.021}, "geometry": {"type": "MultiLineString", "coordinates": [[[-126.25999999999999, 38.260000000000005], [-126.26943813286721, 38.251700835525995]], [[-126.214803477332, 38.26399125515063], [-126.26943813286721, 38.251700835525995], [-126.25026093400648, 38.30431485498712]]]}}, {"type": "Feature", "properties": {"speed": 0.215}, "geometry": {"type": "MultiLineString", "coordinates": [[[-126.02, 38.260000000000005], [-126.16491289854049, 38.24529166821391]], [[-126.11330840923935, 38.223543641085705], [-126.16491289854049, 38.24529166821391], [-126.11873054017275, 38.27696483944119]]]}}, {"type": "Feature", "properties": {"speed": 0.175}, "geometry": {"type": "MultiLineString", "coordinates": [[[-125.78, 38.260000000000005], [-125.85455195486546, 38.187639372646814]], [[-125.80058801164189, 38.20260242152607], [-125.85455195486546, 38.187639372646814], [-125.83798608338418, 38.241133034907556]]]}}, {"type": "Feature", "properties": {"speed": 0.368}, "geometry": {"type": "MultiLineString", "coordinates": [[[-125.53999999999999, 38.260000000000005], [-125.56270863763987, 38.100996682643895]], [[-125.52918223492932, 38.145851786269795], [-125.56270863763987, 38.100996682643895], [-125.58233851316965, 38.15344349366883]]]}}, {"type": "Feature", "properties": {"speed": 0.222}, "geometry": {"type": "MultiLineString", "coordinates": [[[-125.3, 38.260000000000005], [-125.31547132153064, 38.142119148969655]], [[-125.28245661577276, 38.187352203296335], [-125.31547132153064, 38.142119148969655], [-125.33569570265225, 38.194339589491044]]]}}, {"type": "Feature", "properties": {"speed": 0.691}, "geometry": {"type": "MultiLineString", "coordinates": [[[-125.06, 38.260000000000005], [-125.04999094311148, 38.10019313752652]], [[-125.0262676345807, 38.15091990198428], [-125.04999094311148, 38.10019313752652], [-125.07985828525388, 38.14756340112457]]]}}, {"type": "Feature", "properties": {"speed": 0.319}, "geometry": {"type": "MultiLineString", "coordinates": [[[-124.82, 38.260000000000005], [-124.90110535889863, 38.11322035849095]], [[-124.85383797216662, 38.143250246128524], [-124.90110535889863, 38.11322035849095], [-124.90083595997902, 38.16921971048918]]]}}, {"type": "Feature", "properties": {"speed": 0.255}, "geometry": {"type": "MultiLineString", "coordinates": [[[-124.58, 38.260000000000005], [-124.70217532098293, 38.16397487580777]], [[-124.6469462500108, 38.173234990253846], [-124.70217532098293, 38.16397487580777], [-124.6801270442081, 38.215451797736534]]]}}, {"type": "Feature", "properties": {"speed": 0.311}, "geometry": {"type": "MultiLineString", "coordinates": [[[-124.34, 38.260000000000005], [-124.41867285609246, 38.11240632295609]], [[-124.37186380968858, 38.143145763008874], [-124.41867285609246, 38.11240632295609], [-124.41924816727861, 38.1684033676731]]]}}, {"type": "Feature", "properties": {"speed": 0.232}, "geometry": {"type": "MultiLineString", "coordinates": [[[-124.1, 38.260000000000005], [-124.14238082841038, 38.14101543486119]], [[-124.10059955946323, 38.17830250453911], [-124.14238082841038, 38.14101543486119], [-124.15118229969862, 38.196319450114714]]]}}, {"type": "Feature", "properties": {"speed": 0.221}, "geometry": {"type": "MultiLineString", "coordinates": [[[-123.86, 38.260000000000005], [-123.98243822962046, 38.19216552585364]], [[-123.92643921494252, 38.19249772323526], [-123.98243822962046, 38.19216552585364], [-123.95246136732149, 38.23946655889425]]]}}, {"type": "Feature", "properties": {"speed": 0.205}, "geometry": {"type": "MultiLineString", "coordinates": [[[-123.61999999999999, 38.260000000000005], [-123.72182832926511, 38.18505910247565]], [[-123.66633372117673, 38.192565664479496], [-123.72182832926511, 38.18505910247565], [-123.69816101867362, 38.23581201775512]]]}}, {"type": "Feature", "properties": {"speed": 0.017}, "geometry": {"type": "MultiLineString", "coordinates": [[[-123.38, 38.260000000000005], [-123.36858940601348, 38.2619034188008]], [[-123.42148171364103, 38.28029917357828], [-123.36858940601348, 38.2619034188008], [-123.41264673567622, 38.227335345337146]]]}}, {"type": "Feature", "properties": {"speed": 0.03}, "geometry": {"type": "MultiLineString", "coordinates": [[[-123.13999999999999, 38.260000000000005], [-123.14214617303571, 38.24391411080957]], [[-123.10903489004299, 38.28907651706274], [-123.14214617303571, 38.24391411080957], [-123.16225892495065, 38.296177646954845]]]}}, {"type": "Feature", "properties": {"speed": 0.239}, "geometry": {"type": "MultiLineString", "coordinates": [[[-126.5, 38.5], [-126.54464096575975, 38.37749230116606]], [[-126.50258999484998, 38.41447494365609], [-126.54464096575975, 38.37749230116606], [-126.55304054981009, 38.432858780084096]]]}}, {"type": "Feature", "properties": {"speed": 0.265}, "geometry": {"type": "MultiLineString", "coordinates": [[[-126.25999999999999, 38.5], [-126.1696146672964, 38.377702839672565]], [[-126.17723299596584, 38.43318221483383], [-126.1696146672964, 38.377702839672565], [-126.22041515229684, 38.40126787147226]]]}}, {"type": "Feature", "properties": {"speed": 0.31}, "geometry": {"type": "MultiLineString", "coordinates": [[[-126.02, 38.5], [-125.85210580050945, 38.40870237350464]], [[-125.88245428839357, 38.45576583367436], [-125.85210580050945, 38.40870237350464], [-125.90810569467034, 38.408593497569186]]]}}, {"type": "Feature", "properties": {"speed": 0.2}, "geometry": {"type": "MultiLineString", "coordinates": [[[-125.78, 38.5], [-125.68503995120525, 38.423526272177696]], [[-125.70647630787205, 38.47526100531564], [-125.68503995120525, 38.423526272177696], [-125.74015534098409, 38.43344059563049]]]}}, {"type": "Feature", "properties": {"speed": 0.271}, "geometry": {"type": "MultiLineString", "coordinates": [[[-125.53999999999999, 38.5], [-125.56336470596491, 38.35637375712395]], [[-125.52897424970202, 38.4005698714105], [-125.56336470596491, 38.35637375712395], [-125.5819732109596, 38.409191590682916]]]}}, {"type": "Feature", "properties": {"speed": 0.311}, "geometry": {"type": "MultiLineString", "coordinates": [[[-125.3, 38.5], [-125.26467867866158, 38.34240597486496]], [[-125.24922885754934, 38.396232576351586], [-125.26467867866158, 38.34240597486496], [-125.3016246280512, 38.38448918795165]]]}}, {"type": "Feature", "properties": {"speed": 0.369}, "geometry": {"type": "MultiLineString", "coordinates": [[[-125.06, 38.5], [-125.15836024045944, 38.35973432660103]], [[-125.10816234641791, 38.384557127284985], [-125.15836024045944, 38.35973432660103], [-125.1521258690963, 38.41538621438308]]]}}, {"type": "Feature", "properties": {"speed": 0.303}, "geometry": {"type": "MultiLineString", "coordinates": [[[-124.82, 38.5], [-124.91575130045413, 38.35863298177719]], [[-124.8659624812847, 38.38426642644843], [-124.91575130045413, 38.35863298177719], [-124.91042008658196, 38.41437863773933]]]}}, {"type": "Feature", "properties": {"speed": 0.468}, "geometry": {"type": "MultiLineString", "coordinates": [[[-124.58, 38.5], [-124.68428204387426, 38.36237920820713]], [[-124.63320296098587, 38.38533410509822], [-124.68428204387426, 38.36237920820713], [-124.67599977730114, 38.41776335810953]]]}}, {"type": "Feature", "properties": {"speed": 0.436}, "geometry": {"type": "MultiLineString", "coordinates": [[[-124.34, 38.5], [-124.47193556666375, 38.37777627259493]], [[-124.41763796103294, 38.39147919282245], [-124.47193556666375, 38.37777627259493], [-124.4541290549169, 38.43086985167385]]]}}, {"type": "Feature", "properties": {"speed": 0.387}, "geometry": {"type": "MultiLineString", "coordinates": [[[-124.1, 38.5], [-124.24097817242145, 38.38412445038557]], [[-124.18596464552029, 38.39458924173061], [-124.24097817242145, 38.38412445038557], [-124.22006005526173, 38.436070887938996]]]}}, {"type": "Feature", "properties": {"speed": 0.377}, "geometry": {"type": "MultiLineString", "coordinates": [[[-123.86, 38.5], [-123.94799339085817, 38.35557805001736]], [[-123.8994954789094, 38.38357720244397], [-123.94799339085817, 38.35557805001736], [-123.94535033156868, 38.41151564236447]]]}}, {"type": "Feature", "properties": {"speed": 0.061}, "geometry": {"type": "MultiLineString", "coordinates": [[[-123.61999999999999, 38.5], [-123.64635431848465, 38.47495218925178]], [[-123.59223628175232, 38.489347955998895], [-123.64635431848465, 38.47495218925178], [-123.62922783847087, 38.52826901288501]]]}}, {"type": "Feature", "properties": {"speed": 0.109}, "geometry": {"type": "MultiLineString", "coordinates": [[[-123.38, 38.5], [-123.4448158416152, 38.52814640291035]], [[-123.41043197441118, 38.48394516224794], [-123.4448158416152, 38.52814640291035], [-123.38904409737027, 38.53319739725588]]]}}, {"type": "Feature", "properties": {"speed": 0.365}, "geometry": {"type": "MultiLineString", "coordinates": [[[-126.5, 38.74], [-126.45077311620116, 38.58467551112175]], [[-126.44002741828204, 38.63963485951883], [-126.45077311620116, 38.58467551112175], [-126.49121388785738, 38.62341236680016]]]}}, {"type": "Feature", "properties": {"speed": 0.188}, "geometry": {"type": "MultiLineString", "coordinates": [[[-126.25999999999999, 38.74], [-126.37789666116237, 38.70003434434533]], [[-126.32273420668385, 38.69038532284542], [-126.37789666116237, 38.70003434434533], [-126.33997288818632, 38.74123856067402]]]}}, {"type": "Feature", "properties": {"speed": 0.297}, "geometry": {"type": "MultiLineString", "coordinates": [[[-126.02, 38.74], [-126.21906467199325, 38.70908787824214]], [[-126.16638234118878, 38.690099144187236], [-126.21906467199325, 38.70908787824214], [-126.17462181843565, 38.74315887423077]]]}}, {"type": "Feature", "properties": {"speed": 0.251}, "geometry": {"type": "MultiLineString", "coordinates": [[[-125.78, 38.74], [-125.94999177634716, 38.7207802233845]], [[-125.89814200877778, 38.6996236262337], [-125.94999177634716, 38.7207802233845], [-125.90417456473104, 38.75297934013827]]]}}, {"type": "Feature", "properties": {"speed": 0.477}, "geometry": {"type": "MultiLineString", "coordinates": [[[-125.53999999999999, 38.74], [-125.71007319629192, 38.65054400056601]], [[-125.65408016919012, 38.64966030606143], [-125.71007319629192, 38.65054400056601], [-125.67907643135123, 38.697183046045225]]]}}, {"type": "Feature", "properties": {"speed": 0.246}, "geometry": {"type": "MultiLineString", "coordinates": [[[-125.3, 38.74], [-125.46399939358234, 38.76894267253578]], [[-125.42026866711876, 38.73396234144861], [-125.46399939358234, 38.76894267253578], [-125.41093664758796, 38.786840856453026]]]}}, {"type": "Feature", "properties": {"speed": 0.297}, "geometry": {"type": "MultiLineString", "coordinates": [[[-125.06, 38.74], [-125.2067293202877, 38.630856213867666]], [[-125.15127371271996, 38.63864566759], [-125.2067293202877, 38.630856213867666], [-125.18332112694038, 38.68172915838844]]]}}, {"type": "Feature", "properties": {"speed": 0.593}, "geometry": {"type": "MultiLineString", "coordinates": [[[-124.82, 38.74], [-124.89722754031419, 38.59177212953568]], [[-124.85071000513175, 38.6229509512028], [-124.89722754031419, 38.59177212953568], [-124.89833008256521, 38.64776127491748]]]}}, {"type": "Feature", "properties": {"speed": 0.475}, "geometry": {"type": "MultiLineString", "coordinates": [[[-124.58, 38.74], [-124.63177319422364, 38.58518000483513]], [[-124.59072532780529, 38.623272952509225], [-124.63177319422364, 38.58518000483513], [-124.64164904754038, 38.64030230088007]]]}}, {"type": "Feature", "properties": {"speed": 0.258}, "geometry": {"type": "MultiLineString", "coordinates": [[[-124.34, 38.74], [-124.38185691475869, 38.60614499986172]], [[-124.34156537877043, 38.6450370572476], [-124.38185691475869, 38.60614499986172], [-124.39281384278696, 38.66106262661473]]]}}, {"type": "Feature", "properties": {"speed": 0.343}, "geometry": {"type": "MultiLineString", "coordinates": [[[-124.1, 38.74], [-124.16571681052446, 38.58843304753304]], [[-124.1215349405085, 38.62284180167922], [-124.16571681052446, 38.58843304753304], [-124.17079921251467, 38.64420193841326]]]}}, {"type": "Feature", "properties": {"speed": 0.159}, "geometry": {"type": "MultiLineString", "coordinates": [[[-123.86, 38.74], [-123.95723477810621, 38.70234256029129]], [[-123.90171097666823, 38.69505507280413], [-123.95723477810621, 38.70234256029129], [-123.92110293088611, 38.74512678187429]]]}}, {"type": "Feature", "properties": {"speed": 0.323}, "geometry": {"type": "MultiLineString", "coordinates": [[[-123.61999999999999, 38.74], [-123.8106257122755, 38.79909499898553]], [[-123.77163467244333, 38.75889924283135], [-123.8106257122755, 38.79909499898553], [-123.75573520102982, 38.81018696793557]]]}}, {"type": "Feature", "properties": {"speed": 0.214}, "geometry": {"type": "MultiLineString", "coordinates": [[[-126.5, 38.980000000000004], [-126.64451847970486, 38.96004418984056]], [[-126.59216335974675, 38.94017105686732], [-126.64451847970486, 38.96004418984056], [-126.59950822289328, 38.99336200462118]]]}}, {"type": "Feature", "properties": {"speed": 0.351}, "geometry": {"type": "MultiLineString", "coordinates": [[[-126.25999999999999, 38.980000000000004], [-126.4632641172409, 38.954847052246336]], [[-126.411194358998, 38.934237824300425], [-126.4632641172409, 38.954847052246336], [-126.41778863946048, 38.98752702961235]]]}}, {"type": "Feature", "properties": {"speed": 0.389}, "geometry": {"type": "MultiLineString", "coordinates": [[[-126.02, 38.980000000000004], [-126.20700568377971, 38.9131640675664]], [[-126.15169223055604, 38.90442210597464], [-126.20700568377971, 38.9131640675664], [-126.16976359042765, 38.95498543151781]]]}}, {"type": "Feature", "properties": {"speed": 0.306}, "geometry": {"type": "MultiLineString", "coordinates": [[[-125.78, 38.980000000000004], [-125.92842322468758, 38.86915026932955]], [[-125.87298276593368, 38.87704682130862], [-125.92842322468758, 38.86915026932955], [-125.90511333635487, 38.92006833199809]]]}}, {"type": "Feature", "properties": {"speed": 0.213}, "geometry": {"type": "MultiLineString", "coordinates": [[[-125.53999999999999, 38.980000000000004], [-125.58010343179106, 38.87049884676934]], [[-125.5379923376214, 38.90741301407451], [-125.58010343179106, 38.87049884676934], [-125.58841291122421, 38.925878920365804]]]}}, {"type": "Feature", "properties": {"speed": 0.354}, "geometry": {"type": "MultiLineString", "coordinates": [[[-125.3, 38.980000000000004], [-125.45715724229812, 38.876680966019634]], [[-125.40134347318983, 38.88124420806071], [-125.45715724229812, 38.876680966019634], [-125.43084076992393, 38.92611216347406]]]}}, {"type": "Feature", "properties": {"speed": 0.423}, "geometry": {"type": "MultiLineString", "coordinates": [[[-125.06, 38.980000000000004], [-125.18782591581345, 38.854596223235134]], [[-125.13394279768414, 38.869847766785334], [-125.18782591581345, 38.854596223235134], [-125.17154647421185, 38.908177747860144]]]}}, {"type": "Feature", "properties": {"speed": 0.293}, "geometry": {"type": "MultiLineString", "coordinates": [[[-124.82, 38.980000000000004], [-124.95390882313251, 38.863230388164524]], [[-124.89922375461727, 38.87529452018815], [-124.95390882313251, 38.863230388164524], [-124.93451397157193, 38.915764564972996]]]}}, {"type": "Feature", "properties": {"speed": 0.315}, "geometry": {"type": "MultiLineString", "coordinates": [[[-124.58, 38.980000000000004], [-124.72127433300018, 38.86364206254483]], [[-124.66627138934042, 38.87416233767247], [-124.72127433300018, 38.86364206254483], [-124.70040862198339, 38.915609572623374]]]}}, {"type": "Feature", "properties": {"speed": 0.289}, "geometry": {"type": "MultiLineString", "coordinates": [[[-124.34, 38.980000000000004], [-124.50858264803887, 38.89860610991717]], [[-124.45265318396133, 38.89579629711203], [-124.50858264803887, 38.89860610991717], [-124.47599945368354, 38.94415098279659]]]}}, {"type": "Feature", "properties": {"speed": 0.251}, "geometry": {"type": "MultiLineString", "coordinates": [[[-124.1, 38.980000000000004], [-124.20913264006376, 38.87611397683621]], [[-124.15502595023001, 38.89055233253326], [-124.20913264006376, 38.87611397683621], [-124.1920481281711, 38.92944426329137]]]}}, {"type": "Feature", "properties": {"speed": 0.217}, "geometry": {"type": "MultiLineString", "coordinates": [[[-123.86, 38.980000000000004], [-124.00229924976826, 39.01420812636614]], [[-123.96079125947884, 38.97661708032943], [-124.00229924976826, 39.01420812636614], [-123.94824061237446, 39.028825366978744]]]}}, {"type": "Feature", "properties": {"speed": 0.309}, "geometry": {"type": "MultiLineString", "coordinates": [[[-126.5, 39.22], [-126.70555981993675, 39.235452148392795]], [[-126.65856596293098, 39.20499599296042], [-126.70555981993675, 39.235452148392795], [-126.65454095952975, 39.25854058451937]]]}}, {"type": "Feature", "properties": {"speed": 0.389}, "geometry": {"type": "MultiLineString", "coordinates": [[[-126.25999999999999, 39.22], [-126.46395386219024, 39.19483063302934]], [[-126.41189096767262, 39.1742040721321], [-126.46395386219024, 39.19483063302934], [-126.4184675077208, 39.22749546973612]]]}}, {"type": "Feature", "properties": {"speed": 0.393}, "geometry": {"type": "MultiLineString", "coordinates": [[[-126.02, 39.22], [-126.20527130782604, 39.14930371314287]], [[-126.14978438867458, 39.14174052578042], [-126.20527130782604, 39.14930371314287], [-126.16892739474483, 39.19190793807356]]]}}, {"type": "Feature", "properties": {"speed": 0.441}, "geometry": {"type": "MultiLineString", "coordinates": [[[-125.78, 39.22], [-125.90596029043198, 39.09320379912853]], [[-125.85227794638371, 39.10914763610346], [-125.90596029043198, 39.09320379912853], [-125.8903718723592, 39.14699042592356]]]}}, {"type": "Feature", "properties": {"speed": 0.46}, "geometry": {"type": "MultiLineString", "coordinates": [[[-125.53999999999999, 39.22], [-125.61868033647536, 39.07206615924835]], [[-125.57189945330718, 39.10284844262702], [-125.61868033647536, 39.07206615924835], [-125.61930691573833, 39.12806265376745]]]}}, {"type": "Feature", "properties": {"speed": 0.149}, "geometry": {"type": "MultiLineString", "coordinates": [[[-125.3, 39.22], [-125.34654198884964, 39.14906282097101]], [[-125.29713513874738, 39.17542497496065], [-125.34654198884964, 39.14906282097101], [-125.34203034149303, 39.20488078437106]]]}}, {"type": "Feature", "properties": {"speed": 0.406}, "geometry": {"type": "MultiLineString", "coordinates": [[[-125.06, 39.22], [-125.11914293602109, 39.06670102596283]], [[-125.07640534916341, 39.10288802182574], [-125.11914293602109, 39.06670102596283], [-125.12650202634065, 39.12221538257145]]]}}, {"type": "Feature", "properties": {"speed": 0.38}, "geometry": {"type": "MultiLineString", "coordinates": [[[-124.82, 39.22], [-124.9421804767847, 39.09100303173065]], [[-124.88889318227997, 39.108221168806615], [-124.9421804767847, 39.09100303173065], [-124.92787779145219, 39.145145743080185]]]}}, {"type": "Feature", "properties": {"speed": 0.369}, "geometry": {"type": "MultiLineString", "coordinates": [[[-124.58, 39.22], [-124.75037726938724, 39.129571953117846]], [[-124.69438133814742, 39.12889690898175], [-124.75037726938724, 39.129571953117846], [-124.71955450856515, 39.17632617662016]]]}}, {"type": "Feature", "properties": {"speed": 0.266}, "geometry": {"type": "MultiLineString", "coordinates": [[[-124.34, 39.22], [-124.4942734503746, 39.143612527549266]], [[-124.43831879531348, 39.141359401500786], [-124.4942734503746, 39.143612527549266], [-124.46214508102611, 39.189479377048734]]]}}, {"type": "Feature", "properties": {"speed": 0.317}, "geometry": {"type": "MultiLineString", "coordinates": [[[-124.1, 39.22], [-124.21432379484176, 39.086750344634055]], [[-124.16194708995621, 39.10656651947514], [-124.21432379484176, 39.086750344634055], [-124.20269927657698, 39.14153054703521]]]}}, {"type": "Feature", "properties": {"speed": 0.155}, "geometry": {"type": "MultiLineString", "coordinates": [[[-123.86, 39.22], [-123.95673711657524, 39.1845387455821]], [[-123.90135458478156, 39.17624566580911], [-123.95673711657524, 39.1845387455821], [-123.91983542093863, 39.226660769027596]]]}}, {"type": "Feature", "properties": {"speed": 0.174}, "geometry": {"type": "MultiLineString", "coordinates": [[[-126.5, 39.46], [-126.5907799527049, 39.520438450425864]], [[-126.56475080859441, 39.47085535192572], [-126.5907799527049, 39.520438450425864], [-126.53499360739748, 39.51555135750251]]]}}, {"type": "Feature", "properties": {"speed": 0.126}, "geometry": {"type": "MultiLineString", "coordinates": [[[-126.25999999999999, 39.46], [-126.34451285958289, 39.44468803614378]], [[-126.29136917129863, 39.42703163799624], [-126.34451285958289, 39.44468803614378], [-126.30094185552319, 39.479867115228224]]]}}, {"type": "Feature", "properties": {"speed": 0.289}, "geometry": {"type": "MultiLineString", "coordinates": [[[-126.02, 39.46], [-126.07744281038642, 39.31249137878418]], [[-126.03459158757619, 39.34854373936803], [-126.07744281038642, 39.31249137878418], [-126.08462721125792, 39.36802861299797]]]}}, {"type": "Feature", "properties": {"speed": 0.335}, "geometry": {"type": "MultiLineString", "coordinates": [[[-125.78, 39.46], [-125.83748108774424, 39.30627792239189]], [[-125.79512124920176, 39.34290638234662], [-125.83748108774424, 39.30627792239189], [-125.84541575557364, 39.361712938820475]]]}}, {"type": "Feature", "properties": {"speed": 0.701}, "geometry": {"type": "MultiLineString", "coordinates": [[[-125.53999999999999, 39.46], [-125.60960262358188, 39.30929423034191]], [[-125.56462301240677, 39.34265340566948], [-125.60960262358188, 39.30929423034191], [-125.61337081406218, 39.36516730740506]]]}}, {"type": "Feature", "properties": {"speed": 0.344}, "geometry": {"type": "MultiLineString", "coordinates": [[[-125.3, 39.46], [-125.39981833398342, 39.31978323221207]], [[-125.34944548264097, 39.344249041980625], [-125.39981833398342, 39.31978323221207], [-125.39318903529, 39.375389458471666]]]}}, {"type": "Feature", "properties": {"speed": 0.285}, "geometry": {"type": "MultiLineString", "coordinates": [[[-125.06, 39.46], [-125.0337482983619, 39.30931108355522]], [[-125.01573334317611, 39.36233429912778], [-125.0337482983619, 39.30931108355522], [-125.06863227396042, 39.35311871127508]]]}}, {"type": "Feature", "properties": {"speed": 0.255}, "geometry": {"type": "MultiLineString", "coordinates": [[[-124.82, 39.46], [-124.98203813254833, 39.406230955421925]], [[-124.92693891429563, 39.39622714874934], [-124.98203813254833, 39.406230955421925], [-124.94384998482225, 39.4471902690545]]]}}, {"type": "Feature", "properties": {"speed": 0.461}, "geometry": {"type": "MultiLineString", "coordinates": [[[-124.58, 39.46], [-124.76161189556122, 39.382933511435986]], [[-124.70588434473933, 39.37741625855129], [-124.76161189556122, 39.382933511435986], [-124.72685956313344, 39.426845644051355]]]}}, {"type": "Feature", "properties": {"speed": 0.153}, "geometry": {"type": "MultiLineString", "coordinates": [[[-124.34, 39.46], [-124.41315193116665, 39.40138154014945]], [[-124.35801259876477, 39.41116182758262], [-124.41315193116665, 39.40138154014945], [-124.39158985082398, 39.4530640003395]]]}}, {"type": "Feature", "properties": {"speed": 0.133}, "geometry": {"type": "MultiLineString", "coordinates": [[[-124.1, 39.46], [-124.04365203753113, 39.403966533988715]], [[-124.05956856431017, 39.45765698169864], [-124.04365203753113, 39.403966533988715], [-124.0974307275605, 39.419582311225994]]]}}, {"type": "Feature", "properties": {"speed": 0.215}, "geometry": {"type": "MultiLineString", "coordinates": [[[-123.86, 39.46], [-123.90329146072268, 39.35044027775526]], [[-123.86026203915482, 39.38627976546832], [-123.90329146072268, 39.35044027775526], [-123.91020045405031, 39.40601244535019]]]}}, {"type": "Feature", "properties": {"speed": 0.217}, "geometry": {"type": "MultiLineString", "coordinates": [[[-126.5, 39.7], [-126.41422683745623, 39.605060410499576]], [[-126.42725067839184, 39.6595248903675], [-126.41422683745623, 39.605060410499576], [-126.46709392825652, 39.62352851030206]]]}}, {"type": "Feature", "properties": {"speed": 0.282}, "geometry": {"type": "MultiLineString", "coordinates": [[[-126.25999999999999, 39.7], [-126.10724190831183, 39.60597607940436]], [[-126.1350210842388, 39.65460032628612], [-126.10724190831183, 39.60597607940436], [-126.16316695402944, 39.608872501591264]]]}}, {"type": "Feature", "properties": {"speed": 0.431}, "geometry": {"type": "MultiLineString", "coordinates": [[[-126.02, 39.7], [-125.94543350160122, 39.550639626383784]], [[-125.94336412823105, 39.60660137844584], [-125.94543350160122, 39.550639626383784], [-125.99140560501685, 39.58261720771105]]]}}, {"type": "Feature", "properties": {"speed": 0.357}, "geometry": {"type": "MultiLineString", "coordinates": [[[-125.78, 39.7], [-125.81608755767346, 39.542427596449855]], [[-125.77894613053797, 39.58433838730782], [-125.81608755767346, 39.542427596449855], [-125.83128667340625, 39.59632552666003]]]}}, {"type": "Feature", "properties": {"speed": 0.596}, "geometry": {"type": "MultiLineString", "coordinates": [[[-125.53999999999999, 39.7], [-125.55067391131072, 39.54021091461182]], [[-125.5206102212211, 39.587456809017525], [-125.55067391131072, 39.54021091461182], [-125.57418647952609, 39.591035703208696]]]}}, {"type": "Feature", "properties": {"speed": 0.324}, "geometry": {"type": "MultiLineString", "coordinates": [[[-125.3, 39.7], [-125.43500687479973, 39.57830306589604]], [[-125.38052780721522, 39.59126575061495], [-125.43500687479973, 39.57830306589604], [-125.41647943203844, 39.631149388991666]]]}}, {"type": "Feature", "properties": {"speed": 0.236}, "geometry": {"type": "MultiLineString", "coordinates": [[[-125.06, 39.7], [-125.20668428897858, 39.64483678042889]], [[-125.15123449000458, 39.63700608481846], [-125.20668428897858, 39.64483678042889], [-125.17013533158597, 39.68726523448407]]]}}, {"type": "Feature", "properties": {"speed": 0.331}, "geometry": {"type": "MultiLineString", "coordinates": [[[-124.82, 39.7], [-125.02361632108688, 39.667489749193194]], [[-124.9708533606691, 39.64872622052847], [-125.02361632108688, 39.667489749193194], [-124.97931940696473, 39.701750271653545]]]}}, {"type": "Feature", "properties": {"speed": 0.221}, "geometry": {"type": "MultiLineString", "coordinates": [[[-124.58, 39.7], [-124.71004295527935, 39.637538594007495]], [[-124.65411930695633, 39.63461531532696], [-124.71004295527935, 39.637538594007495], [-124.67736742494769, 39.68301726722412]]]}}, {"type": "Feature", "properties": {"speed": 0.556}, "geometry": {"type": "MultiLineString", "coordinates": [[[-124.34, 39.7], [-124.45819177865982, 39.568354573845866]], [[-124.40538251690145, 39.58698739093119], [-124.45819177865982, 39.568354573845866], [-124.44533778770311, 39.622859389380686]]]}}, {"type": "Feature", "properties": {"speed": 0.054}, "geometry": {"type": "MultiLineString", "coordinates": [[[-124.1, 39.7], [-124.13664879500865, 39.694904402643445]], [[-124.08427510058956, 39.67508027257689], [-124.13664879500865, 39.694904402643445], [-124.09166973689712, 39.728264323677514]]]}}, {"type": "Feature", "properties": {"speed": 0.211}, "geometry": {"type": "MultiLineString", "coordinates": [[[-123.86, 39.7], [-123.8571407733392, 39.58754533976317]], [[-123.83155074461602, 39.63735648741053], [-123.8571407733392, 39.58754533976317], [-123.88522905727807, 39.635991684365926]]]}}, {"type": "Feature", "properties": {"speed": 0.25}, "geometry": {"type": "MultiLineString", "coordinates": [[[-126.5, 39.94], [-126.3303092867136, 39.909818064942954]], [[-126.37399303359435, 39.94485704692673], [-126.3303092867136, 39.909818064942954], [-126.38339600255878, 39.89199110219622]]]}}, {"type": "Feature", "properties": {"speed": 0.126}, "geometry": {"type": "MultiLineString", "coordinates": [[[-126.25999999999999, 39.94], [-126.24900841921567, 39.87349578231573]], [[-126.23053366869398, 39.926360549345965], [-126.24900841921567, 39.87349578231573], [-126.28351063648304, 39.91760470435691]]]}}, {"type": "Feature", "properties": {"speed": 0.081}, "geometry": {"type": "MultiLineString", "coordinates": [[[-126.02, 39.94], [-126.07218900740146, 39.92415869288146]], [[-126.01736502837944, 39.91274241834929], [-126.07218900740146, 39.92415869288146], [-126.03296102134557, 39.964123241046046]]]}}, {"type": "Feature", "properties": {"speed": 0.38}, "geometry": {"type": "MultiLineString", "coordinates": [[[-125.78, 39.94], [-125.76099230602384, 39.780665102005]], [[-125.74015487902386, 39.83264395959173], [-125.76099230602384, 39.780665102005], [-125.79347249665008, 39.82628348883403]]]}}, {"type": "Feature", "properties": {"speed": 0.463}, "geometry": {"type": "MultiLineString", "coordinates": [[[-125.53999999999999, 39.94], [-125.50434352919459, 39.782352896928785]], [[-125.48899878290285, 39.836209547040376], [-125.50434352919459, 39.782352896928785], [-125.54137153579806, 39.82436392794414]]]}}, {"type": "Feature", "properties": {"speed": 0.052}, "geometry": {"type": "MultiLineString", "coordinates": [[[-125.3, 39.94], [-125.32484443411231, 39.91973770089447]], [[-125.26979138259314, 39.92999252992413], [-125.32484443411231, 39.91973770089447], [-125.30372828451404, 39.971603954143994]]]}}, {"type": "Feature", "properties": {"speed": 0.136}, "geometry": {"type": "MultiLineString", "coordinates": [[[-125.06, 39.94], [-125.14895072340965, 39.91491394728422]], [[-125.09436372018514, 39.9024135841308], [-125.14895072340965, 39.91491394728422], [-125.10893854680386, 39.954093351609274]]]}}, {"type": "Feature", "properties": {"speed": 0.349}, "geometry": {"type": "MultiLineString", "coordinates": [[[-124.82, 39.94], [-124.97276136994361, 39.83099638164043]], [[-124.91716251497695, 39.83768722063085], [-124.97276136994361, 39.83099638164043], [-124.94835132727594, 39.881396280618134]]]}}, {"type": "Feature", "properties": {"speed": 0.312}, "geometry": {"type": "MultiLineString", "coordinates": [[[-124.58, 39.94], [-124.62051345586777, 39.78304419159889]], [[-124.58223501773708, 39.82391913715573], [-124.62051345586777, 39.78304419159889], [-124.6342266081724, 39.83733921396623]]]}}, {"type": "Feature", "properties": {"speed": 0.293}, "geometry": {"type": "MultiLineString", "coordinates": [[[-124.34, 39.94], [-124.54126287639141, 39.96381581068039]], [[-124.49561369531496, 39.93137891398774], [-124.54126287639141, 39.96381581068039], [-124.48930381119074, 39.98470254195822]]]}}, {"type": "Feature", "properties": {"speed": 0.235}, "geometry": {"type": "MultiLineString", "coordinates": [[[-124.1, 39.94], [-124.26299332678317, 39.928159023225305]], [[-124.21203258681982, 39.90494258546265], [-124.26299332678317, 39.928159023225305], [-124.21592316272435, 39.9584971124116]]]}}, {"type": "Feature", "properties": {"speed": 0.303}, "geometry": {"type": "MultiLineString", "coordinates": [[[-126.5, 40.18000000000001], [-126.68350851535797, 40.1029109287262]], [[-126.6278012893606, 40.09719210265106], [-126.68350851535797, 40.1029109287262], [-126.64859754648867, 40.14669704813187]]]}}, {"type": "Feature", "properties": {"speed": 0.168}, "geometry": {"type": "MultiLineString", "coordinates": [[[-126.25999999999999, 40.18000000000001], [-126.3710865920782, 40.1518057923019]], [[-126.31684756515193, 40.13787281135411], [-126.3710865920782, 40.1518057923019], [-126.33005692156244, 40.18991833797086]]]}}, {"type": "Feature", "properties": {"speed": 0.081}, "geometry": {"type": "MultiLineString", "coordinates": [[[-126.02, 40.18000000000001], [-126.07171177536249, 40.16249154165388]], [[-126.01655288279647, 40.15282217916764], [-126.07171177536249, 40.16249154165388], [-126.03377281054617, 40.20368177045473]]]}}, {"type": "Feature", "properties": {"speed": 0.361}, "geometry": {"type": "MultiLineString", "coordinates": [[[-125.78, 40.18000000000001], [-125.76910691589117, 40.0202166068554]], [[-125.74566388965985, 40.071073509249445], [-125.76910691589117, 40.0202166068554], [-125.79923520250367, 40.06742133485796]]]}}, {"type": "Feature", "properties": {"speed": 0.322}, "geometry": {"type": "MultiLineString", "coordinates": [[[-125.53999999999999, 40.18000000000001], [-125.74432889461517, 40.14494063735009]], [[-125.69135182497304, 40.12679042820161], [-125.74432889461517, 40.14494063735009], [-125.70043238736275, 40.17971270445917]]]}}, {"type": "Feature", "properties": {"speed": 0.631}, "geometry": {"type": "MultiLineString", "coordinates": [[[-125.3, 40.18000000000001], [-125.44270801842212, 40.06290162384511]], [[-125.38768579552013, 40.07332059629558], [-125.44270801842212, 40.06290162384511], [-125.42174664752278, 40.11483062277653]]]}}, {"type": "Feature", "properties": {"speed": 0.127}, "geometry": {"type": "MultiLineString", "coordinates": [[[-125.06, 40.18000000000001], [-125.148778950274, 40.17942670523888]], [[-125.09946198377438, 40.15289678222211], [-125.148778950274, 40.17942670523888], [-125.09980871910803, 40.206591323026586]]]}}, {"type": "Feature", "properties": {"speed": 0.402}, "geometry": {"type": "MultiLineString", "coordinates": [[[-124.82, 40.18000000000001], [-125.02794059336185, 40.19897346042097]], [[-124.9814388656578, 40.1677710675554], [-125.02794059336185, 40.19897346042097], [-124.97655969440353, 40.2212445902135]]]}}, {"type": "Feature", "properties": {"speed": 0.39}, "geometry": {"type": "MultiLineString", "coordinates": [[[-124.58, 40.18000000000001], [-124.77783939421177, 40.232465390414006]], [[-124.7372186891439, 40.19391726050101], [-124.77783939421177, 40.232465390414006], [-124.72345480075721, 40.24581889163216]]]}}, {"type": "Feature", "properties": {"speed": 0.251}, "geometry": {"type": "MultiLineString", "coordinates": [[[-124.34, 40.18000000000001], [-124.49851151943207, 40.23686680600048]], [[-124.46131966200022, 40.195000760799516], [-124.49851151943207, 40.23686680600048], [-124.44318761081686, 40.24554235414083]]]}}, {"type": "Feature", "properties": {"speed": 0.122}, "geometry": {"type": "MultiLineString", "coordinates": [[[-126.5, 40.42], [-126.5520461909473, 40.36853923842311]], [[-126.49822309975498, 40.38400128403498], [-126.5520461909473, 40.36853923842311], [-126.53597631341529, 40.422183986871644]]]}}, {"type": "Feature", "properties": {"speed": 0.143}, "geometry": {"type": "MultiLineString", "coordinates": [[[-126.25999999999999, 40.42], [-126.27883552223443, 40.34509712278843]], [[-126.24081323833576, 40.386210453073495], [-126.27883552223443, 40.34509712278843], [-126.2928876690933, 40.39930539862023]]]}}, {"type": "Feature", "properties": {"speed": 0.378}, "geometry": {"type": "MultiLineString", "coordinates": [[[-126.02, 40.42], [-125.91572030305862, 40.28108519136906]], [[-125.92375270267237, 40.33650613106197], [-125.91572030305862, 40.28108519136906], [-125.96669533979396, 40.304270221665156]]]}}, {"type": "Feature", "properties": {"speed": 0.453}, "geometry": {"type": "MultiLineString", "coordinates": [[[-125.78, 40.42], [-125.61760826289654, 40.31843510836363]], [[-125.64503835736387, 40.36725713123767], [-125.61760826289654, 40.31843510836363], [-125.67351112185555, 40.321732131294816]]]}}, {"type": "Feature", "properties": {"speed": 0.206}, "geometry": {"type": "MultiLineString", "coordinates": [[[-125.53999999999999, 40.42], [-125.50196476742624, 40.52603066533804]], [[-125.54382963084235, 40.48883747763988], [-125.50196476742624, 40.52603066533804], [-125.49328746138431, 40.47070703241454]]]}}, {"type": "Feature", "properties": {"speed": 0.23}, "geometry": {"type": "MultiLineString", "coordinates": [[[-125.3, 40.42], [-125.45984591841697, 40.43433324906975]], [[-125.41329548833595, 40.40320356132201], [-125.45984591841697, 40.43433324906975], [-125.4084998846992, 40.456684643242205]]]}}, {"type": "Feature", "properties": {"speed": 0.496}, "geometry": {"type": "MultiLineString", "coordinates": [[[-125.06, 40.42], [-125.22607519984246, 40.32194807201624]], [[-125.17010631270952, 40.323814532061604], [-125.22607519984246, 40.32194807201624], [-125.19740565304014, 40.37005271925691]]]}}, {"type": "Feature", "properties": {"speed": 0.211}, "geometry": {"type": "MultiLineString", "coordinates": [[[-124.82, 40.42], [-124.95898496329784, 40.381131636053325]], [[-124.90442547152726, 40.3685117367773], [-124.95898496329784, 40.381131636053325], [-124.91888706501523, 40.42022330464547]]]}}, {"type": "Feature", "properties": {"speed": 0.14}, "geometry": {"type": "MultiLineString", "coordinates": [[[-124.58, 40.42], [-124.67212346374988, 40.445729537010195]], [[-124.63201234384223, 40.40665143496116], [-124.67212346374988, 40.445729537010195], [-124.61756824415721, 40.458367891934586]]]}}, {"type": "Feature", "properties": {"speed": 0.025}, "geometry": {"type": "MultiLineString", "coordinates": [[[-126.5, 40.660000000000004], [-126.5157343801111, 40.65364987481386]], [[-126.4601133802277, 40.647145693699365], [-126.5157343801111, 40.65364987481386], [-126.48020914593162, 40.6969391083078]]]}}, {"type": "Feature", "properties": {"speed": 0.227}, "geometry": {"type": "MultiLineString", "coordinates": [[[-126.25999999999999, 40.660000000000004], [-126.41401998162269, 40.62770707517863]], [[-126.3604118922173, 40.61151532572702], [-126.41401998162269, 40.62770707517863], [-126.37143051994695, 40.66406828739951]]]}}, {"type": "Feature", "properties": {"speed": 0.66}, "geometry": {"type": "MultiLineString", "coordinates": [[[-126.02, 40.660000000000004], [-126.13150991171598, 40.52418950557709]], [[-126.07957434356857, 40.54513459476776], [-126.13150991171598, 40.52418950557709], [-126.12107368931751, 40.579208459238984]]]}}, {"type": "Feature", "properties": {"speed": 0.555}, "geometry": {"type": "MultiLineString", "coordinates": [[[-125.78, 40.660000000000004], [-125.78101177906618, 40.50000185132027]], [[-125.7538537164333, 40.5489757181681], [-125.78101177906618, 40.50000185132027], [-125.80754830316901, 40.54931526621459]]]}}, {"type": "Feature", "properties": {"speed": 0.228}, "geometry": {"type": "MultiLineString", "coordinates": [[[-125.53999999999999, 40.660000000000004], [-125.43770293980836, 40.753401521444324]], [[-125.49209821080181, 40.74009158179197], [-125.43770293980836, 40.753401521444324], [-125.45589290212745, 40.70043808810745]]]}}, {"type": "Feature", "properties": {"speed": 0.188}, "geometry": {"type": "MultiLineString", "coordinates": [[[-125.3, 40.660000000000004], [-125.23659074604511, 40.748063873350624]], [[-125.28709470874067, 40.723869870952385], [-125.23659074604511, 40.748063873350624], [-125.24351960252051, 40.69249417884055]]]}}, {"type": "Feature", "properties": {"speed": 0.376}, "geometry": {"type": "MultiLineString", "coordinates": [[[-125.06, 40.660000000000004], [-125.06287981028669, 40.50001491963864]], [[-125.03515184449672, 40.548668387276116], [-125.06287981028669, 40.50001491963864], [-125.08883880776057, 40.54963477907164]]]}}, {"type": "Feature", "properties": {"speed": 0.341}, "geometry": {"type": "MultiLineString", "coordinates": [[[-124.82, 40.660000000000004], [-124.93343460530042, 40.52510986089707]], [[-124.8812564412413, 40.54544306515563], [-124.93343460530042, 40.52510986089707], [-124.92235242435507, 40.580002349139946]]]}}, {"type": "Feature", "properties": {"speed": 0.163}, "geometry": {"type": "MultiLineString", "coordinates": [[[-124.58, 40.660000000000004], [-124.66525113761425, 40.717716570794586]], [[-124.63960724814282, 40.66793313044765], [-124.66525113761425, 40.717716570794586], [-124.60950436442555, 40.71239705210891]]]}}, {"type": "Feature", "properties": {"speed": 0.033}, "geometry": {"type": "MultiLineString", "coordinates": [[[-124.34, 40.660000000000004], [-124.33328403919936, 40.64320777527988]], [[-124.32660565761758, 40.698808127971645], [-124.33328403919936, 40.64320777527988], [-124.37646177776647, 40.67886843837286]]]}}, {"type": "Feature", "properties": {"speed": 0.05}, "geometry": {"type": "MultiLineString", "coordinates": [[[-126.5, 40.900000000000006], [-126.51331080589443, 40.92487255260349]], [[-126.51379359129032, 40.868874633729114], [-126.51331080589443, 40.92487255260349], [-126.46645103201466, 40.894210498009315]]]}}, {"type": "Feature", "properties": {"speed": 0.113}, "geometry": {"type": "MultiLineString", "coordinates": [[[-126.25999999999999, 40.900000000000006], [-126.33932752370833, 40.90765232881532]], [[-126.29298788329245, 40.87620971877533], [-126.33932752370833, 40.90765232881532], [-126.28783206510326, 40.92965727696459]]]}}, {"type": "Feature", "properties": {"speed": 0.41}, "geometry": {"type": "MultiLineString", "coordinates": [[[-126.02, 40.900000000000006], [-126.05085422702133, 40.74170876443387]], [[-126.01509998829223, 40.78480904764526], [-126.05085422702133, 40.74170876443387], [-126.06780376715082, 40.79508210131099]]]}}, {"type": "Feature", "properties": {"speed": 0.883}, "geometry": {"type": "MultiLineString", "coordinates": [[[-125.78, 40.900000000000006], [-125.87531623125076, 40.757138171792036]], [[-125.82570750890729, 40.783118446375795], [-125.87531623125076, 40.757138171792036], [-125.87037417141698, 40.81291967450216]]]}}, {"type": "Feature", "properties": {"speed": 0.349}, "geometry": {"type": "MultiLineString", "coordinates": [[[-125.53999999999999, 40.900000000000006], [-125.68909461140632, 40.78642123341561]], [[-125.63373186122902, 40.79484535905604], [-125.68909461140632, 40.78642123341561], [-125.66627064712512, 40.83755895583742]]]}}, {"type": "Feature", "properties": {"speed": 0.086}, "geometry": {"type": "MultiLineString", "coordinates": [[[-125.3, 40.900000000000006], [-125.26875241585076, 40.93956720605493]], [[-125.32028052259521, 40.91763881771168], [-125.26875241585076, 40.93956720605493], [-125.27814106820736, 40.88435984054156]]]}}, {"type": "Feature", "properties": {"speed": 0.198}, "geometry": {"type": "MultiLineString", "coordinates": [[[-125.06, 40.900000000000006], [-125.08689658291638, 40.79642924070359]], [[-125.0485579415685, 40.837247724012], [-125.08689658291638, 40.79642924070359], [-125.10052969594017, 40.85074441564836]]]}}, {"type": "Feature", "properties": {"speed": 0.153}, "geometry": {"type": "MultiLineString", "coordinates": [[[-124.82, 40.900000000000006], [-124.89560676336288, 40.841749848425394]], [[-124.8402907306822, 40.850475473243705], [-124.89560676336288, 40.841749848425394], [-124.87306174346296, 40.89301116013034]]]}}, {"type": "Feature", "properties": {"speed": 0.261}, "geometry": {"type": "MultiLineString", "coordinates": [[[-124.58, 40.900000000000006], [-124.70222897261381, 40.79615649729968]], [[-124.64739303659913, 40.80751519975167], [-124.70222897261381, 40.79615649729968], [-124.68215900847905, 40.8484364795073]]]}}, {"type": "Feature", "properties": {"speed": 0.022}, "geometry": {"type": "MultiLineString", "coordinates": [[[-124.34, 40.900000000000006], [-124.34369107653387, 40.91133796293289]], [[-124.3540069720908, 40.85629632143431], [-124.34369107653387, 40.91133796293289], [-124.30294883441312, 40.87291831031897]]]}}, {"type": "Feature", "properties": {"speed": 0.466}, "geometry": {"type": "MultiLineString", "coordinates": [[[-126.5, 41.14], [-126.66790881752968, 41.04197105705738]], [[-126.61193146228176, 41.043563445027594], [-126.66790881752968, 41.04197105705738], [-126.63900407168632, 41.08993474819693]]]}}, {"type": "Feature", "properties": {"speed": 0.183}, "geometry": {"type": "MultiLineString", "coordinates": [[[-126.25999999999999, 41.14], [-126.21010367408394, 41.04965357422829]], [[-126.21036073138364, 41.10565298423897], [-126.21010367408394, 41.04965357422829], [-126.25736444142606, 41.07969387832518]]]}}, {"type": "Feature", "properties": {"speed": 0.316}, "geometry": {"type": "MultiLineString", "coordinates": [[[-126.02, 41.14], [-125.91093893021345, 41.0026903295517]], [[-125.9204814513556, 41.05787130716402], [-125.91093893021345, 41.0026903295517], [-125.96252796796445, 41.024474984332656]]]}}, {"type": "Feature", "properties": {"speed": 0.366}, "geometry": {"type": "MultiLineString", "coordinates": [[[-125.78, 41.14], [-125.81572217747569, 40.98227791428566]], [[-125.77868182085756, 41.02427805692353], [-125.81572217747569, 40.98227791428566], [-125.83105108877228, 41.03613907356079]]]}}, {"type": "Feature", "properties": {"speed": 0.472}, "geometry": {"type": "MultiLineString", "coordinates": [[[-125.53999999999999, 41.14], [-125.71339675128459, 41.04754818171263]], [[-125.65739964239408, 41.046979151041675], [-125.71339675128459, 41.04754818171263], [-125.68266256143002, 41.09436067549349]]]}}, {"type": "Feature", "properties": {"speed": 0.369}, "geometry": {"type": "MultiLineString", "coordinates": [[[-125.3, 41.14], [-125.49415605068207, 41.0750401237607]], [[-125.43903227522533, 41.06517253137978], [-125.49415605068207, 41.0750401237607], [-125.45606925501617, 41.11609369846383]]]}}, {"type": "Feature", "properties": {"speed": 0.341}, "geometry": {"type": "MultiLineString", "coordinates": [[[-125.06, 41.14], [-125.2716457670927, 41.15394286379218]], [[-125.22437230428342, 41.12392254210805], [-125.2716457670927, 41.15394286379218], [-125.22084257647867, 41.177502062068754]]]}}, {"type": "Feature", "properties": {"speed": 0.155}, "geometry": {"type": "MultiLineString", "coordinates": [[[-124.82, 41.14], [-124.87274314433336, 41.067676282823086]], [[-124.8220937203603, 41.09156426832202], [-124.87274314433336, 41.067676282823086], [-124.86547819045268, 41.123203037141266]]]}}, {"type": "Feature", "properties": {"speed": 0.236}, "geometry": {"type": "MultiLineString", "coordinates": [[[-124.58, 41.14], [-124.71851538300514, 41.06956072092056]], [[-124.6625398332217, 41.06790608306254], [-124.71851538300514, 41.06956072092056], [-124.68687933463701, 41.11576851727193]]]}}, {"type": "Feature", "properties": {"speed": 0.1}, "geometry": {"type": "MultiLineString", "coordinates": [[[-124.34, 41.14], [-124.40973277032376, 41.13018714018166]], [[-124.35732643676482, 41.11044945533997], [-124.40973277032376, 41.13018714018166], [-124.3648088183582, 41.163621232659196]]]}}, {"type": "Feature", "properties": {"speed": 0.386}, "geometry": {"type": "MultiLineString", "coordinates": [[[-126.5, 41.38], [-126.365857899189, 41.25562521547079]], [[-126.38364163835719, 41.30872642657937], [-126.365857899189, 41.25562521547079], [-126.42014962287456, 41.26935142176572]]]}}, {"type": "Feature", "properties": {"speed": 0.348}, "geometry": {"type": "MultiLineString", "coordinates": [[[-126.25999999999999, 41.38], [-126.05290901124476, 41.34186543628574]], [[-126.0963789013201, 41.37716938304581], [-126.05290901124476, 41.34186543628574], [-126.10610313993611, 41.32436158891527]]]}}, {"type": "Feature", "properties": {"speed": 0.241}, "geometry": {"type": "MultiLineString", "coordinates": [[[-126.02, 41.38], [-125.88904548108577, 41.29751724481583]], [[-125.91632039689722, 41.346426129156804], [-125.88904548108577, 41.29751724481583], [-125.94493758806331, 41.300991777534286]]]}}, {"type": "Feature", "properties": {"speed": 0.151}, "geometry": {"type": "MultiLineString", "coordinates": [[[-125.78, 41.38], [-125.71481916189194, 41.315744620859626]], [[-125.73096916236227, 41.36936530236227], [-125.71481916189194, 41.315744620859626], [-125.76866529205593, 41.3311262419173]]]}}, {"type": "Feature", "properties": {"speed": 0.217}, "geometry": {"type": "MultiLineString", "coordinates": [[[-125.53999999999999, 41.38], [-125.5278184525296, 41.264887464344504]], [[-125.5062914505704, 41.31658454537089], [-125.5278184525296, 41.264887464344504], [-125.55968895741557, 41.31093386396828]]]}}, {"type": "Feature", "properties": {"speed": 0.414}, "geometry": {"type": "MultiLineString", "coordinates": [[[-125.3, 41.38], [-125.39009677171707, 41.234983508586886]], [[-125.34135684736742, 41.26255921844885], [-125.39009677171707, 41.234983508586886], [-125.38696663793743, 41.29089596035321]]]}}, {"type": "Feature", "properties": {"speed": 0.314}, "geometry": {"type": "MultiLineString", "coordinates": [[[-125.06, 41.38], [-125.15206554293633, 41.23568138957024]], [[-125.10300036632972, 41.26267413756972], [-125.15206554293633, 41.23568138957024], [-125.14826912911975, 41.291552556035]]]}}, {"type": "Feature", "properties": {"speed": 0.131}, "geometry": {"type": "MultiLineString", "coordinates": [[[-124.82, 41.38], [-124.73077167540788, 41.36013862408698]], [[-124.77290896858668, 41.39702288256623], [-124.73077167540788, 41.36013862408698], [-124.78457558538187, 41.34460996440526]]]}}, {"type": "Feature", "properties": {"speed": 0.235}, "geometry": {"type": "MultiLineString", "coordinates": [[[-124.58, 41.38], [-124.71357642292976, 41.304801595509055]], [[-124.65758096754291, 41.30551502106137], [-124.71357642292976, 41.304801595509055], [-124.6839222761682, 41.35230561196918]]]}}, {"type": "Feature", "properties": {"speed": 0.383}, "geometry": {"type": "MultiLineString", "coordinates": [[[-124.34, 41.38], [-124.52522284924984, 41.300725598931315]], [[-124.4694785326331, 41.29538039875428], [-124.52522284924984, 41.300725598931315], [-124.49060623558582, 41.34474479995127]]]}}, {"type": "Feature", "properties": {"speed": 0.136}, "geometry": {"type": "MultiLineString", "coordinates": [[[-124.1, 41.38], [-124.09601035006344, 41.30764035612345]], [[-124.07190878413955, 41.35818849674224], [-124.09601035006344, 41.30764035612345], [-124.12552301208642, 41.355232401470516]]]}}, {"type": "Feature", "properties": {"speed": 0.639}, "geometry": {"type": "MultiLineString", "coordinates": [[[-126.5, 41.620000000000005], [-126.42847365885973, 41.46919919073582]], [[-126.42527697196, 41.5251078769381], [-126.42847365885973, 41.46919919073582], [-126.47379201879463, 41.5020967020826]]]}}, {"type": "Feature", "properties": {"speed": 0.069}, "geometry": {"type": "MultiLineString", "coordinates": [[[-126.25999999999999, 41.620000000000005], [-126.21730255544185, 41.60147341050208]], [[-126.25169936314944, 41.645664581786924], [-126.21730255544185, 41.60147341050208], [-126.27307281838164, 41.59640608659034]]]}}, {"type": "Feature", "properties": {"speed": 0.114}, "geometry": {"type": "MultiLineString", "coordinates": [[[-126.02, 41.620000000000005], [-126.0851838183403, 41.58384481713176]], [[-126.02918497158008, 41.58420420762318], [-126.0851838183403, 41.58384481713176], [-126.05522992898054, 41.63116040137441]]]}}, {"type": "Feature", "properties": {"speed": 0.324}, "geometry": {"type": "MultiLineString", "coordinates": [[[-125.78, 41.620000000000005], [-125.96329480290413, 41.53739163547755]], [[-125.90745891104817, 41.53310757424444], [-125.96329480290413, 41.53739163547755], [-125.92952162855934, 41.582061230222486]]]}}, {"type": "Feature", "properties": {"speed": 0.207}, "geometry": {"type": "MultiLineString", "coordinates": [[[-125.53999999999999, 41.620000000000005], [-125.62148273825645, 41.52796220302582]], [[-125.56880436899796, 41.546961924399206], [-125.62148273825645, 41.52796220302582], [-125.60900820813184, 41.58255511555273]]]}}, {"type": "Feature", "properties": {"speed": 0.261}, "geometry": {"type": "MultiLineString", "coordinates": [[[-125.3, 41.620000000000005], [-125.32109794877469, 41.48182010173798]], [[-125.28714003246404, 41.52634941702396], [-125.32109794877469, 41.48182010173798], [-125.34022053507609, 41.53445399474568]]]}}, {"type": "Feature", "properties": {"speed": 0.258}, "geometry": {"type": "MultiLineString", "coordinates": [[[-125.06, 41.620000000000005], [-125.16393963754177, 41.506676073074345]], [[-125.1109352707156, 41.52474641057416], [-125.16393963754177, 41.506676073074345], [-125.1505069206163, 41.56104115484565]]]}}, {"type": "Feature", "properties": {"speed": 0.406}, "geometry": {"type": "MultiLineString", "coordinates": [[[-124.82, 41.620000000000005], [-124.98901387274265, 41.52183731913567]], [[-124.93303306213333, 41.523303212557714], [-124.98901387274265, 41.52183731913567], [-124.96000081846753, 41.56973557256552]]]}}, {"type": "Feature", "properties": {"speed": 0.205}, "geometry": {"type": "MultiLineString", "coordinates": [[[-124.58, 41.620000000000005], [-124.6054083853215, 41.512501883208756]], [[-124.56797607138067, 41.55415307614528], [-124.6054083853215, 41.512501883208756], [-124.62023189012402, 41.56650432486994]]]}}, {"type": "Feature", "properties": {"speed": 0.079}, "geometry": {"type": "MultiLineString", "coordinates": [[[-124.34, 41.620000000000005], [-124.38374717175961, 41.59343822382391]], [[-124.32780556678378, 41.595994946868814], [-124.38374717175961, 41.59343822382391], [-124.35567320185568, 41.64189286461128]]]}}, {"type": "Feature", "properties": {"speed": 0.367}, "geometry": {"type": "MultiLineString", "coordinates": [[[-124.1, 41.620000000000005], [-124.0717770293355, 41.4613971811533]], [[-124.05395434192876, 41.514485332501806], [-124.0717770293355, 41.4613971811533], [-124.10681952922972, 41.50507810606524]]]}}, {"type": "Feature", "properties": {"speed": 0.576}, "geometry": {"type": "MultiLineString", "coordinates": [[[-126.5, 41.86], [-126.61595722287893, 41.725309447050094]], [[-126.56354698347961, 41.74503675822282], [-126.61595722287893, 41.725309447050094], [-126.6042398096405, 41.780069854526666]]]}}, {"type": "Feature", "properties": {"speed": 0.411}, "geometry": {"type": "MultiLineString", "coordinates": [[[-126.25999999999999, 41.86], [-126.47041333675384, 41.827725947499275]], [[-126.41776638742712, 41.80863933631262], [-126.47041333675384, 41.827725947499275], [-126.42590723912382, 41.861714287761]]]}}, {"type": "Feature", "properties": {"speed": 0.207}, "geometry": {"type": "MultiLineString", "coordinates": [[[-126.02, 41.86], [-125.98589287370443, 41.75265162497759]], [[-125.97518684497021, 41.807618714665345], [-125.98589287370443, 41.75265162497759], [-126.02636159278421, 41.79135928282511]]]}}, {"type": "Feature", "properties": {"speed": 0.242}, "geometry": {"type": "MultiLineString", "coordinates": [[[-125.78, 41.86], [-125.86473909646273, 41.74759184628725]], [[-125.81371710852778, 41.77067337022233], [-125.86473909646273, 41.74759184628725], [-125.85659423140801, 41.802996369326806]]]}}, {"type": "Feature", "properties": {"speed": 0.195}, "geometry": {"type": "MultiLineString", "coordinates": [[[-125.53999999999999, 41.86], [-125.65032220721244, 41.795962222516536]], [[-125.59434103084155, 41.79741408068147], [-125.65032220721244, 41.795962222516536], [-125.62129714505389, 41.84385320044236]]]}}, {"type": "Feature", "properties": {"speed": 0.399}, "geometry": {"type": "MultiLineString", "coordinates": [[[-125.3, 41.86], [-125.4673566699028, 41.75968053251505]], [[-125.41140147300545, 41.76192016198883], [-125.4673566699028, 41.75968053251505], [-125.43900853121278, 41.80797528412235]]]}}, {"type": "Feature", "properties": {"speed": 0.328}, "geometry": {"type": "MultiLineString", "coordinates": [[[-125.06, 41.86], [-125.08752044796944, 41.701318279504775]], [[-125.0526696282404, 41.7451522887238], [-125.08752044796944, 41.701318279504775], [-125.10557551661405, 41.754327849360024]]]}}, {"type": "Feature", "properties": {"speed": 0.269}, "geometry": {"type": "MultiLineString", "coordinates": [[[-124.82, 41.86], [-124.66018103778362, 41.78035034298897]], [[-124.69219043873672, 41.826300296749814], [-124.66018103778362, 41.78035034298897], [-124.71614134377104, 41.778242226817376]]]}}, {"type": "Feature", "properties": {"speed": 0.224}, "geometry": {"type": "MultiLineString", "coordinates": [[[-124.58, 41.86], [-124.657201962471, 41.75498074352741]], [[-124.60646182277645, 41.778675431197385], [-124.657201962471, 41.75498074352741], [-124.64972534016233, 41.81047939323039]]]}}, {"type": "Feature", "properties": {"speed": 0.074}, "geometry": {"type": "MultiLineString", "coordinates": [[[-124.34, 41.86], [-124.38856893047691, 41.87637095399201]], [[-124.3505741228209, 41.83523223024925], [-124.38856893047691, 41.87637095399201], [-124.33342320590779, 41.88611513490921]]]}}, {"type": "Feature", "properties": {"speed": 0.409}, "geometry": {"type": "MultiLineString", "coordinates": [[[-126.5, 42.1], [-126.65715381503105, 41.99043984562159]], [[-126.60148501098202, 41.99652131384488], [-126.65715381503105, 41.99043984562159], [-126.63219321089338, 42.04056936029191]]]}}, {"type": "Feature", "properties": {"speed": 0.509}, "geometry": {"type": "MultiLineString", "coordinates": [[[-126.25999999999999, 42.1], [-126.45607120752334, 42.03340013921261]], [[-126.40090285414142, 42.02378490207941], [-126.45607120752334, 42.03340013921261], [-126.4181726759205, 42.07462757306859]]]}}, {"type": "Feature", "properties": {"speed": 0.467}, "geometry": {"type": "MultiLineString", "coordinates": [[[-126.02, 42.1], [-126.21438831508159, 42.03073753267527]], [[-126.15908334562643, 42.0219420592052], [-126.21438831508159, 42.03073753267527], [-126.17710577683629, 42.0725228451904]]]}}, {"type": "Feature", "properties": {"speed": 0.407}, "geometry": {"type": "MultiLineString", "coordinates": [[[-125.78, 42.1], [-125.98653632283211, 42.05400021970272]], [[-125.93273049629734, 42.038478202085464], [-125.98653632283211, 42.05400021970272], [-125.94440358323564, 42.090889679635005]]]}}, {"type": "Feature", "properties": {"speed": 0.374}, "geometry": {"type": "MultiLineString", "coordinates": [[[-125.53999999999999, 42.1], [-125.6973906391859, 41.990627168118955]], [[-125.64171272513515, 41.996624658173744], [-125.6973906391859, 41.990627168118955], [-125.67235444770112, 42.04071897499331]]]}}, {"type": "Feature", "properties": {"speed": 0.377}, "geometry": {"type": "MultiLineString", "coordinates": [[[-125.3, 42.1], [-125.3778265595436, 41.950783824920656]], [[-125.33129520989509, 41.98194202608643], [-125.3778265595436, 41.950783824920656], [-125.37890428625316, 42.00677345347041]]]}}, {"type": "Feature", "properties": {"speed": 0.324}, "geometry": {"type": "MultiLineString", "coordinates": [[[-125.06, 42.1], [-125.16594744235277, 41.960642924904825]], [[-125.11483187312307, 41.98351645944416], [-125.16594744235277, 41.960642924904825], [-125.15757699806706, 42.01601381673853]]]}}, {"type": "Feature", "properties": {"speed": 0.415}, "geometry": {"type": "MultiLineString", "coordinates": [[[-124.82, 42.1], [-124.91284541010856, 41.95558983683586]], [[-124.86368491086253, 41.98240858613334], [-124.91284541010856, 41.95558983683586], [-124.90885107839097, 42.01144720263599]]]}}, {"type": "Feature", "properties": {"speed": 0.207}, "geometry": {"type": "MultiLineString", "coordinates": [[[-124.58, 42.1], [-124.69683429777622, 42.03127926439047]], [[-124.64086241499386, 42.033053619991385], [-124.69683429777622, 42.03127926439047], [-124.66808562920004, 42.0793366681395]]]}}, {"type": "Feature", "properties": {"speed": 0.166}, "geometry": {"type": "MultiLineString", "coordinates": [[[-126.5, 42.34], [-126.58801935613155, 42.28022618979216]], [[-126.53228022029941, 42.28562514679202], [-126.58801935613155, 42.28022618979216], [-126.56244643817796, 42.330046124229476]]]}}, {"type": "Feature", "properties": {"speed": 0.146}, "geometry": {"type": "MultiLineString", "coordinates": [[[-126.25999999999999, 42.34], [-126.36538927465676, 42.33471024097875]], [[-126.31496057189504, 42.310359759715126], [-126.36538927465676, 42.33471024097875], [-126.31765230682322, 42.363987909978505]]]}}, {"type": "Feature", "properties": {"speed": 0.214}, "geometry": {"type": "MultiLineString", "coordinates": [[[-126.02, 42.34], [-126.17439996123314, 42.334127812795344]], [[-126.12427049471339, 42.30916711195492], [-126.17439996123314, 42.334127812795344], [-126.12631118936288, 42.362823980135445]]]}}, {"type": "Feature", "properties": {"speed": 0.313}, "geometry": {"type": "MultiLineString", "coordinates": [[[-125.78, 42.34], [-125.94386473178864, 42.23545643329621]], [[-125.88799371218279, 42.23925500779249], [-125.94386473178864, 42.23545643329621], [-125.91687388128665, 42.284522653745505]]]}}, {"type": "Feature", "properties": {"speed": 0.569}, "geometry": {"type": "MultiLineString", "coordinates": [[[-125.53999999999999, 42.34], [-125.59640807002782, 42.185528140664104]], [[-125.55433184131638, 42.22248204407664], [-125.59640807002782, 42.185528140664104], [-125.60476982412985, 42.24090034549954]]]}}, {"type": "Feature", "properties": {"speed": 0.524}, "geometry": {"type": "MultiLineString", "coordinates": [[[-125.3, 42.34], [-125.27505354322493, 42.181066107153896]], [[-125.25615094602291, 42.233779405466734], [-125.27505354322493, 42.181066107153896], [-125.30919713741356, 42.22545321086525]]]}}, {"type": "Feature", "properties": {"speed": 0.173}, "geometry": {"type": "MultiLineString", "coordinates": [[[-125.06, 42.34], [-125.09402108326555, 42.251043711006645]], [[-125.0513894458747, 42.287355465210695], [-125.09402108326555, 42.251043711006645], [-125.10154239885053, 42.30653632143246]]]}}, {"type": "Feature", "properties": {"speed": 0.17}, "geometry": {"type": "MultiLineString", "coordinates": [[[-124.82, 42.34], [-124.81753580219112, 42.24913679450751]], [[-124.79203014536809, 42.29899119722207], [-124.81753580219112, 42.24913679450751], [-124.84570607034618, 42.29753551341691]]]}}, {"type": "Feature", "properties": {"speed": 0.109}, "geometry": {"type": "MultiLineString", "coordinates": [[[-124.58, 42.34], [-124.62397292807698, 42.29207638293505]], [[-124.57096490993325, 42.310136006753766], [-124.62397292807698, 42.29207638293505], [-124.61052922308441, 42.34643874855754]]]}}, {"type": "Feature", "properties": {"speed": 0.386}, "geometry": {"type": "MultiLineString", "coordinates": [[[-126.5, 42.58], [-126.67649261653423, 42.48666687488556]], [[-126.62049776626085, 42.48590743900162], [-126.67649261653423, 42.48666687488556], [-126.64559942655363, 42.533374591730016]]]}}, {"type": "Feature", "properties": {"speed": 0.448}, "geometry": {"type": "MultiLineString", "coordinates": [[[-126.25999999999999, 42.58], [-126.46607684552669, 42.52925958663225]], [[-126.41193863756082, 42.514939864629206], [-126.46607684552669, 42.52925958663225], [-126.42477621635108, 42.567078338987386]]]}}, {"type": "Feature", "properties": {"speed": 0.466}, "geometry": {"type": "MultiLineString", "coordinates": [[[-126.02, 42.58], [-126.19950934171676, 42.48984019637108]], [[-126.14354275917931, 42.48790586468304], [-126.19950934171676, 42.48984019637108], [-126.16764278412975, 42.53588932782384]]]}}, {"type": "Feature", "properties": {"speed": 0.511}, "geometry": {"type": "MultiLineString", "coordinates": [[[-125.78, 42.58], [-125.8062382440269, 42.42117072820663]], [[-125.77173940428808, 42.46528229195896], [-125.8062382440269, 42.42117072820663], [-125.82471704235833, 42.47403408046721]]]}}, {"type": "Feature", "properties": {"speed": 0.335}, "geometry": {"type": "MultiLineString", "coordinates": [[[-125.53999999999999, 42.58], [-125.50311509609222, 42.42232199192047]], [[-125.48816698728939, 42.47629007548121], [-125.50311509609222, 42.42232199192047], [-125.54045117485973, 42.46405947174695]]]}}, {"type": "Feature", "properties": {"speed": 0.203}, "geometry": {"type": "MultiLineString", "coordinates": [[[-125.3, 42.58], [-125.26584836393594, 42.47476907998323]], [[-125.25548217787492, 42.52980127225783], [-125.26584836393594, 42.47476907998323], [-125.30655548273356, 42.51322594515965]]]}}, {"type": "Feature", "properties": {"speed": 0.268}, "geometry": {"type": "MultiLineString", "coordinates": [[[-125.06, 42.58], [-125.13747957855463, 42.44892467737198]], [[-125.0893600507266, 42.47756924128221], [-125.13747957855463, 42.44892467737198], [-125.1355840561148, 42.504892587773206]]]}}, {"type": "Feature", "properties": {"speed": 0.16}, "geometry": {"type": "MultiLineString", "coordinates": [[[-124.82, 42.58], [-124.91052315354347, 42.526921575814484]], [[-124.85454889830962, 42.52861944242156], [-124.91052315354347, 42.526921575814484], [-124.88170883985728, 42.57493964873286]]]}}, {"type": "Feature", "properties": {"speed": 0.025}, "geometry": {"type": "MultiLineString", "coordinates": [[[-124.58, 42.58], [-124.57893002188764, 42.566485430039464]], [[-124.55604469250838, 42.617595719602356], [-124.57893002188764, 42.566485430039464], [-124.60957285134577, 42.6133577779943]]]}}]}