{"type": "FeatureCollection", "features": [{"type": "Feature", "properties": {"speed": 0.346}, "geometry": {"type": "MultiLineString", "coordinates": [[[-122.69999999999999, 36.3], [-122.71329559087752, 36.32802110649645]], [[-122.71389347387556, 36.317538142415586], [-122.71329559087752, 36.32802110649645], [-122.70479751833118, 36.32185403563607]]]}}, {"type": "Feature", "properties": {"speed": 0.403}, "geometry": {"type": "MultiLineString", "coordinates": [[[-122.66, 36.3], [-122.67601658947765, 36.32708094753325]], [[-122.67565863969344, 36.31658705064258], [-122.67601658947765, 36.32708094753325], [-122.6669928786328, 36.32171227520311]]]}}, {"type": "Feature", "properties": {"speed": 0.403}, "geometry": {"type": "MultiLineString", "coordinates": [[[-122.61999999999999, 36.3], [-122.63913499273359, 36.32573284693062]], [[-122.63767609410749, 36.31533469253675], [-122.63913499273359, 36.32573284693062], [-122.62959700122389, 36.32134232099848]]]}}, {"type": "Feature", "properties": {"speed": 0.37}, "geometry": {"type": "MultiLineString", "coordinates": [[[-122.58, 36.3], [-122.60243884466588, 36.323936690762636]], [[-122.59980946375491, 36.313771241632125], [-122.60243884466588, 36.323936690762636], [-122.59246425360581, 36.320656822901825]]]}}, {"type": "Feature", "properties": {"speed": 0.295}, "geometry": {"type": "MultiLineString", "coordinates": [[[-122.53999999999999, 36.3], [-122.56596650458872, 36.3207356698811]], [[-122.56190725005484, 36.311052052136205], [-122.56596650458872, 36.3207356698811], [-122.55562479664366, 36.3189193337946]]]}}, {"type": "Feature", "properties": {"speed": 0.21}, "geometry": {"type": "MultiLineString", "coordinates": [[[-122.5, 36.3], [-122.52208676561713, 36.31121625769883]], [[-122.51615016479485, 36.3025556127646], [-122.52208676561713, 36.31121625769883], [-122.51159152508195, 36.3115323686109]]]}}, {"type": "Feature", "properties": {"speed": 0.18}, "geometry": {"type": "MultiLineString", "coordinates": [[[-122.46, 36.3], [-122.48007105015218, 36.307914367131886]], [[-122.47334540477372, 36.299851136126684], [-122.48007105015218, 36.307914367131886], [-122.46965219351107, 36.3092172202671]]]}}, {"type": "Feature", "properties": {"speed": 0.129}, "geometry": {"type": "MultiLineString", "coordinates": [[[-122.41999999999999, 36.3], [-122.43591929420828, 36.30083871086826]], [[-122.42698228757793, 36.29532691329496], [-122.43591929420828, 36.30083871086826], [-122.42645259118626, 36.3053809057004]]]}}, {"type": "Feature", "properties": {"speed": 0.068}, "geometry": {"type": "MultiLineString", "coordinates": [[[-122.38, 36.3], [-122.38781841855496, 36.297501178644595]], [[-122.37750867235852, 36.29551142153251], [-122.38781841855496, 36.297501178644595], [-122.38057371603547, 36.30510146057385]]]}}, {"type": "Feature", "properties": {"speed": 0.028}, "geometry": {"type": "MultiLineString", "coordinates": [[[-122.34, 36.3], [-122.33653581110761, 36.299705284310036]], [[-122.34529053829952, 36.305502244875306], [-122.33653581110761, 36.299705284310036], [-122.3461439845124, 36.295470546558576]]]}}, {"type": "Feature", "properties": {"speed": 0.119}, "geometry": {"type": "MultiLineString", "coordinates": [[[-122.3, 36.3], [-122.28714053444564, 36.30588819244876]], [[-122.29761437300272, 36.3066289392883], [-122.28714053444564, 36.30588819244876], [-122.29342289054189, 36.29747498842889]]]}}, {"type": "Feature", "properties": {"speed": 0.148}, "geometry": {"type": "MultiLineString", "coordinates": [[[-122.25999999999999, 36.3], [-122.25064170196652, 36.312787315063176]], [[-122.2601459826674, 36.308324283766076], [-122.25064170196652, 36.312787315063176], [-122.25202137540401, 36.30237835252093]]]}}, {"type": "Feature", "properties": {"speed": 0.157}, "geometry": {"type": "MultiLineString", "coordinates": [[[-122.22, 36.3], [-122.2203624644014, 36.31568842120468]], [[-122.22518225235497, 36.306359989177665], [-122.2203624644014, 36.31568842120468], [-122.21511700206203, 36.3065925361545]]]}}, {"type": "Feature", "properties": {"speed": 0.163}, "geometry": {"type": "MultiLineString", "coordinates": [[[-122.17999999999999, 36.3], [-122.18143528846092, 36.31621772907674]], [[-122.18563732791651, 36.30659521046602], [-122.18143528846092, 36.31621772907674], [-122.17560858985644, 36.30748276580421]]]}}, {"type": "Feature", "properties": {"speed": 0.196}, "geometry": {"type": "MultiLineString", "coordinates": [[[-122.13999999999999, 36.3], [-122.13462538305669, 36.31913199946284]], [[-122.14196387783086, 36.311622239516645], [-122.13462538305669, 36.31913199946284], [-122.13227114360718, 36.30889932842277]]]}}, {"type": "Feature", "properties": {"speed": 0.285}, "geometry": {"type": "MultiLineString", "coordinates": [[[-122.1, 36.3], [-122.08644265346229, 36.32630373649299]], [[-122.09513884403803, 36.320419327476756], [-122.08644265346229, 36.32630373649299], [-122.08618966583272, 36.315806784684995]]]}}, {"type": "Feature", "properties": {"speed": 0.369}, "geometry": {"type": "MultiLineString", "coordinates": [[[-122.06, 36.3], [-122.04745669797063, 36.32824549563229]], [[-122.05579727352708, 36.32186703191544], [-122.04745669797063, 36.32824549563229], [-122.04659583803067, 36.31778084465083]]]}}, {"type": "Feature", "properties": {"speed": 0.416}, "geometry": {"type": "MultiLineString", "coordinates": [[[-122.02, 36.3], [-122.00983418382704, 36.32885959111154]], [[-122.01764366921665, 36.32184090619558], [-122.00983418382704, 36.32885959111154], [-122.00814764708241, 36.31849592410565]]]}}, {"type": "Feature", "properties": {"speed": 0.42}, "geometry": {"type": "MultiLineString", "coordinates": [[[-121.97999999999999, 36.3], [-121.97223933508619, 36.329340770095584]], [[-121.97946219167049, 36.321719724054354], [-121.97223933508619, 36.329340770095584], [-121.96972897203605, 36.31914527710326]]]}}, {"type": "Feature", "properties": {"speed": 0.372}, "geometry": {"type": "MultiLineString", "coordinates": [[[-121.94, 36.3], [-121.93788368726149, 36.32995147556066]], [[-121.94355460367302, 36.321114580910766], [-121.93788368726149, 36.32995147556066], [-121.93351170603134, 36.320404969387035]]]}}, {"type": "Feature", "properties": {"speed": 0.324}, "geometry": {"type": "MultiLineString", "coordinates": [[[-121.89999999999999, 36.3], [-121.90517327012493, 36.32970887161791]], [[-121.90855183713464, 36.31976727793476], [-121.90517327012493, 36.32970887161791], [-121.89863315504368, 36.321494439518]]]}}, {"type": "Feature", "properties": {"speed": 0.322}, "geometry": {"type": "MultiLineString", "coordinates": [[[-121.86, 36.3], [-121.86513001484796, 36.329713742434976]], [[-121.8685229037475, 36.31977702743879], [-121.86513001484796, 36.329713742434976], [-121.85860174319035, 36.321489894846145]]]}}, {"type": "Feature", "properties": {"speed": 0.4}, "geometry": {"type": "MultiLineString", "coordinates": [[[-122.69999999999999, 36.34], [-122.71331515237688, 36.36801718190313]], [[-122.71390649431555, 36.357533846808245], [-122.71331515237688, 36.36801718190313], [-122.70481323348353, 36.36185541469468]]]}}, {"type": "Feature", "properties": {"speed": 0.432}, "geometry": {"type": "MultiLineString", "coordinates": [[[-122.66, 36.34], [-122.67521533541381, 36.367382221072916]], [[-122.67513992556233, 36.35688249186906], [-122.67521533541381, 36.367382221072916], [-122.66633937382379, 36.361772648375066]]]}}, {"type": "Feature", "properties": {"speed": 0.427}, "geometry": {"type": "MultiLineString", "coordinates": [[[-122.61999999999999, 36.34], [-122.63779583282768, 36.366353619992736]], [[-122.63681095732997, 36.35589991154769], [-122.63779583282768, 36.366353619992736], [-122.62846720998513, 36.36153420136997]]]}}, {"type": "Feature", "properties": {"speed": 0.366}, "geometry": {"type": "MultiLineString", "coordinates": [[[-122.58, 36.34], [-122.6013974174112, 36.36455447800458]], [[-122.59913878402776, 36.35430028007207], [-122.6013974174112, 36.36455447800458], [-122.59154846255333, 36.3609146856743]]]}}, {"type": "Feature", "properties": {"speed": 0.26}, "geometry": {"type": "MultiLineString", "coordinates": [[[-122.53999999999999, 36.34], [-122.56217505685984, 36.35887845806778]], [[-122.55842192795807, 36.34907213238245], [-122.56217505685984, 36.35887845806778], [-122.55189549412822, 36.356738226760996]]]}}, {"type": "Feature", "properties": {"speed": 0.157}, "geometry": {"type": "MultiLineString", "coordinates": [[[-122.5, 36.34], [-122.51689792983234, 36.34790475215763]], [[-122.51068442162715, 36.33944057376962], [-122.51689792983234, 36.34790475215763], [-122.50641839649779, 36.34856002392585]]]}}, {"type": "Feature", "properties": {"speed": 0.087}, "geometry": {"type": "MultiLineString", "coordinates": [[[-122.46, 36.34], [-122.47055517513304, 36.33812373402529]], [[-122.46060176093776, 36.334780151237744], [-122.47055517513304, 36.33812373402529], [-122.46236379459106, 36.344692697780424]]]}}, {"type": "Feature", "properties": {"speed": 0.086}, "geometry": {"type": "MultiLineString", "coordinates": [[[-122.41999999999999, 36.34], [-122.42554866250603, 36.33262372776866]], [[-122.41598652053433, 36.33696140467147], [-122.42554866250603, 36.33262372776866], [-122.42403224440487, 36.34301364962315]]]}}, {"type": "Feature", "properties": {"speed": 0.035}, "geometry": {"type": "MultiLineString", "coordinates": [[[-122.38, 36.34], [-122.37970806128112, 36.33647132563405]], [[-122.37545099290946, 36.346069625946036], [-122.37970806128112, 36.33647132563405], [-122.38548464863969, 36.345239508940125]]]}}, {"type": "Feature", "properties": {"speed": 0.031}, "geometry": {"type": "MultiLineString", "coordinates": [[[-122.34, 36.34], [-122.33635780276731, 36.34090806453955]], [[-122.34651650773489, 36.34356338248314], [-122.33635780276731, 36.34090806453955], [-122.3440809474909, 36.33379448347384]]]}}, {"type": "Feature", "properties": {"speed": 0.118}, "geometry": {"type": "MultiLineString", "coordinates": [[[-122.3, 36.34], [-122.29110530223697, 36.349327187202874]], [[-122.30110759300078, 36.34613278906297], [-122.29110530223697, 36.349327187202874], [-122.29382156965197, 36.33918460906266]]]}}, {"type": "Feature", "properties": {"speed": 0.153}, "geometry": {"type": "MultiLineString", "coordinates": [[[-122.25999999999999, 36.34], [-122.2505931809917, 36.35328893564642]], [[-122.26002580302817, 36.34867638304325], [-122.2505931809917, 36.35328893564642], [-122.25180831924692, 36.34285948508463]]]}}, {"type": "Feature", "properties": {"speed": 0.152}, "geometry": {"type": "MultiLineString", "coordinates": [[[-122.22, 36.34], [-122.2155492564477, 36.35481553446502]], [[-122.22302150312149, 36.347438846207666], [-122.2155492564477, 36.35481553446502], [-122.21337925942304, 36.34454221402258]]]}}, {"type": "Feature", "properties": {"speed": 0.162}, "geometry": {"type": "MultiLineString", "coordinates": [[[-122.17999999999999, 36.34], [-122.17785469053312, 36.35615654304624]], [[-122.18405775548453, 36.34768470822676], [-122.17785469053312, 36.35615654304624], [-122.17407741764114, 36.34635949198485]]]}}, {"type": "Feature", "properties": {"speed": 0.236}, "geometry": {"type": "MultiLineString", "coordinates": [[[-122.13999999999999, 36.34], [-122.12942429199813, 36.36198956720531]], [[-122.1379546697674, 36.3558672592162], [-122.12942429199813, 36.36198956720531], [-122.12888153024389, 36.35150360469927]]]}}, {"type": "Feature", "properties": {"speed": 0.334}, "geometry": {"type": "MultiLineString", "coordinates": [[[-122.1, 36.34], [-122.08427616432309, 36.367195183560256]], [[-122.09324643251948, 36.36173768518785], [-122.08427616432309, 36.367195183560256], [-122.08453049438383, 36.35669826419216]]]}}, {"type": "Feature", "properties": {"speed": 0.39}, "geometry": {"type": "MultiLineString", "coordinates": [[[-122.06, 36.34], [-122.04650738876313, 36.36796204015613]], [[-122.05504566566134, 36.36185075325323], [-122.04650738876313, 36.36796204015613], [-122.04597816885075, 36.357475385480576]]]}}, {"type": "Feature", "properties": {"speed": 0.41}, "geometry": {"type": "MultiLineString", "coordinates": [[[-122.02, 36.34], [-122.00914150893688, 36.36869661338628]], [[-122.0171107555107, 36.361859866422584], [-122.00914150893688, 36.36869661338628], [-122.00769438703634, 36.3582968134745]]]}}, {"type": "Feature", "properties": {"speed": 0.394}, "geometry": {"type": "MultiLineString", "coordinates": [[[-121.97999999999999, 36.34], [-121.97122308846562, 36.369155036434535]], [[-121.97869961014457, 36.361782681072505], [-121.97122308846562, 36.369155036434535], [-121.9690590472418, 36.35888045977262]]]}}, {"type": "Feature", "properties": {"speed": 0.38}, "geometry": {"type": "MultiLineString", "coordinates": [[[-121.94, 36.34], [-121.94126867578365, 36.369982587322596]], [[-121.94590858700337, 36.36056339288395], [-121.94126867578365, 36.369982587322596], [-121.9358496516943, 36.36098902418449]]]}}, {"type": "Feature", "properties": {"speed": 0.374}, "geometry": {"type": "MultiLineString", "coordinates": [[[-121.89999999999999, 36.34], [-121.90620072009041, 36.36958128228784]], [[-121.90923716197653, 36.35952991319342], [-121.90620072009041, 36.36958128228784], [-121.89938338119256, 36.36159542664477]]]}}, {"type": "Feature", "properties": {"speed": 0.382}, "geometry": {"type": "MultiLineString", "coordinates": [[[-122.69999999999999, 36.38], [-122.71059735752641, 36.408761189430955]], [[-122.71213504519342, 36.398374394129284], [-122.71059735752641, 36.408761189430955], [-122.70268798684711, 36.4018552604234]]]}}, {"type": "Feature", "properties": {"speed": 0.394}, "geometry": {"type": "MultiLineString", "coordinates": [[[-122.66, 36.38], [-122.67284589618444, 36.40816092967987]], [[-122.67360161021689, 36.397688160404215], [-122.67284589618444, 36.40816092967987], [-122.6644416787427, 36.40186655686029]]]}}, {"type": "Feature", "properties": {"speed": 0.378}, "geometry": {"type": "MultiLineString", "coordinates": [[[-122.61999999999999, 36.38], [-122.63764386333524, 36.40642376534641]], [[-122.63671335375862, 36.395965077478046], [-122.63764386333524, 36.40642376534641], [-122.62834042448497, 36.401555908984584]]]}}, {"type": "Feature", "properties": {"speed": 0.278}, "geometry": {"type": "MultiLineString", "coordinates": [[[-122.58, 36.38], [-122.60022167481482, 36.40248082496226]], [[-122.5978019198457, 36.392263448298486], [-122.60022167481482, 36.40248082496226], [-122.59031664962195, 36.39899650638776]]]}}, {"type": "Feature", "properties": {"speed": 0.169}, "geometry": {"type": "MultiLineString", "coordinates": [[[-122.53999999999999, 36.38], [-122.55567354239523, 36.391172371916475]], [[-122.55109203979849, 36.38172462964882], [-122.55567354239523, 36.391172371916475], [-122.5452481449877, 36.389922936485995]]]}}, {"type": "Feature", "properties": {"speed": 0.103}, "geometry": {"type": "MultiLineString", "coordinates": [[[-122.5, 36.38], [-122.5121783958748, 36.38310812448152]], [[-122.50449481835456, 36.37595182400637], [-122.5121783958748, 36.38310812448152], [-122.50200512201489, 36.38570706637611]]]}}, {"type": "Feature", "properties": {"speed": 0.088}, "geometry": {"type": "MultiLineString", "coordinates": [[[-122.46, 36.38], [-122.4667588170059, 36.37302465980873]], [[-122.45673139679135, 36.37613927757678], [-122.4667588170059, 36.37302465980873], [-122.46396183922266, 36.38314527813372]]]}}, {"type": "Feature", "properties": {"speed": 0.107}, "geometry": {"type": "MultiLineString", "coordinates": [[[-122.41999999999999, 36.38], [-122.42187036325222, 36.369428402855995]], [[-122.41530802882707, 36.377625095292125], [-122.42187036325222, 36.369428402855995], [-122.42522199768683, 36.3793791086911]]]}}, {"type": "Feature", "properties": {"speed": 0.029}, "geometry": {"type": "MultiLineString", "coordinates": [[[-122.38, 36.38], [-122.37943190900376, 36.37712834344246]], [[-122.37628188748302, 36.38714469828935], [-122.37943190900376, 36.37712834344246], [-122.38615841708976, 36.38519085477385]]]}}, {"type": "Feature", "properties": {"speed": 0.055}, "geometry": {"type": "MultiLineString", "coordinates": [[[-122.34, 36.38], [-122.33816235667095, 36.38534427026287]], [[-122.34591905029632, 36.37826728615931], [-122.33816235667095, 36.38534427026287], [-122.33639823933956, 36.37499352680933]]]}}, {"type": "Feature", "properties": {"speed": 0.113}, "geometry": {"type": "MultiLineString", "coordinates": [[[-122.3, 36.38], [-122.29775116937235, 36.3911947581172]], [[-122.30450134203667, 36.38315204905857], [-122.29775116937235, 36.3911947581172], [-122.29463059691581, 36.38116918942792]]]}}, {"type": "Feature", "properties": {"speed": 0.168}, "geometry": {"type": "MultiLineString", "coordinates": [[[-122.25999999999999, 36.38], [-122.25499646527692, 36.396287069767716]], [[-122.26251447895113, 36.38895703085961], [-122.25499646527692, 36.396287069767716], [-122.25289045034197, 36.386000442473325]]]}}, {"type": "Feature", "properties": {"speed": 0.189}, "geometry": {"type": "MultiLineString", "coordinates": [[[-122.22, 36.38], [-122.21253121810034, 36.397959399148824]], [[-122.22071758066954, 36.39138418296336], [-122.21253121810034, 36.397959399148824], [-122.21142147503424, 36.387518208109135]]]}}, {"type": "Feature", "properties": {"speed": 0.203}, "geometry": {"type": "MultiLineString", "coordinates": [[[-122.17999999999999, 36.38], [-122.17034062679856, 36.39871813647449]], [[-122.17903973668524, 36.392838044027975], [-122.17034062679856, 36.39871813647449], [-122.1700928487476, 36.38822106040363]]]}}, {"type": "Feature", "properties": {"speed": 0.272}, "geometry": {"type": "MultiLineString", "coordinates": [[[-122.13999999999999, 36.38], [-122.12596213944255, 36.40474528178573]], [[-122.1348873538533, 36.39921440954691], [-122.12596213944255, 36.40474528178573], [-122.1261303848594, 36.3942466298018]]]}}, {"type": "Feature", "properties": {"speed": 0.359}, "geometry": {"type": "MultiLineString", "coordinates": [[[-122.1, 36.38], [-122.08432406038045, 36.40721612527967]], [[-122.09328528997987, 36.4017437981635], [-122.08432406038045, 36.40721612527967], [-122.08456102890881, 36.39671879962422]]]}}, {"type": "Feature", "properties": {"speed": 0.401}, "geometry": {"type": "MultiLineString", "coordinates": [[[-122.06, 36.38], [-122.04661588132382, 36.40799798361957]], [[-122.05513178262238, 36.40185555534787], [-122.04661588132382, 36.40799798361957], [-122.04604836726509, 36.39751333160851]]]}}, {"type": "Feature", "properties": {"speed": 0.396}, "geometry": {"type": "MultiLineString", "coordinates": [[[-122.02, 36.38], [-122.00905988503247, 36.408677882626655]], [[-122.01704758333874, 36.40186270282213], [-122.00905988503247, 36.408677882626655], [-122.00764088078417, 36.39827420890324]]]}}, {"type": "Feature", "properties": {"speed": 0.372}, "geometry": {"type": "MultiLineString", "coordinates": [[[-121.97999999999999, 36.38], [-121.97265338480472, 36.40941114455462]], [[-121.97977039969126, 36.40169116404268], [-121.97265338480472, 36.40941114455462], [-121.97000258475474, 36.399251259757285]]]}}, {"type": "Feature", "properties": {"speed": 0.406}, "geometry": {"type": "MultiLineString", "coordinates": [[[-121.94, 36.38], [-121.94233463593758, 36.40994105778635]], [[-121.9466370403897, 36.40036299347614], [-121.94233463593758, 36.40994105778635], [-121.93659957177617, 36.40114565904243]]]}}, {"type": "Feature", "properties": {"speed": 0.402}, "geometry": {"type": "MultiLineString", "coordinates": [[[-121.89999999999999, 36.38], [-121.90436116103082, 36.40979381941259]], [[-121.90800745490306, 36.399947269712456], [-121.90436116103082, 36.40979381941259], [-121.89804567614473, 36.40140545540919]]]}}, {"type": "Feature", "properties": {"speed": 0.302}, "geometry": {"type": "MultiLineString", "coordinates": [[[-122.69999999999999, 36.42], [-122.70909999851136, 36.44909258939326]], [[-122.71115356921375, 36.438795364166516], [-122.70909999851136, 36.44909258939326], [-122.7015447312448, 36.44180095469789]]]}}, {"type": "Feature", "properties": {"speed": 0.313}, "geometry": {"type": "MultiLineString", "coordinates": [[[-122.66, 36.42], [-122.67109102461487, 36.44864171750844]], [[-122.67245788501894, 36.438231064664556], [-122.67109102461487, 36.44864171750844], [-122.66306928014195, 36.44186664440098]]]}}, {"type": "Feature", "properties": {"speed": 0.282}, "geometry": {"type": "MultiLineString", "coordinates": [[[-122.61999999999999, 36.42], [-122.63592080667614, 36.44511640451849]], [[-122.63523920589478, 36.43463855071273], [-122.63592080667614, 36.44511640451849], [-122.62673572624169, 36.44002874322742]]]}}, {"type": "Feature", "properties": {"speed": 0.19}, "geometry": {"type": "MultiLineString", "coordinates": [[[-122.58, 36.42], [-122.5941857555136, 36.43524349395186]], [[-122.59159338709496, 36.42506854304377], [-122.5941857555136, 36.43524349395186], [-122.58422316691835, 36.43192734732034]]]}}, {"type": "Feature", "properties": {"speed": 0.076}, "geometry": {"type": "MultiLineString", "coordinates": [[[-122.53999999999999, 36.42], [-122.54882304832338, 36.42266275717877]], [[-122.54145585482367, 36.415181149067024], [-122.54882304832338, 36.42266275717877], [-122.53854698054198, 36.42481970663387]]]}}, {"type": "Feature", "properties": {"speed": 0.075}, "geometry": {"type": "MultiLineString", "coordinates": [[[-122.5, 36.42], [-122.50540449470282, 36.41394709104672]], [[-122.49551235195034, 36.417467817074765], [-122.50540449470282, 36.41394709104672], [-122.50302233596173, 36.424173298541795]]]}}, {"type": "Feature", "properties": {"speed": 0.123}, "geometry": {"type": "MultiLineString", "coordinates": [[[-122.46, 36.42], [-122.46084830756531, 36.407707727588715]], [[-122.45519187891861, 36.4165539027489], [-122.46084830756531, 36.407707727588715], [-122.46523592584835, 36.41724705700972]]]}}, {"type": "Feature", "properties": {"speed": 0.111}, "geometry": {"type": "MultiLineString", "coordinates": [[[-122.41999999999999, 36.42], [-122.419411609082, 36.40893249966204]], [[-122.41487393353576, 36.41840136974442], [-122.419411609082, 36.40893249966204], [-122.42492767195432, 36.41786687431215]]]}}, {"type": "Feature", "properties": {"speed": 0.044}, "geometry": {"type": "MultiLineString", "coordinates": [[[-122.38, 36.42], [-122.3813042432256, 36.41572884803638]], [[-122.3737986245627, 36.423071578351944], [-122.3813042432256, 36.41572884803638], [-122.38342763466488, 36.42601190248511]]]}}, {"type": "Feature", "properties": {"speed": 0.014}, "geometry": {"type": "MultiLineString", "coordinates": [[[-122.34, 36.42], [-122.34157693005167, 36.420464523152916]], [[-122.33416028399336, 36.41303193536361], [-122.34157693005167, 36.420464523152916], [-122.33131539211782, 36.42268957129445]]]}}, {"type": "Feature", "properties": {"speed": 0.06}, "geometry": {"type": "MultiLineString", "coordinates": [[[-122.3, 36.42], [-122.30006864537863, 36.425999508313836]], [[-122.30499685883701, 36.41672790046467], [-122.30006864537863, 36.425999508313836], [-122.29492958148641, 36.416843088581665]]]}}, {"type": "Feature", "properties": {"speed": 0.169}, "geometry": {"type": "MultiLineString", "coordinates": [[[-122.25999999999999, 36.42], [-122.25644205044023, 36.43666061207652]], [[-122.26328944317544, 36.428700510775045], [-122.25644205044023, 36.43666061207652], [-122.25344351824292, 36.426597868680126]]]}}, {"type": "Feature", "properties": {"speed": 0.226}, "geometry": {"type": "MultiLineString", "coordinates": [[[-122.22, 36.42], [-122.21224485876039, 36.44177101932466]], [[-122.22007901020403, 36.434779876988955], [-122.21224485876039, 36.44177101932466], [-122.21059482542375, 36.43140147786961]]]}}, {"type": "Feature", "properties": {"speed": 0.28}, "geometry": {"type": "MultiLineString", "coordinates": [[[-122.17999999999999, 36.42], [-122.16682770598679, 36.445932740420105]], [[-122.17548888703234, 36.439996921782694], [-122.16682770598679, 36.445932740420105], [-122.16651254292277, 36.435437471379096]]]}}, {"type": "Feature", "properties": {"speed": 0.348}, "geometry": {"type": "MultiLineString", "coordinates": [[[-122.13999999999999, 36.42], [-122.12369549773632, 36.44697897516191]], [[-122.13276984673259, 36.44169634416078], [-122.12369549773632, 36.44697897516191], [-122.12415320871236, 36.43648895606458]]]}}, {"type": "Feature", "properties": {"speed": 0.395}, "geometry": {"type": "MultiLineString", "coordinates": [[[-122.1, 36.42], [-122.08527857847511, 36.44756209485233]], [[-122.09406012408884, 36.44180584115449], [-122.08527857847511, 36.44756209485233], [-122.08517954735137, 36.4370625618705]]]}}, {"type": "Feature", "properties": {"speed": 0.404}, "geometry": {"type": "MultiLineString", "coordinates": [[[-122.06, 36.42], [-122.04746446240694, 36.44825329639018]], [[-122.0558029197904, 36.441872063870974], [-122.04746446240694, 36.44825329639018], [-122.04660012814638, 36.43778893179953]]]}}, {"type": "Feature", "properties": {"speed": 0.375}, "geometry": {"type": "MultiLineString", "coordinates": [[[-122.02, 36.42], [-122.00816627543419, 36.4484486040473]], [[-122.01635318834472, 36.441874073113816], [-122.00816627543419, 36.4484486040473], [-122.00705740633845, 36.438007320154576]]]}}, {"type": "Feature", "properties": {"speed": 0.314}, "geometry": {"type": "MultiLineString", "coordinates": [[[-121.97999999999999, 36.42], [-121.97364520888775, 36.449560970142485]], [[-121.98050338573329, 36.441610158211915], [-121.97364520888775, 36.449560970142485], [-121.9706603201062, 36.43949417129867]]]}}, {"type": "Feature", "properties": {"speed": 0.295}, "geometry": {"type": "MultiLineString", "coordinates": [[[-121.94, 36.42], [-121.93953088376787, 36.44952701225877]], [[-121.9447105972794, 36.440393526180685], [-121.93953088376787, 36.44952701225877], [-121.93464393139703, 36.440233590040606]]]}}, {"type": "Feature", "properties": {"speed": 0.187}, "geometry": {"type": "MultiLineString", "coordinates": [[[-122.69999999999999, 36.46], [-122.70739042647182, 36.47773100718856]], [[-122.70849182504271, 36.46728893262514], [-122.70739042647182, 36.47773100718856], [-122.69919881189304, 36.47116233528378]]]}}, {"type": "Feature", "properties": {"speed": 0.141}, "geometry": {"type": "MultiLineString", "coordinates": [[[-122.66, 36.46], [-122.66779853854328, 36.47260285265744]], [[-122.66723053138305, 36.46211822734864], [-122.66779853854328, 36.47260285265744], [-122.65866913498093, 36.46741594697142]]]}}, {"type": "Feature", "properties": {"speed": 0.123}, "geometry": {"type": "MultiLineString", "coordinates": [[[-122.61999999999999, 36.46], [-122.62937055423855, 36.46978170800954]], [[-122.62663131253193, 36.459645310480205], [-122.62937055423855, 36.46978170800954], [-122.61936105121671, 36.46660998146775]]]}}, {"type": "Feature", "properties": {"speed": 0.044}, "geometry": {"type": "MultiLineString", "coordinates": [[[-122.58, 36.46], [-122.58505796074867, 36.45826181633398]], [[-122.57470753290066, 36.45649584822465], [-122.58505796074867, 36.45826181633398], [-122.57797958979157, 36.46601724440686]]]}}, {"type": "Feature", "properties": {"speed": 0.064}, "geometry": {"type": "MultiLineString", "coordinates": [[[-122.53999999999999, 36.46], [-122.54299102743155, 36.45411491677165]], [[-122.53432844033983, 36.4600486832718], [-122.54299102743155, 36.45411491677165], [-122.54330370399161, 36.464610260185225]]]}}, {"type": "Feature", "properties": {"speed": 0.131}, "geometry": {"type": "MultiLineString", "coordinates": [[[-122.5, 36.46], [-122.49945725040743, 36.44692955542356]], [[-122.49480992380015, 36.456345093401026], [-122.49945725040743, 36.44692955542356], [-122.50486919113979, 36.45592738280074]]]}}, {"type": "Feature", "properties": {"speed": 0.164}, "geometry": {"type": "MultiLineString", "coordinates": [[[-122.46, 36.46], [-122.45705823347903, 36.44379145562649]], [[-122.45375070460442, 36.45375690858878], [-122.45705823347903, 36.44379145562649], [-122.46365680751958, 36.45195900242043]]]}}, {"type": "Feature", "properties": {"speed": 0.166}, "geometry": {"type": "MultiLineString", "coordinates": [[[-122.41999999999999, 36.46], [-122.41624689645133, 36.4436551733315]], [[-122.41340280605137, 36.45376265322497], [-122.41624689645133, 36.4436551733315], [-122.42321537891002, 36.45150948757419]]]}}, {"type": "Feature", "properties": {"speed": 0.094}, "geometry": {"type": "MultiLineString", "coordinates": [[[-122.38, 36.46], [-122.37949406780069, 36.450561332553626]], [[-122.37496053043907, 36.46003218462674], [-122.37949406780069, 36.450561332553626], [-122.3850140343314, 36.459493295915614]]]}}, {"type": "Feature", "properties": {"speed": 0.065}, "geometry": {"type": "MultiLineString", "coordinates": [[[-122.34, 36.46], [-122.33914493976394, 36.453546035140754]], [[-122.33536481083394, 36.463341984572665], [-122.33914493976394, 36.453546035140754], [-122.34534553460217, 36.46201967802042]]]}}, {"type": "Feature", "properties": {"speed": 0.027}, "geometry": {"type": "MultiLineString", "coordinates": [[[-122.3, 36.46], [-122.29698123335838, 36.461191960880534]], [[-122.30740068947652, 36.46249001103446], [-122.29698123335838, 36.461191960880534], [-122.30370316106625, 36.453125630370934]]]}}, {"type": "Feature", "properties": {"speed": 0.149}, "geometry": {"type": "MultiLineString", "coordinates": [[[-122.25999999999999, 36.46], [-122.2548383392766, 36.47435195002705]], [[-122.26269374027525, 36.46738469266489], [-122.2548383392766, 36.47435195002705], [-122.25321988563574, 36.46397743279431]]]}}, {"type": "Feature", "properties": {"speed": 0.221}, "geometry": {"type": "MultiLineString", "coordinates": [[[-122.22, 36.46], [-122.2133721087873, 36.48143009006977]], [[-122.22090396997783, 36.47411428068142], [-122.2133721087873, 36.48143009006977], [-122.21128554942534, 36.47113949873453]]]}}, {"type": "Feature", "properties": {"speed": 0.292}, "geometry": {"type": "MultiLineString", "coordinates": [[[-122.17999999999999, 36.46], [-122.16895941022783, 36.48783411741257]], [[-122.17703622933246, 36.481124796049635], [-122.16895941022783, 36.48783411741257], [-122.16767763495947, 36.47741264668328]]]}}, {"type": "Feature", "properties": {"speed": 0.351}, "geometry": {"type": "MultiLineString", "coordinates": [[[-122.13999999999999, 36.46], [-122.12501908034085, 36.4874741332978]], [[-122.13385002554655, 36.48179395664792], [-122.12501908034085, 36.4874741332978], [-122.12501075655904, 36.47697413659711]]]}}, {"type": "Feature", "properties": {"speed": 0.375}, "geometry": {"type": "MultiLineString", "coordinates": [[[-122.1, 36.46], [-122.08578351084142, 36.48773563377559]], [[-122.09446644166691, 36.481831676434986], [-122.08578351084142, 36.48773563377559], [-122.08550690959046, 36.47723927765797]]]}}, {"type": "Feature", "properties": {"speed": 0.351}, "geometry": {"type": "MultiLineString", "coordinates": [[[-122.06, 36.46], [-122.04758449964226, 36.48828941307962]], [[-122.05589720052375, 36.481874664132484], [-122.04758449964226, 36.48828941307962], [-122.04667804598267, 36.47782861283475]]]}}, {"type": "Feature", "properties": {"speed": 0.299}, "geometry": {"type": "MultiLineString", "coordinates": [[[-122.02, 36.46], [-122.00766504693776, 36.48824208140373]], [[-122.01596634168855, 36.48181257866553], [-122.00766504693776, 36.48824208140373], [-122.00674001563236, 36.477782907579574]]]}}, {"type": "Feature", "properties": {"speed": 0.209}, "geometry": {"type": "MultiLineString", "coordinates": [[[-121.97999999999999, 36.46], [-121.97047860130667, 36.4794234251976]], [[-121.9790546138844, 36.473365206955705], [-121.97047860130667, 36.4794234251976], [-121.97001442580738, 36.46893369016254]]]}}, {"type": "Feature", "properties": {"speed": 0.17}, "geometry": {"type": "MultiLineString", "coordinates": [[[-121.94, 36.46], [-121.92980271350592, 36.47492179371417]], [[-121.93915794014438, 36.47015422257753], [-121.92980271350592, 36.47492179371417], [-121.93084559125111, 36.46447371226308]]]}}, {"type": "Feature", "properties": {"speed": 0.127}, "geometry": {"type": "MultiLineString", "coordinates": [[[-122.69999999999999, 36.5], [-122.71061589177697, 36.509383835829794]], [[-122.70704582117017, 36.499509394282924], [-122.71061589177697, 36.509383835829794], [-122.70037791834314, 36.507052763122196]]]}}, {"type": "Feature", "properties": {"speed": 0.075}, "geometry": {"type": "MultiLineString", "coordinates": [[[-122.66, 36.5], [-122.66746737653389, 36.50445044133812]], [[-122.6621290966101, 36.49540871763878], [-122.66746737653389, 36.50445044133812], [-122.65697474343605, 36.504057184839006]]]}}, {"type": "Feature", "properties": {"speed": 0.038}, "geometry": {"type": "MultiLineString", "coordinates": [[[-122.61999999999999, 36.5], [-122.62298800086602, 36.497028602520004]], [[-122.61290453276133, 36.499956685678306], [-122.62298800086602, 36.497028602520004], [-122.62000377681673, 36.50709559843853]]]}}, {"type": "Feature", "properties": {"speed": 0.091}, "geometry": {"type": "MultiLineString", "coordinates": [[[-122.58, 36.5], [-122.579469850678, 36.490952886641026]], [[-122.57498354330315, 36.500446202507376], [-122.579469850678, 36.490952886641026], [-122.58503423830969, 36.49985724457882]]]}}, {"type": "Feature", "properties": {"speed": 0.161}, "geometry": {"type": "MultiLineString", "coordinates": [[[-122.53999999999999, 36.5], [-122.53510890478267, 36.48434113897383]], [[-122.53305119557025, 36.494637537994706], [-122.53510890478267, 36.48434113897383], [-122.54266124077446, 36.49163580970438]]]}}, {"type": "Feature", "properties": {"speed": 0.207}, "geometry": {"type": "MultiLineString", "coordinates": [[[-122.5, 36.5], [-122.49248258257285, 36.48017438314855]], [[-122.49104262496017, 36.49057517744868], [-122.49248258257285, 36.48017438314855], [-122.50045653677688, 36.4870056388422]]]}}, {"type": "Feature", "properties": {"speed": 0.225}, "geometry": {"type": "MultiLineString", "coordinates": [[[-122.46, 36.5], [-122.45247018015012, 36.478325670585036]], [[-122.45073893525905, 36.488681962929654], [-122.45247018015012, 36.478325670585036], [-122.46024930406163, 36.4853779915625]]]}}, {"type": "Feature", "properties": {"speed": 0.225}, "geometry": {"type": "MultiLineString", "coordinates": [[[-122.41999999999999, 36.5], [-122.41283808050676, 36.4782698713243]], [[-122.41094146564137, 36.488597158095395], [-122.41283808050676, 36.4782698713243], [-122.42050344729131, 36.48544567455866]]]}}, {"type": "Feature", "properties": {"speed": 0.196}, "geometry": {"type": "MultiLineString", "coordinates": [[[-122.38, 36.5], [-122.37382961494848, 36.48101944476366]], [[-122.37189108768123, 36.491338946303664], [-122.37382961494848, 36.48101944476366], [-122.38146578531959, 36.48822630968978]]]}}, {"type": "Feature", "properties": {"speed": 0.157}, "geometry": {"type": "MultiLineString", "coordinates": [[[-122.34, 36.5], [-122.3332688116096, 36.48520873300731]], [[-122.33250371707823, 36.49568082116384], [-122.3332688116096, 36.48520873300731], [-122.34166738760416, 36.49151063123433]]]}}, {"type": "Feature", "properties": {"speed": 0.094}, "geometry": {"type": "MultiLineString", "coordinates": [[[-122.3, 36.5], [-122.29173988122493, 36.49332465743646]], [[-122.29574264562879, 36.503031761903145], [-122.29173988122493, 36.49332465743646], [-122.3020708308174, 36.49520121825824]]]}}, {"type": "Feature", "properties": {"speed": 0.125}, "geometry": {"type": "MultiLineString", "coordinates": [[[-122.25999999999999, 36.5], [-122.25298260081559, 36.51110018230975]], [[-122.26216152509755, 36.506001422752185], [-122.25298260081559, 36.51110018230975], [-122.25365153654433, 36.5006215123087]]]}}, {"type": "Feature", "properties": {"speed": 0.228}, "geometry": {"type": "MultiLineString", "coordinates": [[[-122.22, 36.5], [-122.2125087094307, 36.521983958780766]], [[-122.22024579074778, 36.51488553834431], [-122.2125087094307, 36.521983958780766], [-122.21071595747176, 36.51163813641549]]]}}, {"type": "Feature", "properties": {"speed": 0.293}, "geometry": {"type": "MultiLineString", "coordinates": [[[-122.17999999999999, 36.5], [-122.17086284730583, 36.528391582891345]], [[-122.17847769116841, 36.52116218783031], [-122.17086284730583, 36.528391582891345], [-122.16889383882203, 36.51807785390563]]]}}, {"type": "Feature", "properties": {"speed": 0.337}, "geometry": {"type": "MultiLineString", "coordinates": [[[-122.13999999999999, 36.5], [-122.12854477424173, 36.52855181135237]], [[-122.13664787664116, 36.52187425704676], [-122.12854477424173, 36.52855181135237], [-122.12730393095518, 36.518125387807444]]]}}, {"type": "Feature", "properties": {"speed": 0.35}, "geometry": {"type": "MultiLineString", "coordinates": [[[-122.1, 36.5], [-122.0882580647245, 36.528476452454925]], [[-122.09642456623297, 36.52187658479624], [-122.0882580647245, 36.528476452454925], [-122.08711684718205, 36.518038654673745]]]}}, {"type": "Feature", "properties": {"speed": 0.3}, "geometry": {"type": "MultiLineString", "coordinates": [[[-122.06, 36.5], [-122.04990517295897, 36.52888165600598]], [[-122.05769759334106, 36.521844029659775], [-122.04990517295897, 36.52888165600598], [-122.04819347728746, 36.518522114610334]]]}}, {"type": "Feature", "properties": {"speed": 0.262}, "geometry": {"type": "MultiLineString", "coordinates": [[[-122.02, 36.5], [-122.00708399292081, 36.52408067882061]], [[-122.01587557256924, 36.51833976188293], [-122.00708399292081, 36.52408067882061], [-122.00700328864784, 36.51358098897661]]]}}, {"type": "Feature", "properties": {"speed": 0.174}, "geometry": {"type": "MultiLineString", "coordinates": [[[-121.97999999999999, 36.5], [-121.96594412859528, 36.513183081522584]], [[-121.97610890439199, 36.51055109880936], [-121.96594412859528, 36.513183081522584], [-121.96922144331117, 36.503207651293614]]]}}, {"type": "Feature", "properties": {"speed": 0.114}, "geometry": {"type": "MultiLineString", "coordinates": [[[-121.94, 36.5], [-121.92678957577795, 36.50422869157046]], [[-121.93710021557767, 36.506213812957256], [-121.92678957577795, 36.50422869157046], [-121.93403086028502, 36.4966251530069]]]}}, {"type": "Feature", "properties": {"speed": 0.11}, "geometry": {"type": "MultiLineString", "coordinates": [[[-122.69999999999999, 36.540000000000006], [-122.71065836101769, 36.546906521972275]], [[-122.70566281799017, 36.53767101712087], [-122.71065836101769, 36.546906521972275], [-122.70018784823836, 36.54612016191622]]]}}, {"type": "Feature", "properties": {"speed": 0.042}, "geometry": {"type": "MultiLineString", "coordinates": [[[-122.66, 36.540000000000006], [-122.66491855666041, 36.54131600827445]], [[-122.65731817459732, 36.53407141080495], [-122.66491855666041, 36.54131600827445], [-122.65471593413905, 36.543797236536136]]]}}, {"type": "Feature", "properties": {"speed": 0.051}, "geometry": {"type": "MultiLineString", "coordinates": [[[-122.61999999999999, 36.540000000000006], [-122.61942289909813, 36.53494631262497]], [[-122.61546689527847, 36.544672567494075], [-122.61942289909813, 36.53494631262497], [-122.62546982237555, 36.54353029298824]]]}}, {"type": "Feature", "properties": {"speed": 0.108}, "geometry": {"type": "MultiLineString", "coordinates": [[[-122.58, 36.540000000000006], [-122.57595435056835, 36.529683926105506]], [[-122.57463211683967, 36.540100340938196], [-122.57595435056835, 36.529683926105506], [-122.58400505548327, 36.53642456037631]]]}}, {"type": "Feature", "properties": {"speed": 0.168}, "geometry": {"type": "MultiLineString", "coordinates": [[[-122.53999999999999, 36.540000000000006], [-122.53227385548874, 36.52439048044384]], [[-122.53184988002879, 36.53488191718098], [-122.53227385548874, 36.52439048044384], [-122.54087302017335, 36.5304157909526]]]}}, {"type": "Feature", "properties": {"speed": 0.21}, "geometry": {"type": "MultiLineString", "coordinates": [[[-122.5, 36.540000000000006], [-122.48935610614717, 36.52079215735198]], [[-122.48941930046989, 36.53129196718252], [-122.48935610614717, 36.52079215735198], [-122.49822553550385, 36.52641205262563]]]}}, {"type": "Feature", "properties": {"speed": 0.243}, "geometry": {"type": "MultiLineString", "coordinates": [[[-122.46, 36.540000000000006], [-122.44856949806213, 36.51746958211065]], [[-122.44824929266166, 36.52796469852265], [-122.44856949806213, 36.51746958211065], [-122.45722782628879, 36.523409561262085]]]}}, {"type": "Feature", "properties": {"speed": 0.261}, "geometry": {"type": "MultiLineString", "coordinates": [[[-122.41999999999999, 36.540000000000006], [-122.40607652261852, 36.51640643827618]], [[-122.40642439850228, 36.526900673949605], [-122.40607652261852, 36.51640643827618], [-122.4150950755876, 36.52178377054636]]]}}, {"type": "Feature", "properties": {"speed": 0.268}, "geometry": {"type": "MultiLineString", "coordinates": [[[-122.38, 36.540000000000006], [-122.36336806520819, 36.51680541686714]], [[-122.36464677437327, 36.52722726424998], [-122.36336806520819, 36.51680541686714], [-122.37282863689937, 36.52136036837907]]]}}, {"type": "Feature", "properties": {"speed": 0.213}, "geometry": {"type": "MultiLineString", "coordinates": [[[-122.34, 36.540000000000006], [-122.32493428062648, 36.52248068243266]], [[-122.32712559141655, 36.532749477737916], [-122.32493428062648, 36.52248068243266], [-122.33475914419753, 36.52618501176604]]]}}, {"type": "Feature", "properties": {"speed": 0.168}, "geometry": {"type": "MultiLineString", "coordinates": [[[-122.3, 36.540000000000006], [-122.28611824773252, 36.52741369973869]], [[-122.28956341274124, 36.53733241125091], [-122.28611824773252, 36.52741369973869], [-122.29632598627504, 36.529873796047255]]]}}, {"type": "Feature", "properties": {"speed": 0.099}, "geometry": {"type": "MultiLineString", "coordinates": [[[-122.25999999999999, 36.540000000000006], [-122.24843153845518, 36.54346210179851]], [[-122.25870258378454, 36.5456428420036], [-122.24843153845518, 36.54346210179851], [-122.2558160375383, 36.535997574131514]]]}}, {"type": "Feature", "properties": {"speed": 0.196}, "geometry": {"type": "MultiLineString", "coordinates": [[[-122.22, 36.540000000000006], [-122.21199450667947, 36.55848542131484]], [[-122.22027582512332, 36.5520302090928], [-122.21199450667947, 36.55848542131484], [-122.21103704834468, 36.54802916607996]]]}}, {"type": "Feature", "properties": {"speed": 0.271}, "geometry": {"type": "MultiLineString", "coordinates": [[[-122.17999999999999, 36.540000000000006], [-122.17287765054031, 36.566479804888374]], [[-122.18013226030716, 36.558888979035366], [-122.17287765054031, 36.566479804888374], [-122.17040987321948, 36.55627392055164]]]}}, {"type": "Feature", "properties": {"speed": 0.326}, "geometry": {"type": "MultiLineString", "coordinates": [[[-122.13999999999999, 36.540000000000006], [-122.13188370723276, 36.569282709583646]], [[-122.13919601116469, 36.56174744507555], [-122.13188370723276, 36.569282709583646], [-122.12949385546197, 36.55905829720378]]]}}, {"type": "Feature", "properties": {"speed": 0.315}, "geometry": {"type": "MultiLineString", "coordinates": [[[-122.1, 36.540000000000006], [-122.09375051166862, 36.569576824978]], [[-122.10058069243163, 36.56160195001067], [-122.09375051166862, 36.569576824978], [-122.09073024819189, 36.55952058271107]]]}}, {"type": "Feature", "properties": {"speed": 0.28}, "geometry": {"type": "MultiLineString", "coordinates": [[[-122.06, 36.540000000000006], [-122.05512004945427, 36.56769500762225]], [[-122.06167665768577, 36.5594937340322], [-122.05512004945427, 36.56769500762225], [-122.05176146623592, 36.55774664500494]]]}}, {"type": "Feature", "properties": {"speed": 0.25}, "geometry": {"type": "MultiLineString", "coordinates": [[[-122.02, 36.540000000000006], [-122.01169391486793, 36.564143768474466]], [[-122.01945170352111, 36.55706798475726], [-122.01169391486793, 36.564143768474466], [-122.00993139927287, 36.553792752158316]]]}}, {"type": "Feature", "properties": {"speed": 0.155}, "geometry": {"type": "MultiLineString", "coordinates": [[[-121.97999999999999, 36.540000000000006], [-121.9688197891414, 36.552604372575885]], [[-121.97870035580955, 36.54905128908176], [-121.9688197891414, 36.552604372575885], [-121.97116846542859, 36.54237042320636]]]}}, {"type": "Feature", "properties": {"speed": 0.121}, "geometry": {"type": "MultiLineString", "coordinates": [[[-121.94, 36.540000000000006], [-121.92787511792034, 36.54716818589718]], [[-121.93836907764428, 36.54681208294546], [-121.92787511792034, 36.54716818589718], [-121.93324537825539, 36.538145420027796]]]}}, {"type": "Feature", "properties": {"speed": 0.118}, "geometry": {"type": "MultiLineString", "coordinates": [[[-122.69999999999999, 36.58], [-122.70925474986433, 36.589141389280556]], [[-122.70623655631293, 36.579084525570316], [-122.70925474986433, 36.589141389280556], [-122.69916145391862, 36.58624736492814]]]}}, {"type": "Feature", "properties": {"speed": 0.054}, "geometry": {"type": "MultiLineString", "coordinates": [[[-122.66, 36.58], [-122.66448947306722, 36.584016765858976]], [[-122.66097882346581, 36.57412104257181], [-122.66448947306722, 36.584016765858976], [-122.65426569697264, 36.581624193526096]]]}}, {"type": "Feature", "properties": {"speed": 0.019}, "geometry": {"type": "MultiLineString", "coordinates": [[[-122.61999999999999, 36.58], [-122.61895260890479, 36.578338106670415]], [[-122.61960694673293, 36.588817698361254], [-122.61895260890479, 36.578338106670415], [-122.62812442148262, 36.58344964792889]]]}}, {"type": "Feature", "properties": {"speed": 0.11}, "geometry": {"type": "MultiLineString", "coordinates": [[[-122.58, 36.58], [-122.57344038777053, 36.57037634208798]], [[-122.57447065631926, 36.580825674445485], [-122.57344038777053, 36.57037634208798], [-122.58278985423253, 36.575155199365206]]]}}, {"type": "Feature", "properties": {"speed": 0.163}, "geometry": {"type": "MultiLineString", "coordinates": [[[-122.53999999999999, 36.58], [-122.52926230240612, 36.566193385906516]], [[-122.53094559118321, 36.57655758094969], [-122.52926230240612, 36.566193385906516], [-122.53889295662354, 36.570376745721845]]]}}, {"type": "Feature", "properties": {"speed": 0.206}, "geometry": {"type": "MultiLineString", "coordinates": [[[-122.5, 36.58], [-122.48602116759866, 36.56273432254791]], [[-122.48790703283807, 36.57306357771461], [-122.48602116759866, 36.56273432254791], [-122.49573187345352, 36.56672834205217]]]}}, {"type": "Feature", "properties": {"speed": 0.238}, "geometry": {"type": "MultiLineString", "coordinates": [[[-122.46, 36.58], [-122.4445379171893, 36.559683104902504]], [[-122.4461125496579, 36.570064363621405], [-122.4445379171893, 36.559683104902504], [-122.45412422274072, 36.563967115392074]]]}}, {"type": "Feature", "properties": {"speed": 0.268}, "geometry": {"type": "MultiLineString", "coordinates": [[[-122.41999999999999, 36.58], [-122.4014504534006, 36.55771088220179]], [[-122.40347555965782, 36.568013743195074], [-122.4014504534006, 36.55771088220179], [-122.41121418156736, 36.561573473596894]]]}}, {"type": "Feature", "properties": {"speed": 0.289}, "geometry": {"type": "MultiLineString", "coordinates": [[[-122.38, 36.58], [-122.35787687927484, 36.557257637307046]], [[-122.36069371524484, 36.567372746555996], [-122.35787687927484, 36.557257637307046], [-122.36791039318584, 36.56035256842065]]]}}, {"type": "Feature", "properties": {"speed": 0.257}, "geometry": {"type": "MultiLineString", "coordinates": [[[-122.34, 36.58], [-122.31944067791105, 36.56029848001897]], [[-122.32261078841226, 36.57030849497451], [-122.31944067791105, 36.56029848001897], [-122.32957663306729, 36.563039358175814]]]}}, {"type": "Feature", "properties": {"speed": 0.177}, "geometry": {"type": "MultiLineString", "coordinates": [[[-122.3, 36.58], [-122.28232903704047, 36.5694258659333]], [[-122.28765127446614, 36.57847704203283], [-122.28232903704047, 36.5694258659333], [-122.29282095626009, 36.56983772888274]]]}}, {"type": "Feature", "properties": {"speed": 0.11}, "geometry": {"type": "MultiLineString", "coordinates": [[[-122.25999999999999, 36.58], [-122.24709143418818, 36.58381339318119]], [[-122.25735469124248, 36.58603049819388], [-122.24709143418818, 36.58381339318119], [-122.25450232517879, 36.57637506711107]]]}}, {"type": "Feature", "properties": {"speed": 0.213}, "geometry": {"type": "MultiLineString", "coordinates": [[[-122.22, 36.58], [-122.2120484572649, 36.6002957354486]], [[-122.22009690887091, 36.59355241084233], [-122.2120484572649, 36.6002957354486], [-122.21072274222898, 36.58987976311551]]]}}, {"type": "Feature", "properties": {"speed": 0.289}, "geometry": {"type": "MultiLineString", "coordinates": [[[-122.17999999999999, 36.58], [-122.17534222623333, 36.60865028940141]], [[-122.18178959891947, 36.600362866071684], [-122.17534222623333, 36.60865028940141], [-122.17185213029165, 36.59874729842303]]]}}, {"type": "Feature", "properties": {"speed": 0.32}, "geometry": {"type": "MultiLineString", "coordinates": [[[-122.13999999999999, 36.58], [-122.1370154664479, 36.609904114082454]], [[-122.14293965359977, 36.60123497302986], [-122.1370154664479, 36.609904114082454], [-122.13292148776749, 36.60023512558498]]]}}, {"type": "Feature", "properties": {"speed": 0.317}, "geometry": {"type": "MultiLineString", "coordinates": [[[-122.1, 36.58], [-122.0982656125212, 36.609967652633784]], [[-122.10382357900717, 36.601059285300714], [-122.0982656125212, 36.609967652633784], [-122.0937724619967, 36.60047757368974]]]}}, {"type": "Feature", "properties": {"speed": 0.323}, "geometry": {"type": "MultiLineString", "coordinates": [[[-122.06, 36.58], [-122.05708087579347, 36.60990827895701]], [[-122.0629861531043, 36.60122624579178], [-122.05708087579347, 36.60990827895701], [-122.05296583174363, 36.6002482369039]]]}}, {"type": "Feature", "properties": {"speed": 0.271}, "geometry": {"type": "MultiLineString", "coordinates": [[[-122.02, 36.58], [-122.01390524253249, 36.606625506579874]], [[-122.0208683988219, 36.598766470093814], [-122.01390524253249, 36.606625506579874], [-122.01105430076021, 36.59651995706433]]]}}, {"type": "Feature", "properties": {"speed": 0.154}, "geometry": {"type": "MultiLineString", "coordinates": [[[-121.97999999999999, 36.58], [-121.9714797246456, 36.59379008218646]], [[-121.98060561306777, 36.58859699442422], [-121.9714797246456, 36.59379008218646], [-121.9720406305297, 36.5833050745761]]]}}, {"type": "Feature", "properties": {"speed": 0.088}, "geometry": {"type": "MultiLineString", "coordinates": [[[-122.69999999999999, 36.620000000000005], [-122.7051662325859, 36.62781697221101]], [[-122.70428527702683, 36.61735399379648], [-122.7051662325859, 36.62781697221101], [-122.69588595751546, 36.62290509938925]]]}}, {"type": "Feature", "properties": {"speed": 0.031}, "geometry": {"type": "MultiLineString", "coordinates": [[[-122.66, 36.620000000000005], [-122.66005980932837, 36.62311739929021]], [[-122.66491609538798, 36.61380791564678], [-122.66005980932837, 36.62311739929021], [-122.65485001151484, 36.614001039998136]]]}}, {"type": "Feature", "properties": {"speed": 0.019}, "geometry": {"type": "MultiLineString", "coordinates": [[[-122.61999999999999, 36.620000000000005], [-122.61762466829269, 36.6203851914662]], [[-122.62752626386616, 36.62387924428485], [-122.61762466829269, 36.6203851914662], [-122.62591466727909, 36.61394113088257]]]}}, {"type": "Feature", "properties": {"speed": 0.086}, "geometry": {"type": "MultiLineString", "coordinates": [[[-122.58, 36.620000000000005], [-122.57196726456284, 36.61425390269608]], [[-122.57653300660813, 36.62370927151891], [-122.57196726456284, 36.61425390269608], [-122.58239056403299, 36.61552072081866]]]}}, {"type": "Feature", "properties": {"speed": 0.139}, "geometry": {"type": "MultiLineString", "coordinates": [[[-122.53999999999999, 36.620000000000005], [-122.52778935428708, 36.61008871335537]], [[-122.53177129370559, 36.619804378976795], [-122.52778935428708, 36.61008871335537], [-122.53811625605525, 36.61198742340973]]]}}, {"type": "Feature", "properties": {"speed": 0.19}, "geometry": {"type": "MultiLineString", "coordinates": [[[-122.5, 36.620000000000005], [-122.4837292060256, 36.606233832314615]], [[-122.48751236622945, 36.61602861147864], [-122.4837292060256, 36.606233832314615], [-122.49401527867633, 36.608342554539995]]]}}, {"type": "Feature", "properties": {"speed": 0.244}, "geometry": {"type": "MultiLineString", "coordinates": [[[-122.46, 36.620000000000005], [-122.44048207722604, 36.60123842850328]], [[-122.44363670036824, 36.611253335034576], [-122.44048207722604, 36.60123842850328], [-122.45061378064557, 36.60399498175302]]]}}, {"type": "Feature", "properties": {"speed": 0.277}, "geometry": {"type": "MultiLineString", "coordinates": [[[-122.41999999999999, 36.620000000000005], [-122.39729859687387, 36.59909755632282]], [[-122.40066757038193, 36.60904240511513], [-122.39729859687387, 36.59909755632282], [-122.40748716273572, 36.6016358876012]]]}}, {"type": "Feature", "properties": {"speed": 0.29}, "geometry": {"type": "MultiLineString", "coordinates": [[[-122.38, 36.620000000000005], [-122.35581996582448, 36.59842984460295]], [[-122.35934515646349, 36.608320397214335], [-122.35581996582448, 36.59842984460295], [-122.36604724750156, 36.60080738734654]]]}}, {"type": "Feature", "properties": {"speed": 0.283}, "geometry": {"type": "MultiLineString", "coordinates": [[[-122.34, 36.620000000000005], [-122.31600434906781, 36.59931484691799]], [[-122.31969689136223, 36.60914414655753], [-122.31600434906781, 36.59931484691799], [-122.32627050863167, 36.601518472977375]]]}}, {"type": "Feature", "properties": {"speed": 0.195}, "geometry": {"type": "MultiLineString", "coordinates": [[[-122.3, 36.620000000000005], [-122.2808634109795, 36.60805229272694]], [[-122.28601374782647, 36.617202376352935], [-122.2808634109795, 36.60805229272694], [-122.29134567973377, 36.60866224499024]]]}}, {"type": "Feature", "properties": {"speed": 0.102}, "geometry": {"type": "MultiLineString", "coordinates": [[[-122.25999999999999, 36.620000000000005], [-122.24813126794993, 36.62367816537619]], [[-122.25842304602907, 36.625758863328734], [-122.24813126794993, 36.62367816537619], [-122.2554427863328, 36.61614213864209]]]}}, {"type": "Feature", "properties": {"speed": 0.197}, "geometry": {"type": "MultiLineString", "coordinates": [[[-122.22, 36.620000000000005], [-122.21316892912611, 36.63890656910837]], [[-122.22103454493966, 36.631950845718684], [-122.21316892912611, 36.63890656910837], [-122.21156570007646, 36.62852968823721]]]}}, {"type": "Feature", "properties": {"speed": 0.273}, "geometry": {"type": "MultiLineString", "coordinates": [[[-122.17999999999999, 36.620000000000005], [-122.17769455660134, 36.647244327589874]], [[-122.18348757116154, 36.63848698882143], [-122.17769455660134, 36.647244327589874], [-122.17345548924835, 36.63763806359304]]]}}, {"type": "Feature", "properties": {"speed": 0.322}, "geometry": {"type": "MultiLineString", "coordinates": [[[-122.13999999999999, 36.620000000000005], [-122.14129563594236, 36.64998197078705]], [[-122.14592708271509, 36.640558611471434], [-122.14129563594236, 36.64998197078705], [-122.13586853386965, 36.640993279942855]]]}}, {"type": "Feature", "properties": {"speed": 0.334}, "geometry": {"type": "MultiLineString", "coordinates": [[[-122.1, 36.620000000000005], [-122.1002487679012, 36.64999933622778]], [[-122.10520615389207, 36.640743293653465], [-122.1002487679012, 36.64999933622778], [-122.09513856372271, 36.640826778609856]]]}}, {"type": "Feature", "properties": {"speed": 0.325}, "geometry": {"type": "MultiLineString", "coordinates": [[[-122.06, 36.620000000000005], [-122.05535211501643, 36.64976716123522]], [[-122.0617473767876, 36.64143945885831], [-122.05535211501643, 36.64976716123522], [-122.05179996977773, 36.63988625721771]]]}}, {"type": "Feature", "properties": {"speed": 0.273}, "geometry": {"type": "MultiLineString", "coordinates": [[[-122.02, 36.620000000000005], [-122.01346436420455, 36.6468217548728]], [[-122.0205367187092, 36.639060839864854], [-122.01346436420455, 36.6468217548728], [-122.01075498885658, 36.63667733348843]]]}}, {"type": "Feature", "properties": {"speed": 0.107}, "geometry": {"type": "MultiLineString", "coordinates": [[[-121.97999999999999, 36.620000000000005], [-121.97670329038053, 36.63035693567247]], [[-121.98429503410314, 36.62310328643569], [-121.97670329038053, 36.63035693567247], [-121.9747013916527, 36.6200495401972]]]}}, {"type": "Feature", "properties": {"speed": 0.06}, "geometry": {"type": "MultiLineString", "coordinates": [[[-121.94, 36.620000000000005], [-121.93544469686225, 36.615214251335715]], [[-121.93815147950903, 36.62535936482463], [-121.93544469686225, 36.615214251335715], [-121.9454439964063, 36.61841800048762]]]}}, {"type": "Feature", "properties": {"speed": 0.12}, "geometry": {"type": "MultiLineString", "coordinates": [[[-121.89999999999999, 36.620000000000005], [-121.89140034057199, 36.61013026058674]], [[-121.89365832973515, 36.62038460039675], [-121.89140034057199, 36.61013026058674], [-121.90124906674195, 36.61377067166644]]]}}, {"type": "Feature", "properties": {"speed": 0.057}, "geometry": {"type": "MultiLineString", "coordinates": [[[-122.69999999999999, 36.660000000000004], [-122.69790162569842, 36.665407563876364]], [[-122.70592814538637, 36.65863814870966], [-122.69790162569842, 36.665407563876364], [-122.69654210634701, 36.65499594982603]]]}}, {"type": "Feature", "properties": {"speed": 0.044}, "geometry": {"type": "MultiLineString", "coordinates": [[[-122.66, 36.660000000000004], [-122.65594339774921, 36.66291254371405]], [[-122.66636447085835, 36.66162753972424], [-122.65594339774921, 36.66291254371405], [-122.66049263400691, 36.6534492224434]]]}}, {"type": "Feature", "properties": {"speed": 0.068}, "geometry": {"type": "MultiLineString", "coordinates": [[[-122.61999999999999, 36.660000000000004], [-122.61156763870268, 36.65913089588518]], [[-122.62021759341147, 36.66508306217452], [-122.61156763870268, 36.65913089588518], [-122.62124980440673, 36.65506817914888]]]}}, {"type": "Feature", "properties": {"speed": 0.107}, "geometry": {"type": "MultiLineString", "coordinates": [[[-122.58, 36.660000000000004], [-122.56832419328391, 36.65475145712495]], [[-122.5746647593689, 36.66312087895217], [-122.56832419328391, 36.65475145712495], [-122.57879264138737, 36.65393807264921]]]}}, {"type": "Feature", "properties": {"speed": 0.16}, "geometry": {"type": "MultiLineString", "coordinates": [[[-122.53999999999999, 36.660000000000004], [-122.52439177591353, 36.65005443416536]], [[-122.529457704904, 36.65925151867424], [-122.52439177591353, 36.65005443416536], [-122.5348679887875, 36.65076080787619]]]}}, {"type": "Feature", "properties": {"speed": 0.185}, "geometry": {"type": "MultiLineString", "coordinates": [[[-122.5, 36.660000000000004], [-122.48267716169357, 36.64773804306984]], [[-122.48728983571905, 36.65717060572983], [-122.48267716169357, 36.64773804306984], [-122.49310662789652, 36.64895304707046]]]}}, {"type": "Feature", "properties": {"speed": 0.238}, "geometry": {"type": "MultiLineString", "coordinates": [[[-122.46, 36.660000000000004], [-122.43926615178584, 36.642976570725445]], [[-122.44319349903061, 36.652714432072734], [-122.43926615178584, 36.642976570725445], [-122.44958223433596, 36.64493321091187]]]}}, {"type": "Feature", "properties": {"speed": 0.26}, "geometry": {"type": "MultiLineString", "coordinates": [[[-122.41999999999999, 36.660000000000004], [-122.39847173549234, 36.64060534335673]], [[-122.40194847513614, 36.6505130313539], [-122.39847173549234, 36.64060534335673], [-122.40868725791493, 36.643032914495436]]]}}, {"type": "Feature", "properties": {"speed": 0.25}, "geometry": {"type": "MultiLineString", "coordinates": [[[-122.38, 36.660000000000004], [-122.35979584150016, 36.6410303170234]], [[-122.36306788183751, 36.65100747854513], [-122.35979584150016, 36.6410303170234], [-122.3699592243706, 36.64366767339462]]]}}, {"type": "Feature", "properties": {"speed": 0.217}, "geometry": {"type": "MultiLineString", "coordinates": [[[-122.34, 36.660000000000004], [-122.32069896176458, 36.644754472039644]], [[-122.3248096609496, 36.65441636379076], [-122.32069896176458, 36.644754472039644], [-122.33105018357989, 36.64651578034035]]]}}, {"type": "Feature", "properties": {"speed": 0.099}, "geometry": {"type": "MultiLineString", "coordinates": [[[-122.3, 36.660000000000004], [-122.28845662828535, 36.65647230468691]], [[-122.29579769334082, 36.66397955210866], [-122.28845662828535, 36.65647230468691], [-122.29874015354352, 36.65435119453784]]]}}, {"type": "Feature", "properties": {"speed": 0.102}, "geometry": {"type": "MultiLineString", "coordinates": [[[-122.25999999999999, 36.660000000000004], [-122.25628895241766, 36.66972586963326]], [[-122.26427713819365, 36.66291126120663], [-122.25628895241766, 36.66972586963326], [-122.25487069234829, 36.65932209443501]]]}}, {"type": "Feature", "properties": {"speed": 0.202}, "geometry": {"type": "MultiLineString", "coordinates": [[[-122.22, 36.660000000000004], [-122.219978943124, 36.68020256593824]], [[-122.22502251281708, 36.67099320088134], [-122.219978943124, 36.68020256593824], [-122.21495458197509, 36.670982707205845]]]}}, {"type": "Feature", "properties": {"speed": 0.258}, "geometry": {"type": "MultiLineString", "coordinates": [[[-122.17999999999999, 36.660000000000004], [-122.18263175321742, 36.685722218677405]], [[-122.18670168637948, 36.676043084209056], [-122.18263175321742, 36.685722218677405], [-122.17668603667644, 36.67706782933937]]]}}, {"type": "Feature", "properties": {"speed": 0.309}, "geometry": {"type": "MultiLineString", "coordinates": [[[-122.13999999999999, 36.660000000000004], [-122.14631629768758, 36.68956901490689]], [[-122.14931427660802, 36.67950610665964], [-122.14631629768758, 36.68956901490689], [-122.1394684672984, 36.681609290102536]]]}}, {"type": "Feature", "properties": {"speed": 0.313}, "geometry": {"type": "MultiLineString", "coordinates": [[[-122.1, 36.660000000000004], [-122.10216476758941, 36.68994969673455]], [[-122.10652133671731, 36.68039614737141], [-122.10216476758941, 36.68994969673455], [-122.09647959734387, 36.68112196547]]]}}, {"type": "Feature", "properties": {"speed": 0.299}, "geometry": {"type": "MultiLineString", "coordinates": [[[-122.06, 36.660000000000004], [-122.0583686406631, 36.689837846755985]], [[-122.06389815187906, 36.68091178907565], [-122.0583686406631, 36.689837846755985], [-122.05384522977668, 36.680362153960594]]]}}, {"type": "Feature", "properties": {"speed": 0.223}, "geometry": {"type": "MultiLineString", "coordinates": [[[-122.02, 36.660000000000004], [-122.01322275957092, 36.681668309345845]], [[-122.02077787817358, 36.674376520614686], [-122.01322275957092, 36.681668309345845], [-122.01116897892842, 36.67137112598958]]]}}, {"type": "Feature", "properties": {"speed": 0.087}, "geometry": {"type": "MultiLineString", "coordinates": [[[-121.97999999999999, 36.660000000000004], [-121.96953559529035, 36.66246152561158]], [[-121.97965806466884, 36.66525179686751], [-121.96953559529035, 36.66246152561158], [-121.97735272113823, 36.65545135132855]]]}}, {"type": "Feature", "properties": {"speed": 0.166}, "geometry": {"type": "MultiLineString", "coordinates": [[[-121.94, 36.660000000000004], [-121.92943588882684, 36.645745254904035]], [[-121.93087797575963, 36.65614575418428], [-121.92943588882684, 36.645745254904035], [-121.93896677009373, 36.65015119433583]]]}}, {"type": "Feature", "properties": {"speed": 0.143}, "geometry": {"type": "MultiLineString", "coordinates": [[[-121.89999999999999, 36.660000000000004], [-121.89107714835554, 36.64763896618039]], [[-121.89238875905525, 36.65805672397045], [-121.89107714835554, 36.64763896618039], [-121.90055205554809, 36.65216402238916]]]}}, {"type": "Feature", "properties": {"speed": 0.078}, "geometry": {"type": "MultiLineString", "coordinates": [[[-121.86, 36.660000000000004], [-121.85371601315215, 36.65410274298862]], [[-121.85699039792746, 36.664079135339726], [-121.85371601315215, 36.65410274298862], [-121.86388001549307, 36.65673771099865]]]}}, {"type": "Feature", "properties": {"speed": 0.064}, "geometry": {"type": "MultiLineString", "coordinates": [[[-121.82, 36.660000000000004], [-121.81479320691898, 36.65511946924031]], [[-121.81807352912796, 36.665093910889105], [-121.81479320691898, 36.65511946924031], [-121.8249587758096, 36.657748387103226]]]}}, {"type": "Feature", "properties": {"speed": 0.068}, "geometry": {"type": "MultiLineString", "coordinates": [[[-122.69999999999999, 36.7], [-122.69271054053678, 36.70347258686088]], [[-122.70319441848902, 36.70405422513558], [-122.69271054053678, 36.70347258686088], [-122.69886443570063, 36.694964968256805]]]}}, {"type": "Feature", "properties": {"speed": 0.069}, "geometry": {"type": "MultiLineString", "coordinates": [[[-122.66, 36.7], [-122.65155199807137, 36.70141131586861]], [[-122.66147013629204, 36.70485813095442], [-122.65155199807137, 36.70141131586861], [-122.65981118590662, 36.69492781247137]]]}}, {"type": "Feature", "properties": {"speed": 0.093}, "geometry": {"type": "MultiLineString", "coordinates": [[[-122.61999999999999, 36.7], [-122.608827441819, 36.697499965364116]], [[-122.616720437789, 36.704424603594205], [-122.608827441819, 36.697499965364116], [-122.61891892789271, 36.69459963627518]]]}}, {"type": "Feature", "properties": {"speed": 0.129}, "geometry": {"type": "MultiLineString", "coordinates": [[[-122.58, 36.7], [-122.56617459461093, 36.693307161610576]], [[-122.57227505189053, 36.701853179453984], [-122.56617459461093, 36.693307161610576], [-122.57666191179682, 36.69279123696252]]]}}, {"type": "Feature", "properties": {"speed": 0.165}, "geometry": {"type": "MultiLineString", "coordinates": [[[-122.53999999999999, 36.7], [-122.52386648111045, 36.68982712440193]], [[-122.52897603203756, 36.69900004592799], [-122.52386648111045, 36.68982712440193], [-122.53434593056842, 36.69048373620344]]]}}, {"type": "Feature", "properties": {"speed": 0.195}, "geometry": {"type": "MultiLineString", "coordinates": [[[-122.5, 36.7], [-122.48243344016373, 36.68658016230911]], [[-122.4866998838104, 36.69617429898782], [-122.48243344016373, 36.68658016230911], [-122.4928117971433, 36.68817380794244]]]}}, {"type": "Feature", "properties": {"speed": 0.202}, "geometry": {"type": "MultiLineString", "coordinates": [[[-122.46, 36.7], [-122.44369233496487, 36.684601170755926]], [[-122.446935965627, 36.694587604560226], [-122.44369233496487, 36.684601170755926], [-122.45384817037902, 36.68726744288017]]]}}, {"type": "Feature", "properties": {"speed": 0.199}, "geometry": {"type": "MultiLineString", "coordinates": [[[-122.41999999999999, 36.7], [-122.40556125350295, 36.683849989250305]], [[-122.40795003014345, 36.694074652871265], [-122.40556125350295, 36.683849989250305], [-122.41545567279648, 36.68736431234927]]]}}, {"type": "Feature", "properties": {"speed": 0.181}, "geometry": {"type": "MultiLineString", "coordinates": [[[-122.38, 36.7], [-122.36696612659841, 36.68524566367269]], [[-122.3692940397533, 36.69548435598877], [-122.36696612659841, 36.68524566367269], [-122.37683946595021, 36.68881878136516]]]}}, {"type": "Feature", "properties": {"speed": 0.072}, "geometry": {"type": "MultiLineString", "coordinates": [[[-122.34, 36.7], [-122.3342418592982, 36.694435752741995]], [[-122.337370102555, 36.704458930587684], [-122.3342418592982, 36.694435752741995], [-122.34436626967589, 36.697218972910136]]]}}, {"type": "Feature", "properties": {"speed": 0.023}, "geometry": {"type": "MultiLineString", "coordinates": [[[-122.3, 36.7], [-122.29836276145652, 36.70183916115202]], [[-122.30824966334973, 36.69830374449284], [-122.29836276145652, 36.70183916115202], [-122.30072972680941, 36.69160942630608]]]}}, {"type": "Feature", "properties": {"speed": 0.135}, "geometry": {"type": "MultiLineString", "coordinates": [[[-122.25999999999999, 36.7], [-122.26691409269347, 36.71230876706541]], [[-122.26679022197224, 36.701809497755384], [-122.26691409269347, 36.71230876706541], [-122.25801233457109, 36.70674022126506]]]}}, {"type": "Feature", "properties": {"speed": 0.219}, "geometry": {"type": "MultiLineString", "coordinates": [[[-122.22, 36.7], [-122.22800587330013, 36.72097515575588]], [[-122.22942305257415, 36.71057123327898], [-122.22800587330013, 36.72097515575588], [-122.22001697963721, 36.714161377212186]]]}}, {"type": "Feature", "properties": {"speed": 0.283}, "geometry": {"type": "MultiLineString", "coordinates": [[[-122.17999999999999, 36.7], [-122.19318531390279, 36.72629816159606]], [[-122.19355537037724, 36.71580468466009], [-122.19318531390279, 36.72629816159606], [-122.18455529989787, 36.72031712002499]]]}}, {"type": "Feature", "properties": {"speed": 0.296}, "geometry": {"type": "MultiLineString", "coordinates": [[[-122.13999999999999, 36.7], [-122.154072609134, 36.72736795134843]], [[-122.15433567784336, 36.71687124734888], [-122.154072609134, 36.72736795134843], [-122.14538207391254, 36.72147519328752]]]}}, {"type": "Feature", "properties": {"speed": 0.267}, "geometry": {"type": "MultiLineString", "coordinates": [[[-122.1, 36.7], [-122.11004806999117, 36.725478646159175]], [[-122.11135043018811, 36.715059727889155], [-122.11004806999117, 36.725478646159175], [-122.10198452079135, 36.71875338227573]]]}}, {"type": "Feature", "properties": {"speed": 0.279}, "geometry": {"type": "MultiLineString", "coordinates": [[[-122.06, 36.7], [-122.06750247715041, 36.72723236382008]], [[-122.06990820443642, 36.71701167518255], [-122.06750247715041, 36.72723236382008], [-122.0602018842171, 36.719685752473126]]]}}, {"type": "Feature", "properties": {"speed": 0.166}, "geometry": {"type": "MultiLineString", "coordinates": [[[-122.02, 36.7], [-122.0194865784538, 36.71660531200469]], [[-122.02480291382675, 36.707550667991676], [-122.0194865784538, 36.71660531200469], [-122.01473978649986, 36.7072395250038]]]}}, {"type": "Feature", "properties": {"speed": 0.102}, "geometry": {"type": "MultiLineString", "coordinates": [[[-121.97999999999999, 36.7], [-121.96734007962047, 36.69861123214942]], [[-121.97595082590098, 36.704619979813664], [-121.96734007962047, 36.69861123214942], [-121.97704867250557, 36.69461207921519]]]}}, {"type": "Feature", "properties": {"speed": 0.169}, "geometry": {"type": "MultiLineString", "coordinates": [[[-121.94, 36.7], [-121.92848982341587, 36.68587753064931]], [[-121.93040924815061, 36.69620060231852], [-121.92848982341587, 36.68587753064931], [-121.93821345830973, 36.68983996985401]]]}}, {"type": "Feature", "properties": {"speed": 0.196}, "geometry": {"type": "MultiLineString", "coordinates": [[[-121.89999999999999, 36.7], [-121.89882427672855, 36.68037513159216]], [[-121.89435037670557, 36.689874300955026], [-121.89882427672855, 36.68037513159216], [-121.90440029362854, 36.68927221176101]]]}}, {"type": "Feature", "properties": {"speed": 0.169}, "geometry": {"type": "MultiLineString", "coordinates": [[[-121.86, 36.7], [-121.86404813233763, 36.6833700414747]], [[-121.85697757393167, 36.691132592848305], [-121.86404813233763, 36.6833700414747], [-121.86675985507608, 36.69351383562629]]]}}, {"type": "Feature", "properties": {"speed": 0.151}, "geometry": {"type": "MultiLineString", "coordinates": [[[-121.82, 36.7], [-121.81903091206215, 36.684920312650505]], [[-121.81459826008894, 36.69443879974061], [-121.81903091206215, 36.684920312650505], [-121.82464547068551, 36.693793121194865]]]}}, {"type": "Feature", "properties": {"speed": 0.076}, "geometry": {"type": "MultiLineString", "coordinates": [[[-122.69999999999999, 36.74], [-122.69112941138445, 36.74259271077812]], [[-122.70138622960671, 36.74483941502112], [-122.69112941138445, 36.74259271077812], [-122.69856173035274, 36.73517579533073]]]}}, {"type": "Feature", "properties": {"speed": 0.091}, "geometry": {"type": "MultiLineString", "coordinates": [[[-122.66, 36.74], [-122.64879538755864, 36.73839644331951]], [[-122.65720388876103, 36.7446850924216], [-122.64879538755864, 36.73839644331951], [-122.65863023590023, 36.734718705142626]]]}}, {"type": "Feature", "properties": {"speed": 0.117}, "geometry": {"type": "MultiLineString", "coordinates": [[[-122.61999999999999, 36.74], [-122.60694040719419, 36.734787281379106]], [[-122.61363233736294, 36.742878515562865], [-122.60694040719419, 36.734787281379106], [-122.617364611292, 36.73352792879654]]]}}, {"type": "Feature", "properties": {"speed": 0.14}, "geometry": {"type": "MultiLineString", "coordinates": [[[-122.58, 36.74], [-122.56560069408268, 36.73210423603654]], [[-122.57125998578432, 36.74094857984689], [-122.56560069408268, 36.73210423603654], [-122.57610068113473, 36.73212072562966]]]}}, {"type": "Feature", "properties": {"speed": 0.159}, "geometry": {"type": "MultiLineString", "coordinates": [[[-122.53999999999999, 36.74], [-122.52448181338607, 36.73008058104664]], [[-122.52953458728412, 36.73928489937747], [-122.52448181338607, 36.73008058104664], [-122.53495700558454, 36.73080193283674]]]}}, {"type": "Feature", "properties": {"speed": 0.168}, "geometry": {"type": "MultiLineString", "coordinates": [[[-122.5, 36.74], [-122.48552409186959, 36.72788319900632]], [[-122.48935899934787, 36.737657833763336], [-122.48552409186959, 36.72788319900632], [-122.49582117275803, 36.72993749333216]]]}}, {"type": "Feature", "properties": {"speed": 0.138}, "geometry": {"type": "MultiLineString", "coordinates": [[[-122.46, 36.74], [-122.4512548167631, 36.72812094982714]], [[-122.45266386330428, 36.738525976873945], [-122.4512548167631, 36.72812094982714], [-122.4607716562144, 36.732557138152494]]]}}, {"type": "Feature", "properties": {"speed": 0.105}, "geometry": {"type": "MultiLineString", "coordinates": [[[-122.41999999999999, 36.74], [-122.41517400423064, 36.73021014850587]], [[-122.4147331232795, 36.740700888421955], [-122.41517400423064, 36.73021014850587], [-122.42376344848468, 36.73624930800093]]]}}, {"type": "Feature", "properties": {"speed": 0.032}, "geometry": {"type": "MultiLineString", "coordinates": [[[-122.38, 36.74], [-122.38327022839337, 36.73814200762194]], [[-122.37277168795659, 36.73831707531532], [-122.38327022839337, 36.73814200762194], [-122.37774515717149, 36.74707081426074]]]}}, {"type": "Feature", "properties": {"speed": 0.104}, "geometry": {"type": "MultiLineString", "coordinates": [[[-122.34, 36.74], [-122.3506042586267, 36.74607053469867]], [[-122.34510824319491, 36.73712381382599], [-122.3506042586267, 36.74607053469867], [-122.3401063427923, 36.7458613382991]]]}}, {"type": "Feature", "properties": {"speed": 0.175}, "geometry": {"type": "MultiLineString", "coordinates": [[[-122.3, 36.74], [-122.3155718056485, 36.75221437379718]], [[-122.31142837320873, 36.74256647414923], [-122.3155718056485, 36.75221437379718], [-122.305214671929, 36.75048816954619]]]}}, {"type": "Feature", "properties": {"speed": 0.21}, "geometry": {"type": "MultiLineString", "coordinates": [[[-122.25999999999999, 36.74], [-122.27789017580449, 36.755311256051066]], [[-122.27416264242595, 36.74549517256976], [-122.27789017580449, 36.755311256051066], [-122.26761623149089, 36.753144214694466]]]}}, {"type": "Feature", "properties": {"speed": 0.283}, "geometry": {"type": "MultiLineString", "coordinates": [[[-122.22, 36.74], [-122.24341154590249, 36.76124608308077]], [[-122.2399708703568, 36.751325813337], [-122.24341154590249, 36.76124608308077], [-122.23320492182056, 36.75878136710321]]]}}, {"type": "Feature", "properties": {"speed": 0.303}, "geometry": {"type": "MultiLineString", "coordinates": [[[-122.17999999999999, 36.74], [-122.20210724540054, 36.76421052567661]], [[-122.19961116846426, 36.754011525729155], [-122.20210724540054, 36.76421052567661], [-122.1921764467464, 36.760800358805184]]]}}, {"type": "Feature", "properties": {"speed": 0.298}, "geometry": {"type": "MultiLineString", "coordinates": [[[-122.13999999999999, 36.74], [-122.16145671658217, 36.76430340833962]], [[-122.1591318183658, 36.75406403100096], [-122.16145671658217, 36.76430340833962], [-122.15158442978196, 36.76072738354459]]]}}, {"type": "Feature", "properties": {"speed": 0.284}, "geometry": {"type": "MultiLineString", "coordinates": [[[-122.1, 36.74], [-122.11945853047072, 36.76378419786692]], [[-122.11751989272723, 36.75346471708058], [-122.11945853047072, 36.76378419786692], [-122.10972753636769, 36.7598398660139]]]}}, {"type": "Feature", "properties": {"speed": 0.231}, "geometry": {"type": "MultiLineString", "coordinates": [[[-122.06, 36.74], [-122.07077373605222, 36.76143201045692]], [[-122.07113276369707, 36.7509381503878], [-122.07077373605222, 36.76143201045692], [-122.0621374407498, 36.75546004231824]]]}}, {"type": "Feature", "properties": {"speed": 0.111}, "geometry": {"type": "MultiLineString", "coordinates": [[[-122.02, 36.74], [-122.01996576995909, 36.75113982126117]], [[-122.02502802855827, 36.741940715985386], [-122.01996576995909, 36.75113982126117], [-122.01496013977736, 36.74190977973993]]]}}, {"type": "Feature", "properties": {"speed": 0.072}, "geometry": {"type": "MultiLineString", "coordinates": [[[-121.97999999999999, 36.74], [-121.97186676833778, 36.74298238662072]], [[-121.98225115481306, 36.74453625840819], [-121.97186676833778, 36.74298238662072], [-121.97878501431866, 36.735083787216524]]]}}, {"type": "Feature", "properties": {"speed": 0.091}, "geometry": {"type": "MultiLineString", "coordinates": [[[-121.94, 36.74], [-121.93079176038503, 36.73463527230546]], [[-121.93621959633266, 36.74362352001709], [-121.93079176038503, 36.73463527230546], [-121.94128778231702, 36.73492427680954]]]}}, {"type": "Feature", "properties": {"speed": 0.146}, "geometry": {"type": "MultiLineString", "coordinates": [[[-121.89999999999999, 36.74], [-121.89477191083132, 36.7259988745302]], [[-121.89327938413892, 36.736392255311856], [-121.89477191083132, 36.7259988745302], [-121.90271122357967, 36.73287036003799]]]}}, {"type": "Feature", "properties": {"speed": 0.212}, "geometry": {"type": "MultiLineString", "coordinates": [[[-121.86, 36.74], [-121.85465393275022, 36.719251440614464]], [[-121.85207832162166, 36.729430646247245], [-121.85465393275022, 36.719251440614464], [-121.86182783030682, 36.7269185909226]]]}}, {"type": "Feature", "properties": {"speed": 0.161}, "geometry": {"type": "MultiLineString", "coordinates": [[[-121.82, 36.74], [-121.81654634413309, 36.724134998172524]], [[-121.81358760253995, 36.734209512959104], [-121.81654634413309, 36.724134998172524], [-121.82342514110678, 36.73206797694438]]]}}, {"type": "Feature", "properties": {"speed": 0.085}, "geometry": {"type": "MultiLineString", "coordinates": [[[-121.78, 36.74], [-121.77648256599903, 36.73193646293134]], [[-121.77555276294375, 36.74239521363486], [-121.77648256599903, 36.73193646293134], [-121.78478092651861, 36.73836975234556]]]}}, {"type": "Feature", "properties": {"speed": 0.071}, "geometry": {"type": "MultiLineString", "coordinates": [[[-122.69999999999999, 36.78], [-122.69156859423964, 36.78203840062022]], [[-122.70170812147596, 36.78476603465429], [-122.69156859423964, 36.78203840062022], [-122.69934222908269, 36.77498002960936]]]}}, {"type": "Feature", "properties": {"speed": 0.088}, "geometry": {"type": "MultiLineString", "coordinates": [[[-122.66, 36.78], [-122.64915778007358, 36.77849398736842]], [[-122.65759218793612, 36.784747847297176], [-122.64915778007358, 36.77849398736842], [-122.65897735176344, 36.77477565281815]]]}}, {"type": "Feature", "properties": {"speed": 0.102}, "geometry": {"type": "MultiLineString", "coordinates": [[[-122.61999999999999, 36.78], [-122.60824429605155, 36.77601257406175]], [[-122.61535360456924, 36.7837396519312], [-122.60824429605155, 36.77601257406175], [-122.61858758366127, 36.77420525521256]]]}}, {"type": "Feature", "properties": {"speed": 0.107}, "geometry": {"type": "MultiLineString", "coordinates": [[[-122.58, 36.78], [-122.56890748154372, 36.7741097185947]], [[-122.5746849568178, 36.782877316866596], [-122.56890748154372, 36.7741097185947], [-122.57940674430866, 36.773985294349345]]]}}, {"type": "Feature", "properties": {"speed": 0.122}, "geometry": {"type": "MultiLineString", "coordinates": [[[-122.53999999999999, 36.78], [-122.52932838160544, 36.771249713115395]], [[-122.53326205172688, 36.78098502201525], [-122.52932838160544, 36.771249713115395], [-122.53964573260996, 36.77319965369132]]]}}, {"type": "Feature", "properties": {"speed": 0.088}, "geometry": {"type": "MultiLineString", "coordinates": [[[-122.5, 36.78], [-122.49592538038269, 36.771867627948524]], [[-122.49555246623657, 36.78236100371801], [-122.49592538038269, 36.771867627948524], [-122.50455376525235, 36.7778510195069]]]}}, {"type": "Feature", "properties": {"speed": 0.057}, "geometry": {"type": "MultiLineString", "coordinates": [[[-122.46, 36.78], [-122.46400426611304, 36.775279754977674]], [[-122.45420453707425, 36.77905007469439], [-122.46400426611304, 36.775279754977674], [-122.46188206456155, 36.7855630550596]]]}}, {"type": "Feature", "properties": {"speed": 0.067}, "geometry": {"type": "MultiLineString", "coordinates": [[[-122.41999999999999, 36.78], [-122.42826134532689, 36.77917022208683]], [[-122.41858977445543, 36.775082347715205], [-122.42826134532689, 36.77917022208683], [-122.4195959456104, 36.78509988040359]]]}}, {"type": "Feature", "properties": {"speed": 0.133}, "geometry": {"type": "MultiLineString", "coordinates": [[[-122.38, 36.78], [-122.39458922494202, 36.786274312268944]], [[-122.38811304948933, 36.77800937721136], [-122.39458922494202, 36.786274312268944], [-122.38413542936945, 36.787258262535445]]]}}, {"type": "Feature", "properties": {"speed": 0.211}, "geometry": {"type": "MultiLineString", "coordinates": [[[-122.34, 36.78], [-122.36123793400824, 36.792550483457745]], [[-122.35586600338969, 36.78352871193384], [-122.36123793400824, 36.792550483457745], [-122.35074390853914, 36.79219632324827]]]}}, {"type": "Feature", "properties": {"speed": 0.246}, "geometry": {"type": "MultiLineString", "coordinates": [[[-122.3, 36.78], [-122.32403703704476, 36.795375981107355]], [[-122.31898730921628, 36.78616999127148], [-122.32403703704476, 36.795375981107355], [-122.3135620841217, 36.79465116302008]]]}}, {"type": "Feature", "properties": {"speed": 0.296}, "geometry": {"type": "MultiLineString", "coordinates": [[[-122.25999999999999, 36.78], [-122.28811719290911, 36.79925304345787]], [[-122.28335829525211, 36.78989340173982], [-122.28811719290911, 36.79925304345787], [-122.27767008259771, 36.79820048175353]]]}}, {"type": "Feature", "properties": {"speed": 0.323}, "geometry": {"type": "MultiLineString", "coordinates": [[[-122.22, 36.78], [-122.2471114371717, 36.8006996165216]], [[-122.24284232129088, 36.791106668612], [-122.2471114371717, 36.8006996165216], [-122.23673263669258, 36.79910886179046]]]}}, {"type": "Feature", "properties": {"speed": 0.33}, "geometry": {"type": "MultiLineString", "coordinates": [[[-122.17999999999999, 36.78], [-122.20551481686532, 36.80196306176484]], [[-122.20181527204615, 36.79213639558902], [-122.20551481686532, 36.80196306176484], [-122.19524708980451, 36.79976675099337]]]}}, {"type": "Feature", "properties": {"speed": 0.317}, "geometry": {"type": "MultiLineString", "coordinates": [[[-122.13999999999999, 36.78], [-122.16456004731356, 36.802650526836516]], [[-122.16119911697805, 36.79270295691819], [-122.16456004731356, 36.802650526836516], [-122.15437353744781, 36.800103957231144]]]}}, {"type": "Feature", "properties": {"speed": 0.298}, "geometry": {"type": "MultiLineString", "coordinates": [[[-122.1, 36.78], [-122.1229190327227, 36.80350898273289]], [[-122.12009112006686, 36.79339696463506], [-122.1229190327227, 36.80350898273289], [-122.11288213516679, 36.80042504248512]]]}}, {"type": "Feature", "properties": {"speed": 0.224}, "geometry": {"type": "MultiLineString", "coordinates": [[[-122.06, 36.78], [-122.07392168644816, 36.799374769181014]], [[-122.07263275683292, 36.788954180884424], [-122.07392168644816, 36.799374769181014], [-122.06445665210873, 36.79482909816855]]]}}, {"type": "Feature", "properties": {"speed": 0.128}, "geometry": {"type": "MultiLineString", "coordinates": [[[-122.02, 36.78], [-122.02421818392351, 36.79238052826375]], [[-122.02601140428136, 36.78203478707483], [-122.02421818392351, 36.79238052826375], [-122.01648142399097, 36.78528175754296]]]}}, {"type": "Feature", "properties": {"speed": 0.057}, "geometry": {"type": "MultiLineString", "coordinates": [[[-121.97999999999999, 36.78], [-121.97734239163808, 36.78532559026033]], [[-121.98596113964096, 36.7793283256453], [-121.97734239163808, 36.78532559026033], [-121.97695259689598, 36.774832827990124]]]}}, {"type": "Feature", "properties": {"speed": 0.078}, "geometry": {"type": "MultiLineString", "coordinates": [[[-121.94, 36.78], [-121.93305337527767, 36.774546331465245]], [[-121.93719267871727, 36.784196003326755], [-121.93305337527767, 36.774546331465245], [-121.94340976935516, 36.77627696768115]]]}}, {"type": "Feature", "properties": {"speed": 0.15}, "geometry": {"type": "MultiLineString", "coordinates": [[[-121.89999999999999, 36.78], [-121.89094715435057, 36.766863642930986]], [[-121.89203095255668, 36.777307558932584], [-121.89094715435057, 36.766863642930986], [-121.90032098530354, 36.77159453008511]]]}}, {"type": "Feature", "properties": {"speed": 0.183}, "geometry": {"type": "MultiLineString", "coordinates": [[[-121.86, 36.78], [-121.8495971082151, 36.763705159276725]], [[-121.85031253659255, 36.77418075769575], [-121.8495971082151, 36.763705159276725], [-121.85879856793522, 36.76876313703653]]]}}, {"type": "Feature", "properties": {"speed": 0.153}, "geometry": {"type": "MultiLineString", "coordinates": [[[-121.82, 36.78], [-121.8105016683042, 36.76671921994537]], [[-121.81176751241726, 36.77714263774768], [-121.8105016683042, 36.76671921994537], [-121.81995661044053, 36.771285845526556]]]}}, {"type": "Feature", "properties": {"speed": 0.069}, "geometry": {"type": "MultiLineString", "coordinates": [[[-121.78, 36.78], [-121.77436419410631, 36.77482743535191]], [[-121.77774907268558, 36.784766881865856], [-121.77436419410631, 36.77482743535191], [-121.78455680765431, 36.77734946411089]]]}}, {"type": "Feature", "properties": {"speed": 0.028}, "geometry": {"type": "MultiLineString", "coordinates": [[[-121.74, 36.78], [-121.73646323989145, 36.77993378514046]], [[-121.74558201338839, 36.785139356186136], [-121.73646323989145, 36.77993378514046], [-121.74577047123283, 36.775073183865096]]]}}, {"type": "Feature", "properties": {"speed": 0.052}, "geometry": {"type": "MultiLineString", "coordinates": [[[-122.69999999999999, 36.82000000000001], [-122.6937879545614, 36.821624314230874]], [[-122.70397630913764, 36.82416349343465], [-122.6937879545614, 36.821624314230874], [-122.70142939165714, 36.814423033850844]]]}}, {"type": "Feature", "properties": {"speed": 0.068}, "geometry": {"type": "MultiLineString", "coordinates": [[[-122.66, 36.82000000000001], [-122.65154333677143, 36.819029411643285]], [[-122.6601238658361, 36.82508123128454], [-122.65154333677143, 36.819029411643285], [-122.66127184704405, 36.81507895750793]]]}}, {"type": "Feature", "properties": {"speed": 0.061}, "geometry": {"type": "MultiLineString", "coordinates": [[[-122.61999999999999, 36.82000000000001], [-122.61304958106949, 36.81756885599346]], [[-122.62008540206249, 36.82536290647793], [-122.61304958106949, 36.81756885599346], [-122.62340951871249, 36.815859560222364]]]}}, {"type": "Feature", "properties": {"speed": 0.062}, "geometry": {"type": "MultiLineString", "coordinates": [[[-122.58, 36.82000000000001], [-122.57362668674439, 36.816444778516896]], [[-122.57922158486869, 36.82532999742128], [-122.57362668674439, 36.816444778516896], [-122.58412627700375, 36.81653753834452]]]}}, {"type": "Feature", "properties": {"speed": 0.056}, "geometry": {"type": "MultiLineString", "coordinates": [[[-122.53999999999999, 36.82000000000001], [-122.53717530305497, 36.81492012662814]], [[-122.53725385566653, 36.82541983279008], [-122.53717530305497, 36.81492012662814], [-122.54605294329642, 36.82052704233496]]]}}, {"type": "Feature", "properties": {"speed": 0.049}, "geometry": {"type": "MultiLineString", "coordinates": [[[-122.5, 36.82000000000001], [-122.50454887934029, 36.81676395440475]], [[-122.49412230665138, 36.81800354383793], [-122.50454887934029, 36.81676395440475], [-122.49995845661526, 36.82620736582253]]]}}, {"type": "Feature", "properties": {"speed": 0.12}, "geometry": {"type": "MultiLineString", "coordinates": [[[-122.46, 36.82000000000001], [-122.47467868965118, 36.82245616887697]], [[-122.46642120352995, 36.81597049829039], [-122.47467868965118, 36.82245616887697], [-122.46475964724358, 36.82590038108241]]]}}, {"type": "Feature", "properties": {"speed": 0.182}, "geometry": {"type": "MultiLineString", "coordinates": [[[-122.41999999999999, 36.82000000000001], [-122.44021406032144, 36.82842551514507]], [[-122.43364543404196, 36.82023386398059], [-122.44021406032144, 36.82842551514507], [-122.42977197962367, 36.82952685555626]]]}}, {"type": "Feature", "properties": {"speed": 0.253}, "geometry": {"type": "MultiLineString", "coordinates": [[[-122.38, 36.82000000000001], [-122.40555841766297, 36.83490695402027]], [[-122.40013493946887, 36.82591607618337], [-122.40555841766297, 36.83490695402027], [-122.39506253706116, 36.83461286153029]]]}}, {"type": "Feature", "properties": {"speed": 0.278}, "geometry": {"type": "MultiLineString", "coordinates": [[[-122.34, 36.82000000000001], [-122.36739013172686, 36.83707132160664]], [[-122.36223272873087, 36.82792521892097], [-122.36739013172686, 36.83707132160664], [-122.35690739496177, 36.836469466213956]]]}}, {"type": "Feature", "properties": {"speed": 0.283}, "geometry": {"type": "MultiLineString", "coordinates": [[[-122.3, 36.82000000000001], [-122.3280644390732, 36.837192242667086]], [[-122.32283659062477, 36.82808622264733], [-122.3280644390732, 36.837192242667086], [-122.31757736886809, 36.83667132183545]]]}}, {"type": "Feature", "properties": {"speed": 0.304}, "geometry": {"type": "MultiLineString", "coordinates": [[[-122.25999999999999, 36.82000000000001], [-122.28847669273614, 36.83950210891665]], [[-122.28371844409492, 36.83014213723569], [-122.28847669273614, 36.83950210891665], [-122.27802965543525, 36.83844882280466]]]}}, {"type": "Feature", "properties": {"speed": 0.329}, "geometry": {"type": "MultiLineString", "coordinates": [[[-122.22, 36.82000000000001], [-122.24593135274947, 36.84165824361146]], [[-122.24208599105091, 36.83188771683921], [-122.24593135274947, 36.84165824361146], [-122.2356320801717, 36.839614965762294]]]}}, {"type": "Feature", "properties": {"speed": 0.342}, "geometry": {"type": "MultiLineString", "coordinates": [[[-122.17999999999999, 36.82000000000001], [-122.20427844889461, 36.842853091359146]], [[-122.20101907644082, 36.83287178427002], [-122.20427844889461, 36.842853091359146], [-122.19411842213619, 36.84020283547187]]]}}, {"type": "Feature", "properties": {"speed": 0.322}, "geometry": {"type": "MultiLineString", "coordinates": [[[-122.13999999999999, 36.82000000000001], [-122.16257913723587, 36.843943491280086]], [[-122.15991958979981, 36.833785892772795], [-122.16257913723587, 36.843943491280086], [-122.15259485320439, 36.84069324938467]]]}}, {"type": "Feature", "properties": {"speed": 0.277}, "geometry": {"type": "MultiLineString", "coordinates": [[[-122.1, 36.82000000000001], [-122.11920515485107, 36.84309833653272]], [[-122.11718475276056, 36.832794552014754], [-122.11920515485107, 36.84309833653272], [-122.10944319123722, 36.839231287735295]]]}}, {"type": "Feature", "properties": {"speed": 0.194}, "geometry": {"type": "MultiLineString", "coordinates": [[[-122.06, 36.82000000000001], [-122.07074277143926, 36.83734438538552]], [[-122.07017030136711, 36.82686000280873], [-122.07074277143926, 36.83734438538552], [-122.06161116080725, 36.83216136625906]]]}}, {"type": "Feature", "properties": {"speed": 0.095}, "geometry": {"type": "MultiLineString", "coordinates": [[[-122.02, 36.82000000000001], [-122.02020051795581, 36.82946051534266]], [[-122.02503809354293, 36.82014129528737], [-122.02020051795581, 36.82946051534266], [-122.01497241792279, 36.82035463976452]]]}}, {"type": "Feature", "properties": {"speed": 0.063}, "geometry": {"type": "MultiLineString", "coordinates": [[[-121.97999999999999, 36.82000000000001], [-121.97650661926716, 36.825679006688304]], [[-121.98562227029304, 36.82046796971143], [-121.97650661926716, 36.825679006688304], [-121.97704689011913, 36.81519291554782]]]}}, {"type": "Feature", "properties": {"speed": 0.094}, "geometry": {"type": "MultiLineString", "coordinates": [[[-121.94, 36.82000000000001], [-121.9291821667552, 36.81629420600832]], [[-121.93626809486126, 36.82404272992425], [-121.9291821667552, 36.81629420600832], [-121.93953086810046, 36.81451814844549]]]}}, {"type": "Feature", "properties": {"speed": 0.133}, "geometry": {"type": "MultiLineString", "coordinates": [[[-121.89999999999999, 36.82000000000001], [-121.88637674562632, 36.8123183429055]], [[-121.89193079900387, 36.82122915044911], [-121.88637674562632, 36.8123183429055], [-121.89687579947228, 36.812459298003176]]]}}, {"type": "Feature", "properties": {"speed": 0.115}, "geometry": {"type": "MultiLineString", "coordinates": [[[-121.86, 36.82000000000001], [-121.84804462701082, 36.81362303595991]], [[-121.85380580778319, 36.82240134992718], [-121.84804462701082, 36.81362303595991], [-121.85854410276565, 36.813518112779875]]]}}, {"type": "Feature", "properties": {"speed": 0.078}, "geometry": {"type": "MultiLineString", "coordinates": [[[-121.82, 36.82000000000001], [-121.81249965930357, 36.81505558097736]], [[-121.81742234644597, 36.82433012416277], [-121.81249965930357, 36.81505558097736], [-121.82296365750554, 36.815924339648696]]]}}, {"type": "Feature", "properties": {"speed": 0.024}, "geometry": {"type": "MultiLineString", "coordinates": [[[-121.78, 36.82000000000001], [-121.77718212289736, 36.819285193625845]], [[-121.7848760956303, 36.8264303166888], [-121.77718212289736, 36.819285193625845], [-121.78735160784662, 36.816671465279796]]]}}, {"type": "Feature", "properties": {"speed": 0.041}, "geometry": {"type": "MultiLineString", "coordinates": [[[-122.69999999999999, 36.86], [-122.6976198915392, 36.86359012885019]], [[-122.70690719153673, 36.858691551632674], [-122.6976198915392, 36.86359012885019], [-122.69851583054778, 36.85312842280897]]]}}, {"type": "Feature", "properties": {"speed": 0.031}, "geometry": {"type": "MultiLineString", "coordinates": [[[-122.66, 36.86], [-122.65881533975713, 36.862949990332126]], [[-122.66692058505208, 36.8562750372455], [-122.65881533975713, 36.862949990332126], [-122.65757784313227, 36.85252316904741]]]}}, {"type": "Feature", "properties": {"speed": 0.014}, "geometry": {"type": "MultiLineString", "coordinates": [[[-122.61999999999999, 36.86], [-122.61842201662249, 36.86054904446006]], [[-122.62877913150726, 36.86227536171474], [-122.61842201662249, 36.86054904446006], [-122.62547063555725, 36.85276656599157]]]}}, {"type": "Feature", "properties": {"speed": 0.02}, "geometry": {"type": "MultiLineString", "coordinates": [[[-122.58, 36.86], [-122.5823941451218, 36.86046034241677]], [[-122.57429579495627, 36.85377702553093], [-122.5823941451218, 36.86046034241677], [-122.57239477061192, 36.86366385758161]]]}}, {"type": "Feature", "properties": {"speed": 0.049}, "geometry": {"type": "MultiLineString", "coordinates": [[[-122.53999999999999, 36.86], [-122.54611836090683, 36.85977329328249]], [[-122.53672366491122, 36.85508397700504], [-122.54611836090683, 36.85977329328249], [-122.53709646141141, 36.865145008976235]]]}}, {"type": "Feature", "properties": {"speed": 0.13}, "geometry": {"type": "MultiLineString", "coordinates": [[[-122.5, 36.86], [-122.51553159952164, 36.863888179780915]], [[-122.50781530243903, 36.85676717147219], [-122.51553159952164, 36.863888179780915], [-122.50537034454078, 36.86653372267678]]]}}, {"type": "Feature", "properties": {"speed": 0.172}, "geometry": {"type": "MultiLineString", "coordinates": [[[-122.46, 36.86], [-122.47994051970541, 36.866506925914436]], [[-122.47274212988671, 36.85886276578934], [-122.47994051970541, 36.866506925914436], [-122.46961887413934, 36.86843400474219]]]}}, {"type": "Feature", "properties": {"speed": 0.26}, "geometry": {"type": "MultiLineString", "coordinates": [[[-122.41999999999999, 36.86], [-122.44719928324221, 36.87417693123221]], [[-122.44135475584854, 36.865453887064916], [-122.44719928324221, 36.87417693123221], [-122.43670128304872, 36.87438185057613]]]}}, {"type": "Feature", "properties": {"speed": 0.306}, "geometry": {"type": "MultiLineString", "coordinates": [[[-122.38, 36.86], [-122.40928896807134, 36.87873066090047]], [[-122.40423815423893, 36.86952526684968], [-122.40928896807134, 36.87873066090047], [-122.39881392971371, 36.87800707855804]]]}}, {"type": "Feature", "properties": {"speed": 0.318}, "geometry": {"type": "MultiLineString", "coordinates": [[[-122.34, 36.86], [-122.36845430187881, 36.879536923617124]], [[-122.36370727699958, 36.87017125467166], [-122.36845430187881, 36.879536923617124], [-122.35800853471963, 36.878471114789924]]]}}, {"type": "Feature", "properties": {"speed": 0.299}, "geometry": {"type": "MultiLineString", "coordinates": [[[-122.3, 36.86], [-122.32826767228543, 36.8796076836437]], [[-122.32356534072021, 36.87021949543453], [-122.32826767228543, 36.8796076836437], [-122.31782710371986, 36.878492099479445]]]}}, {"type": "Feature", "properties": {"speed": 0.311}, "geometry": {"type": "MultiLineString", "coordinates": [[[-122.25999999999999, 36.86], [-122.28628856711089, 36.881391320973634]], [[-122.28231844798275, 36.87167081923204], [-122.28628856711089, 36.881391320973634], [-122.27596398241805, 36.87948005152102]]]}}, {"type": "Feature", "properties": {"speed": 0.335}, "geometry": {"type": "MultiLineString", "coordinates": [[[-122.22, 36.86], [-122.24354145981371, 36.883349940776824]], [[-122.24054416920141, 36.87328682749189], [-122.24354145981371, 36.883349940776824], [-122.23345419893843, 36.88043495054804]]]}}, {"type": "Feature", "properties": {"speed": 0.351}, "geometry": {"type": "MultiLineString", "coordinates": [[[-122.17999999999999, 36.86], [-122.2012769806385, 36.88470203489065]], [[-122.19907743367656, 36.874435000598204], [-122.2012769806385, 36.88470203489065], [-122.19144914888598, 36.8810055875362]]]}}, {"type": "Feature", "properties": {"speed": 0.321}, "geometry": {"type": "MultiLineString", "coordinates": [[[-122.13999999999999, 36.86], [-122.16042604051529, 36.88515766210854]], [[-122.15852590509682, 36.87483102251032], [-122.16042604051529, 36.88515766210854], [-122.15070982537476, 36.8811770637436]]]}}, {"type": "Feature", "properties": {"speed": 0.266}, "geometry": {"type": "MultiLineString", "coordinates": [[[-122.1, 36.86], [-122.1154382251203, 36.88355717681348]], [[-122.11459778233947, 36.873090866291996], [-122.1154382251203, 36.88355717681348], [-122.10617703532606, 36.878609413319246]]]}}, {"type": "Feature", "properties": {"speed": 0.192}, "geometry": {"type": "MultiLineString", "coordinates": [[[-122.06, 36.86], [-122.06690443860367, 36.87835948601365]], [[-122.06837267945576, 36.867962646647754], [-122.06690443860367, 36.87835948601365], [-122.05894909386151, 36.87150656765478]]]}}, {"type": "Feature", "properties": {"speed": 0.11}, "geometry": {"type": "MultiLineString", "coordinates": [[[-122.02, 36.86], [-122.0157085000351, 36.870498104617]], [[-122.02385491208359, 36.86387345589151], [-122.0157085000351, 36.870498104617], [-122.0145355755624, 36.86006382226595]]]}}, {"type": "Feature", "properties": {"speed": 0.093}, "geometry": {"type": "MultiLineString", "coordinates": [[[-121.97999999999999, 36.86], [-121.96905169405042, 36.863165072994306]], [[-121.97930186098348, 36.86544193000436], [-121.96905169405042, 36.863165072994306], [-121.9765057919904, 36.85577004602336]]]}}, {"type": "Feature", "properties": {"speed": 0.113}, "geometry": {"type": "MultiLineString", "coordinates": [[[-121.94, 36.86], [-121.92591213393956, 36.85912709114142]], [[-121.93479779651642, 36.86472128461057], [-121.92591213393956, 36.85912709114142], [-121.93542042940669, 36.854672619533055]]]}}, {"type": "Feature", "properties": {"speed": 0.085}, "geometry": {"type": "MultiLineString", "coordinates": [[[-121.89999999999999, 36.86], [-121.88954572062939, 36.85864736769814]], [[-121.89803822515493, 36.864822103877415], [-121.88954572062939, 36.85864736769814], [-121.89933010174083, 36.85483739574733]]]}}, {"type": "Feature", "properties": {"speed": 0.072}, "geometry": {"type": "MultiLineString", "coordinates": [[[-121.86, 36.86], [-121.85112615641206, 36.85867834697943]], [[-121.85949867137693, 36.865014828113566], [-121.85112615641206, 36.85867834697943], [-121.86098181057365, 36.8550567339345]]]}}, {"type": "Feature", "properties": {"speed": 0.035}, "geometry": {"type": "MultiLineString", "coordinates": [[[-121.82, 36.86], [-121.81592907028272, 36.85870083248243]], [[-121.82317704211653, 36.86629799670971], [-121.81592907028272, 36.85870083248243], [-121.82623795944147, 36.856706639835636]]]}}, {"type": "Feature", "properties": {"speed": 0.018}, "geometry": {"type": "MultiLineString", "coordinates": [[[-121.78, 36.86], [-121.77808578717057, 36.85907693435671]], [[-121.7841992648607, 36.86761364276992], [-121.77808578717057, 36.85907693435671], [-121.7885723056989, 36.85854502350437]]]}}, {"type": "Feature", "properties": {"speed": 0.072}, "geometry": {"type": "MultiLineString", "coordinates": [[[-122.69999999999999, 36.900000000000006], [-122.70424093985929, 36.906368025206035]], [[-122.70332312139179, 36.89590821596969], [-122.70424093985929, 36.906368025206035], [-122.69494341444593, 36.90148888376641]]]}}, {"type": "Feature", "properties": {"speed": 0.064}, "geometry": {"type": "MultiLineString", "coordinates": [[[-122.66, 36.900000000000006], [-122.66475406460464, 36.9051634348929]], [[-122.66221594359807, 36.89497481664723], [-122.66475406460464, 36.9051634348929], [-122.6548092853432, 36.90179425614411]]]}}, {"type": "Feature", "properties": {"speed": 0.053}, "geometry": {"type": "MultiLineString", "coordinates": [[[-122.61999999999999, 36.900000000000006], [-122.6247318083234, 36.9037684107665]], [[-122.62065980250556, 36.894090148080494], [-122.6247318083234, 36.9037684107665], [-122.61438771695688, 36.901965697866146]]]}}, {"type": "Feature", "properties": {"speed": 0.073}, "geometry": {"type": "MultiLineString", "coordinates": [[[-122.58, 36.900000000000006], [-122.587816134952, 36.903772937227046]], [[-122.58170608236065, 36.89523377700306], [-122.587816134952, 36.903772937227046], [-122.57732940388482, 36.90430064123912]]]}}, {"type": "Feature", "properties": {"speed": 0.114}, "geometry": {"type": "MultiLineString", "coordinates": [[[-122.53999999999999, 36.900000000000006], [-122.55273085363208, 36.905124652758246]], [[-122.54606257993213, 36.89701391137028], [-122.55273085363208, 36.905124652758246], [-122.54230301643258, 36.9063535593213]]]}}, {"type": "Feature", "properties": {"speed": 0.161}, "geometry": {"type": "MultiLineString", "coordinates": [[[-122.5, 36.900000000000006], [-122.51817482896149, 36.906917095743125]], [[-122.5113534009713, 36.898934732673546], [-122.51817482896149, 36.906917095743125], [-122.50777226877582, 36.90834424029906]]]}}, {"type": "Feature", "properties": {"speed": 0.238}, "geometry": {"type": "MultiLineString", "coordinates": [[[-122.46, 36.900000000000006], [-122.48493673376738, 36.913050504960125]], [[-122.47910674504242, 36.9043177372736], [-122.48493673376738, 36.913050504960125], [-122.47443840679082, 36.9132379367963]]]}}, {"type": "Feature", "properties": {"speed": 0.317}, "geometry": {"type": "MultiLineString", "coordinates": [[[-122.41999999999999, 36.900000000000006], [-122.44863753400742, 36.919378967583185]], [[-122.4438272563797, 36.91004562792664], [-122.44863753400742, 36.919378967583185], [-122.43818479540096, 36.9183838516979]]]}}, {"type": "Feature", "properties": {"speed": 0.362}, "geometry": {"type": "MultiLineString", "coordinates": [[[-122.38, 36.900000000000006], [-122.4073526571691, 36.92053168416024]], [[-122.40300518754879, 36.9109739905106], [-122.4073526571691, 36.92053168416024], [-122.39696118742069, 36.91902590978538]]]}}, {"type": "Feature", "properties": {"speed": 0.357}, "geometry": {"type": "MultiLineString", "coordinates": [[[-122.34, 36.900000000000006], [-122.36753413654864, 36.92037596516312]], [[-122.36312161958139, 36.91084812731743], [-122.36753413654864, 36.92037596516312], [-122.35713264436146, 36.91894105740306]]]}}, {"type": "Feature", "properties": {"speed": 0.329}, "geometry": {"type": "MultiLineString", "coordinates": [[[-122.3, 36.900000000000006], [-122.32830035239458, 36.91969319209457]], [[-122.32361208588394, 36.91029797218628], [-122.32830035239458, 36.91969319209457], [-122.31786146623963, 36.91856197335173]]]}}, {"type": "Feature", "properties": {"speed": 0.309}, "geometry": {"type": "MultiLineString", "coordinates": [[[-122.25999999999999, 36.900000000000006], [-122.28760715037583, 36.92031268738211]], [[-122.28316843692892, 36.91079702540113], [-122.28760715037583, 36.92031268738211], [-122.27720174980715, 36.91890640184738]]]}}, {"type": "Feature", "properties": {"speed": 0.32}, "geometry": {"type": "MultiLineString", "coordinates": [[[-122.22, 36.900000000000006], [-122.2456445016712, 36.92189616113902]], [[-122.24190555610149, 36.91208441888666], [-122.2456445016712, 36.92189616113902], [-122.2353680443426, 36.91974106838617]]]}}, {"type": "Feature", "properties": {"speed": 0.316}, "geometry": {"type": "MultiLineString", "coordinates": [[[-122.17999999999999, 36.900000000000006], [-122.20229990065097, 36.92412442862988]], [[-122.19974167990213, 36.91394083856546], [-122.20229990065097, 36.92412442862988], [-122.19234849252106, 36.92077487996894]]]}}, {"type": "Feature", "properties": {"speed": 0.279}, "geometry": {"type": "MultiLineString", "coordinates": [[[-122.13999999999999, 36.900000000000006], [-122.15605984196065, 36.92481393702329]], [[-122.15527923916773, 36.91434299345168], [-122.15605984196065, 36.92481393702329], [-122.1468270852726, 36.91981331666785]]]}}, {"type": "Feature", "properties": {"speed": 0.207}, "geometry": {"type": "MultiLineString", "coordinates": [[[-122.1, 36.900000000000006], [-122.10503220548853, 36.920310577005154]], [[-122.10770239814023, 36.91015577167946], [-122.10503220548853, 36.920310577005154], [-122.09792994269742, 36.91257702263178]]]}}, {"type": "Feature", "properties": {"speed": 0.183}, "geometry": {"type": "MultiLineString", "coordinates": [[[-122.06, 36.900000000000006], [-122.0570600605011, 36.91815610378981]], [[-122.06350220201655, 36.90986461341143], [-122.0570600605011, 36.91815610378981], [-122.0535637158424, 36.908255317254]]]}}, {"type": "Feature", "properties": {"speed": 0.105}, "geometry": {"type": "MultiLineString", "coordinates": [[[-122.02, 36.900000000000006], [-122.010228978917, 36.907059697527444]], [[-122.02064616626447, 36.90574356388385], [-122.010228978917, 36.907059697527444], [-122.01474992098828, 36.89758282658878]]]}}, {"type": "Feature", "properties": {"speed": 0.088}, "geometry": {"type": "MultiLineString", "coordinates": [[[-121.97999999999999, 36.900000000000006], [-121.96907334171235, 36.90117552466691]], [[-121.97877355460591, 36.90519496117213], [-121.96907334171235, 36.90117552466691], [-121.97769662830058, 36.895184787782576]]]}}, {"type": "Feature", "properties": {"speed": 0.058}, "geometry": {"type": "MultiLineString", "coordinates": [[[-121.94, 36.900000000000006], [-121.93274493288249, 36.90014750362607]], [[-121.94205997097629, 36.90499312694109], [-121.93274493288249, 36.90014750362607], [-121.94185532086671, 36.894927270798235]]]}}, {"type": "Feature", "properties": {"speed": 0.044}, "geometry": {"type": "MultiLineString", "coordinates": [[[-121.89999999999999, 36.900000000000006], [-121.89453196395188, 36.90020100070106]], [[-121.90392528138925, 36.90489307780196], [-121.89453196395188, 36.90020100070106], [-121.90355544176192, 36.89483193670335]]]}}, {"type": "Feature", "properties": {"speed": 0.03}, "geometry": {"type": "MultiLineString", "coordinates": [[[-121.86, 36.900000000000006], [-121.85630751577206, 36.89975186781376]], [[-121.86516387977262, 36.90539233026727], [-121.85630751577206, 36.89975186781376], [-121.8658389151587, 36.895347049346185]]]}}, {"type": "Feature", "properties": {"speed": 0.015}, "geometry": {"type": "MultiLineString", "coordinates": [[[-121.82, 36.900000000000006], [-121.81814788717776, 36.899657662439864]], [[-121.82629405835206, 36.9062826073603], [-121.81814788717776, 36.899657662439864], [-121.82812398117373, 36.896382368776166]]]}}, {"type": "Feature", "properties": {"speed": 0.135}, "geometry": {"type": "MultiLineString", "coordinates": [[[-122.69999999999999, 36.94], [-122.71305099669843, 36.94856233667582]], [[-122.70810787364573, 36.93929866923329], [-122.71305099669843, 36.94856233667582], [-122.70258510854906, 36.947716650419004]]]}}, {"type": "Feature", "properties": {"speed": 0.133}, "geometry": {"type": "MultiLineString", "coordinates": [[[-122.66, 36.94], [-122.67341551542282, 36.94783158838749]], [[-122.66799553003219, 36.93883860454644], [-122.67341551542282, 36.94783158838749], [-122.6629197498494, 36.94753341892583]]]}}, {"type": "Feature", "properties": {"speed": 0.112}, "geometry": {"type": "MultiLineString", "coordinates": [[[-122.61999999999999, 36.94], [-122.63148680038749, 36.946456283386794]], [[-122.62592055575924, 36.93755308616678], [-122.63148680038749, 36.946456283386794], [-122.62098756344716, 36.94632969874824]]]}}, {"type": "Feature", "properties": {"speed": 0.132}, "geometry": {"type": "MultiLineString", "coordinates": [[[-122.58, 36.94], [-122.59375689450651, 36.94722548132762]], [[-122.58793980084924, 36.93848411865453], [-122.59375689450651, 36.94722548132762], [-122.58325830233295, 36.94739741844742]]]}}, {"type": "Feature", "properties": {"speed": 0.156}, "geometry": {"type": "MultiLineString", "coordinates": [[[-122.53999999999999, 36.94], [-122.55638267189264, 36.948492444641886]], [[-122.55051862298312, 36.93978251178412], [-122.55638267189264, 36.948492444641886], [-122.54588515696567, 36.94872087484572]]]}}, {"type": "Feature", "properties": {"speed": 0.183}, "geometry": {"type": "MultiLineString", "coordinates": [[[-122.5, 36.94], [-122.51916316524148, 36.95008950080722]], [[-122.51335483088654, 36.94134231543013], [-122.51916316524148, 36.95008950080722], [-122.5086644061027, 36.95025092120786]]]}}, {"type": "Feature", "properties": {"speed": 0.254}, "geometry": {"type": "MultiLineString", "coordinates": [[[-122.46, 36.94], [-122.48458553947508, 36.956053514555094]], [[-122.47962231094009, 36.94680060352616], [-122.48458553947508, 36.956053514555094], [-122.47411783949721, 36.95523055819333]]]}}, {"type": "Feature", "properties": {"speed": 0.343}, "geometry": {"type": "MultiLineString", "coordinates": [[[-122.41999999999999, 36.94], [-122.44650956623255, 36.96123820222914]], [[-122.44246565839472, 36.95154816562451], [-122.44650956623255, 36.96123820222914], [-122.43617074885853, 36.959405484218486]]]}}, {"type": "Feature", "properties": {"speed": 0.391}, "geometry": {"type": "MultiLineString", "coordinates": [[[-122.38, 36.94], [-122.40656600065529, 36.96119310386479]], [[-122.40250200468871, 36.95151147503573], [-122.40656600065529, 36.96119310386479], [-122.39622340451818, 36.959381832172134]]]}}, {"type": "Feature", "properties": {"speed": 0.383}, "geometry": {"type": "MultiLineString", "coordinates": [[[-122.34, 36.94], [-122.3674735186249, 36.96044061012566]], [[-122.36308550751485, 36.9509014613954], [-122.3674735186249, 36.96044061012566], [-122.35707574922769, 36.958978970100794]]]}}, {"type": "Feature", "properties": {"speed": 0.333}, "geometry": {"type": "MultiLineString", "coordinates": [[[-122.3, 36.94], [-122.32859798818826, 36.9594303933531]], [[-122.3238051992293, 36.950088060989344], [-122.32859798818826, 36.9594303933531], [-122.31814713164766, 36.95841570248005]]]}}, {"type": "Feature", "properties": {"speed": 0.295}, "geometry": {"type": "MultiLineString", "coordinates": [[[-122.25999999999999, 36.94], [-122.28778512053191, 36.9594787774235]], [[-122.28312963549506, 36.95006727068591], [-122.28778512053191, 36.9594787774235], [-122.27735024138856, 36.9583111742102]]]}}, {"type": "Feature", "properties": {"speed": 0.295}, "geometry": {"type": "MultiLineString", "coordinates": [[[-122.22, 36.94], [-122.24560922503471, 36.96118491195142]], [[-122.24171781345989, 36.95143263447611], [-122.24560922503471, 36.96118491195142], [-122.23530042785649, 36.959190243874204]]]}}, {"type": "Feature", "properties": {"speed": 0.285}, "geometry": {"type": "MultiLineString", "coordinates": [[[-122.17999999999999, 36.94], [-122.19806762255728, 36.96459274604916]], [[-122.19666879061445, 36.95418634084872], [-122.19806762255728, 36.96459274604916], [-122.18855514240073, 36.96014721781607]]]}}, {"type": "Feature", "properties": {"speed": 0.203}, "geometry": {"type": "MultiLineString", "coordinates": [[[-122.13999999999999, 36.94], [-122.14949946790932, 36.958804527819154]], [[-122.14983777817706, 36.94830997941712], [-122.14949946790932, 36.958804527819154], [-122.1408513997481, 36.952849620844326]]]}}, {"type": "Feature", "properties": {"speed": 0.15}, "geometry": {"type": "MultiLineString", "coordinates": [[[-122.1, 36.94], [-122.10015487773634, 36.9549881420657]], [[-122.10509336436456, 36.945722002102215], [-122.10015487773634, 36.9549881420657], [-122.09502596552862, 36.94582603207043]]]}}, {"type": "Feature", "properties": {"speed": 0.085}, "geometry": {"type": "MultiLineString", "coordinates": [[[-122.06, 36.94], [-122.05229088332504, 36.945807012785224]], [[-122.06267980167144, 36.944283734874965], [-122.05229088332504, 36.945807012785224], [-122.0566222456998, 36.936242008865804]]]}}, {"type": "Feature", "properties": {"speed": 0.068}, "geometry": {"type": "MultiLineString", "coordinates": [[[-122.02, 36.94], [-122.01151211977005, 36.94018360173271]], [[-122.02083344619018, 36.94501711740657], [-122.01151211977005, 36.94018360173271], [-122.02061571712275, 36.93495153567429]]]}}, {"type": "Feature", "properties": {"speed": 0.057}, "geometry": {"type": "MultiLineString", "coordinates": [[[-121.97999999999999, 36.94], [-121.97291896773501, 36.9397472956893]], [[-121.98194818695104, 36.94510669867367], [-121.97291896773501, 36.9397472956893], [-121.98230725780486, 36.935045167494074]]]}}, {"type": "Feature", "properties": {"speed": 0.057}, "geometry": {"type": "MultiLineString", "coordinates": [[[-121.94, 36.94], [-121.93292557127774, 36.94087850098498]], [[-121.94269030415417, 36.94473855174267], [-121.93292557127774, 36.94087850098498], [-121.94144959967953, 36.93474735592021]]]}}, {"type": "Feature", "properties": {"speed": 0.037}, "geometry": {"type": "MultiLineString", "coordinates": [[[-121.89999999999999, 36.94], [-121.8955607568845, 36.94113769259769]], [[-121.90573662242672, 36.94372646846032], [-121.8955607568845, 36.94113769259769], [-121.90323718027574, 36.93397371856657]]]}}, {"type": "Feature", "properties": {"speed": 0.032}, "geometry": {"type": "MultiLineString", "coordinates": [[[-121.86, 36.94], [-121.85628131976351, 36.94116237415932]], [[-121.86657813826316, 36.943217983262535], [-121.85628131976351, 36.94116237415932], [-121.86357444995843, 36.93360855049446]]]}}, {"type": "Feature", "properties": {"speed": 0.191}, "geometry": {"type": "MultiLineString", "coordinates": [[[-122.69999999999999, 36.980000000000004], [-122.72101915515958, 36.98920450687409]], [[-122.71459768647163, 36.98089699582145], [-122.72101915515958, 36.98920450687409], [-122.71055909131366, 36.99011941907709]]]}}, {"type": "Feature", "properties": {"speed": 0.177}, "geometry": {"type": "MultiLineString", "coordinates": [[[-122.66, 36.980000000000004], [-122.67894031092524, 36.98909567531199]], [[-122.67281305836937, 36.98056884846277], [-122.67894031092524, 36.98909567531199], [-122.66845466485456, 36.98964451634597]]]}}, {"type": "Feature", "properties": {"speed": 0.156}, "geometry": {"type": "MultiLineString", "coordinates": [[[-122.61999999999999, 36.980000000000004], [-122.6362104666233, 36.988650645613674]], [[-122.63045098304822, 36.97987121801568], [-122.6362104666233, 36.988650645613674], [-122.62571097078013, 36.98875353895418]]]}}, {"type": "Feature", "properties": {"speed": 0.166}, "geometry": {"type": "MultiLineString", "coordinates": [[[-122.58, 36.980000000000004], [-122.59703553460538, 36.98949915405363]], [[-122.59143913758317, 36.98061487916089], [-122.59703553460538, 36.98949915405363], [-122.58653592884643, 36.989408165556775]]]}}, {"type": "Feature", "properties": {"speed": 0.195}, "geometry": {"type": "MultiLineString", "coordinates": [[[-122.53999999999999, 36.980000000000004], [-122.55939654536544, 36.99190935261548]], [[-122.55417792820232, 36.98279803904911], [-122.55939654536544, 36.99190935261548], [-122.54891000847918, 36.99137780380968]]]}}, {"type": "Feature", "properties": {"speed": 0.236}, "geometry": {"type": "MultiLineString", "coordinates": [[[-122.5, 36.980000000000004], [-122.5223604105413, 36.99539467740804]], [[-122.51762529545293, 36.986022981451605], [-122.5223604105413, 36.99539467740804], [-122.51191600671471, 36.99431559042947]]]}}, {"type": "Feature", "properties": {"speed": 0.314}, "geometry": {"type": "MultiLineString", "coordinates": [[[-122.46, 36.980000000000004], [-122.4861785313487, 37.001509602665905]], [[-122.48225470325644, 36.99177032275914], [-122.4861785313487, 37.001509602665905], [-122.47586315652815, 36.99954923476379]]]}}, {"type": "Feature", "properties": {"speed": 0.383}, "geometry": {"type": "MultiLineString", "coordinates": [[[-122.41999999999999, 36.980000000000004], [-122.44501552551984, 37.002375388070945]], [[-122.4415035149693, 36.99248014770535], [-122.44501552551984, 37.002375388070945], [-122.4347914204658, 36.99998422186091]]]}}, {"type": "Feature", "properties": {"speed": 0.415}, "geometry": {"type": "MultiLineString", "coordinates": [[[-122.38, 36.980000000000004], [-122.40525245398283, 37.00220490202308]], [[-122.4016566952704, 36.99233978573983], [-122.40525245398283, 37.00220490202308], [-122.39500844814505, 36.99990048357245]]]}}, {"type": "Feature", "properties": {"speed": 0.39}, "geometry": {"type": "MultiLineString", "coordinates": [[[-122.34, 36.980000000000004], [-122.36656159736216, 37.001207790821795]], [[-122.36250165423527, 36.99152446175549], [-122.36656159736216, 37.001207790821795], [-122.35621976028337, 36.99939219014004]]]}}, {"type": "Feature", "properties": {"speed": 0.31}, "geometry": {"type": "MultiLineString", "coordinates": [[[-122.3, 36.980000000000004], [-122.32541776746511, 37.002084208205346]], [[-122.32176353452884, 36.9922406020751], [-122.32541776746511, 37.002084208205346], [-122.31516026803898, 36.999840616102716]]]}}, {"type": "Feature", "properties": {"speed": 0.263}, "geometry": {"type": "MultiLineString", "coordinates": [[[-122.25999999999999, 36.980000000000004], [-122.28057340554892, 37.00051035128534]], [[-122.27760178071212, 36.990439629075425], [-122.28057340554892, 37.00051035128534], [-122.27049360926172, 36.997569652931475]]]}}, {"type": "Feature", "properties": {"speed": 0.215}, "geometry": {"type": "MultiLineString", "coordinates": [[[-122.22, 36.980000000000004], [-122.23221791189164, 36.999146891310815]], [[-122.23150472872702, 36.98867113979726], [-122.23221791189164, 36.999146891310815], [-122.22301753644058, 36.994086941552226]]]}}, {"type": "Feature", "properties": {"speed": 0.21}, "geometry": {"type": "MultiLineString", "coordinates": [[[-122.17999999999999, 36.980000000000004], [-122.189425858967, 36.99955145038665]], [[-122.18995871828623, 36.98906498001069], [-122.189425858967, 36.99955145038665], [-122.18088970353148, 36.993437200605975]]]}}, {"type": "Feature", "properties": {"speed": 0.112}, "geometry": {"type": "MultiLineString", "coordinates": [[[-122.13999999999999, 36.980000000000004], [-122.14316822971216, 36.99093310397119]], [[-122.1454385537276, 36.98068148805637], [-122.14316822971216, 36.99093310397119], [-122.13576845367305, 36.983483720468435]]]}}, {"type": "Feature", "properties": {"speed": 0.112}, "geometry": {"type": "MultiLineString", "coordinates": [[[-122.1, 36.980000000000004], [-122.10316822971217, 36.99093310397119]], [[-122.10543855372761, 36.98068148805637], [-122.10316822971217, 36.99093310397119], [-122.09576845367306, 36.983483720468435]]]}}, {"type": "Feature", "properties": {"speed": 0.053}, "geometry": {"type": "MultiLineString", "coordinates": [[[-122.02, 36.980000000000004], [-122.01334446014836, 36.97972753648763]], [[-122.02234545793584, 36.98513420263506], [-122.01334446014836, 36.97972753648763], [-122.02275727269566, 36.97507469220166]]]}}, {"type": "Feature", "properties": {"speed": 0.035}, "geometry": {"type": "MultiLineString", "coordinates": [[[-121.89999999999999, 36.980000000000004], [-121.89602204887196, 36.981560829812665]], [[-121.90643869363846, 36.982881250885036], [-121.89602204887196, 36.981560829812665], [-121.90276128207884, 36.97350895203272]]]}}, {"type": "Feature", "properties": {"speed": 0.218}, "geometry": {"type": "MultiLineString", "coordinates": [[[-122.69999999999999, 37.02], [-122.72470676228403, 37.02925863999874]], [[-122.71784458781903, 37.021311278070904], [-122.72470676228403, 37.02925863999874], [-122.71431163912928, 37.030738982728536]]]}}, {"type": "Feature", "properties": {"speed": 0.202}, "geometry": {"type": "MultiLineString", "coordinates": [[[-122.66, 37.02], [-122.68211613580584, 37.0298449010402]], [[-122.67574508509615, 37.021498661596326], [-122.68211613580584, 37.0298449010402], [-122.67165072409232, 37.03069646293829]]]}}, {"type": "Feature", "properties": {"speed": 0.191}, "geometry": {"type": "MultiLineString", "coordinates": [[[-122.61999999999999, 37.02], [-122.6400801976025, 37.030423838160935]], [[-122.63422116406109, 37.02171053075441], [-122.6400801976025, 37.030423838160935], [-122.62958255290562, 37.030646224801565]]]}}, {"type": "Feature", "properties": {"speed": 0.219}, "geometry": {"type": "MultiLineString", "coordinates": [[[-122.58, 37.02], [-122.60182042784989, 37.0332164452225]], [[-122.59654676941753, 37.02413687878248], [-122.60182042784989, 37.0332164452225], [-122.59133086632461, 37.03274836509329]]]}}, {"type": "Feature", "properties": {"speed": 0.232}, "geometry": {"type": "MultiLineString", "coordinates": [[[-122.53999999999999, 37.02], [-122.56263735234737, 37.03462330389768]], [[-122.55762872984923, 37.025394885795365], [-122.56263735234737, 37.03462330389768], [-122.55216573599363, 37.03385177882352]]]}}, {"type": "Feature", "properties": {"speed": 0.275}, "geometry": {"type": "MultiLineString", "coordinates": [[[-122.5, 37.02], [-122.52485078945756, 37.03906858570874]], [[-122.52060480472808, 37.02946537719924], [-122.52485078945756, 37.03906858570874], [-122.51447585279573, 37.03745282295912]]]}}, {"type": "Feature", "properties": {"speed": 0.33}, "geometry": {"type": "MultiLineString", "coordinates": [[[-122.46, 37.02], [-122.48543547563254, 37.042081024944785]], [[-122.48177714656471, 37.03223894038757], [-122.48543547563254, 37.042081024944785], [-122.47517704341664, 37.03984170172744]]]}}, {"type": "Feature", "properties": {"speed": 0.362}, "geometry": {"type": "MultiLineString", "coordinates": [[[-122.41999999999999, 37.02], [-122.44444608882068, 37.04278229221702]], [[-122.44113703732081, 37.03281734474243], [-122.44444608882068, 37.04278229221702], [-122.43427298650008, 37.04018267894302]]]}}, {"type": "Feature", "properties": {"speed": 0.374}, "geometry": {"type": "MultiLineString", "coordinates": [[[-122.38, 37.02], [-122.4045383195579, 37.0427189976722]], [[-122.40119675000122, 37.03276490741253], [-122.4045383195579, 37.0427189976722], [-122.39435678368753, 37.040152613577746]]]}}, {"type": "Feature", "properties": {"speed": 0.288}, "geometry": {"type": "MultiLineString", "coordinates": [[[-122.34, 37.02], [-122.36034693956375, 37.043840915411714]], [[-122.3581941551356, 37.03356397427118], [-122.36034693956375, 37.043840915411714], [-122.35053603739085, 37.040099766049046]]]}}, {"type": "Feature", "properties": {"speed": 0.206}, "geometry": {"type": "MultiLineString", "coordinates": [[[-122.3, 37.02], [-122.30836361199617, 37.03952167414129]], [[-122.30936201896344, 37.029069249373435], [-122.30836361199617, 37.03952167414129], [-122.30010764141974, 37.03303407444332]]]}}, {"type": "Feature", "properties": {"speed": 0.193}, "geometry": {"type": "MultiLineString", "coordinates": [[[-122.25999999999999, 37.02], [-122.2658226478286, 37.038719637766484]], [[-122.26789263341225, 37.02842569975989], [-122.2658226478286, 37.038719637766484], [-122.2582790156606, 37.03141596651746]]]}}, {"type": "Feature", "properties": {"speed": 0.162}, "geometry": {"type": "MultiLineString", "coordinates": [[[-122.22, 37.02], [-122.22536445528269, 37.03566156744957]], [[-122.22714088238664, 37.02531292953223], [-122.22536445528269, 37.03566156744957], [-122.21761618440343, 37.02857536265564]]]}}, {"type": "Feature", "properties": {"speed": 0.104}, "geometry": {"type": "MultiLineString", "coordinates": [[[-122.17999999999999, 37.02], [-122.18214711693115, 37.03022083498538]], [[-122.18517916632803, 37.020168140000706], [-122.18214711693115, 37.03022083498538], [-122.17532628906307, 37.022237959112985]]]}}, {"type": "Feature", "properties": {"speed": 0.237}, "geometry": {"type": "MultiLineString", "coordinates": [[[-122.69999999999999, 37.06], [-122.72551560476421, 37.07203240361065]], [[-122.71932831253886, 37.06354904254806], [-122.72551560476421, 37.07203240361065], [-122.71503409431996, 37.072655250949175]]]}}, {"type": "Feature", "properties": {"speed": 0.228}, "geometry": {"type": "MultiLineString", "coordinates": [[[-122.66, 37.06], [-122.68419531345367, 37.07203980017454]], [[-122.67818826729844, 37.063427866797596], [-122.68419531345367, 37.07203980017454], [-122.67370300050474, 37.07244150775703]]]}}, {"type": "Feature", "properties": {"speed": 0.242}, "geometry": {"type": "MultiLineString", "coordinates": [[[-122.61999999999999, 37.06], [-122.64466492727398, 37.07409926451743]], [[-122.63916331902949, 37.06515598174631], [-122.64466492727398, 37.07409926451743], [-122.63416688269267, 37.07389663192168]]]}}, {"type": "Feature", "properties": {"speed": 0.26}, "geometry": {"type": "MultiLineString", "coordinates": [[[-122.58, 37.06], [-122.60513180300593, 37.076620645299556]], [[-122.60022276993692, 37.067338867758195], [-122.60513180300593, 37.076620645299556], [-122.59466909463066, 37.07573648838244]]]}}, {"type": "Feature", "properties": {"speed": 0.298}, "geometry": {"type": "MultiLineString", "coordinates": [[[-122.53999999999999, 37.06], [-122.56694799751043, 37.08062981575728]], [[-122.56269123850713, 37.07103137823923], [-122.56694799751043, 37.08062981575728], [-122.5565712541345, 37.07902569702414]]]}}, {"type": "Feature", "properties": {"speed": 0.315}, "geometry": {"type": "MultiLineString", "coordinates": [[[-122.5, 37.06], [-122.52565719000995, 37.08192697674036]], [[-122.52192266258331, 37.07211355201198], [-122.52565719000995, 37.08192697674036], [-122.51538170405948, 37.07976725720264]]]}}, {"type": "Feature", "properties": {"speed": 0.318}, "geometry": {"type": "MultiLineString", "coordinates": [[[-122.46, 37.06], [-122.48426831424236, 37.082911762818696]], [[-122.48102379946188, 37.07292561622257], [-122.48426831424236, 37.082911762818696], [-122.47411224281437, 37.080246389833626]]]}}, {"type": "Feature", "properties": {"speed": 0.31}, "geometry": {"type": "MultiLineString", "coordinates": [[[-122.41999999999999, 37.06], [-122.44329871989785, 37.083543987423184]], [[-122.44039534854736, 37.07345337620279], [-122.44329871989785, 37.083543987423184], [-122.43323906510145, 37.08053510966276]]]}}, {"type": "Feature", "properties": {"speed": 0.223}, "geometry": {"type": "MultiLineString", "coordinates": [[[-122.38, 37.06], [-122.3916759063676, 37.08021120488644]], [[-122.39142543083221, 37.069714192835086], [-122.3916759063676, 37.08021120488644], [-122.38270764278988, 37.0747504129658]]]}}, {"type": "Feature", "properties": {"speed": 0.169}, "geometry": {"type": "MultiLineString", "coordinates": [[[-122.34, 37.06], [-122.34324799516239, 37.07666860282421]], [[-122.34642664667975, 37.06666129676658], [-122.34324799516239, 37.07666860282421], [-122.33654457022318, 37.06858688926307]]]}}, {"type": "Feature", "properties": {"speed": 0.116}, "geometry": {"type": "MultiLineString", "coordinates": [[[-122.3, 37.06], [-122.29550038203597, 37.07107473950833]], [[-122.30363261556947, 37.06443269330579], [-122.29550038203597, 37.07107473950833], [-122.29430515740678, 37.0606429880693]]]}}, {"type": "Feature", "properties": {"speed": 0.096}, "geometry": {"type": "MultiLineString", "coordinates": [[[-122.25999999999999, 37.06], [-122.25499352555721, 37.06869458820671]], [[-122.26395407773609, 37.06322115193234], [-122.25499352555721, 37.06869458820671], [-122.25522919474923, 37.05819723330026]]]}}, {"type": "Feature", "properties": {"speed": 0.26}, "geometry": {"type": "MultiLineString", "coordinates": [[[-122.69999999999999, 37.1], [-122.72668715827166, 37.11489207521081]], [[-122.72109357894459, 37.10600602601492], [-122.72668715827166, 37.11489207521081], [-122.71618758189527, 37.11479775704516]]]}}, {"type": "Feature", "properties": {"speed": 0.255}, "geometry": {"type": "MultiLineString", "coordinates": [[[-122.66, 37.1], [-122.68597863413393, 37.11486012060195]], [[-122.68047959420271, 37.105915258398724], [-122.68597863413393, 37.11486012060195], [-122.67548064817191, 37.114654473474296]]]}}, {"type": "Feature", "properties": {"speed": 0.27}, "geometry": {"type": "MultiLineString", "coordinates": [[[-122.61999999999999, 37.1], [-122.64536684647202, 37.11784304715693]], [[-122.64072617741255, 37.10842422606932], [-122.64536684647202, 37.11784304715693], [-122.63493381762208, 37.11665902476838]]]}}, {"type": "Feature", "properties": {"speed": 0.299}, "geometry": {"type": "MultiLineString", "coordinates": [[[-122.58, 37.1], [-122.6060748360306, 37.12153971605003]], [[-122.60217667845065, 37.111790133111164], [-122.6060748360306, 37.12153971605003], [-122.59576466134448, 37.11955218040465]]]}}, {"type": "Feature", "properties": {"speed": 0.313}, "geometry": {"type": "MultiLineString", "coordinates": [[[-122.53999999999999, 37.1], [-122.5649577872455, 37.1224444642663]], [[-122.56147231529445, 37.11253984487541], [-122.5649577872455, 37.1224444642663], [-122.55474012888031, 37.120025899085825]]]}}, {"type": "Feature", "properties": {"speed": 0.29}, "geometry": {"type": "MultiLineString", "coordinates": [[[-122.5, 37.1], [-122.52180085517466, 37.123166505619885]], [[-122.51915189554148, 37.11300614082025], [-122.52180085517466, 37.123166505619885], [-122.51181996400274, 37.11990585976143]]]}}, {"type": "Feature", "properties": {"speed": 0.26}, "geometry": {"type": "MultiLineString", "coordinates": [[[-122.46, 37.1], [-122.47801695302128, 37.1217214897275]], [[-122.47600874223558, 37.11141532218373], [-122.47801695302128, 37.1217214897275], [-122.46825957115044, 37.11784289474649]]]}}, {"type": "Feature", "properties": {"speed": 0.17}, "geometry": {"type": "MultiLineString", "coordinates": [[[-122.41999999999999, 37.1], [-122.42526393903418, 37.11651879772544]], [[-122.4272625229644, 37.106210759004426], [-122.42526393903418, 37.11651879772544], [-122.41766986304614, 37.10926759024752]]]}}, {"type": "Feature", "properties": {"speed": 0.111}, "geometry": {"type": "MultiLineString", "coordinates": [[[-122.38, 37.1], [-122.37488750007003, 37.110272067040206]], [[-122.3834999158551, 37.104265712543075], [-122.37488750007003, 37.110272067040206], [-122.374486635144, 37.099779721863314]]]}}, {"type": "Feature", "properties": {"speed": 0.087}, "geometry": {"type": "MultiLineString", "coordinates": [[[-122.34, 37.1], [-122.33267331603915, 37.10650256825611]], [[-122.34290659729237, 37.104150982664954], [-122.33267331603915, 37.10650256825611], [-122.33622359045361, 37.0966209918848]]]}}, {"type": "Feature", "properties": {"speed": 0.087}, "geometry": {"type": "MultiLineString", "coordinates": [[[-122.3, 37.1], [-122.29189834669232, 37.10589438714087]], [[-122.30231112957311, 37.10454384921936], [-122.29189834669232, 37.10589438714087], [-122.29638795881849, 37.09640263372243]]]}}, {"type": "Feature", "properties": {"speed": 0.079}, "geometry": {"type": "MultiLineString", "coordinates": [[[-122.25999999999999, 37.1], [-122.2519252321124, 37.10451595289633]], [[-122.26242471440986, 37.10441168648203], [-122.2519252321124, 37.10451595289633], [-122.25751038944583, 37.09562460780344]]]}}, {"type": "Feature", "properties": {"speed": 0.275}, "geometry": {"type": "MultiLineString", "coordinates": [[[-122.69999999999999, 37.14], [-122.72713463269173, 37.15703428849578]], [[-122.72200686466563, 37.14787153808607], [-122.72713463269173, 37.15703428849578], [-122.71665389919247, 37.156398501332106]]]}}, {"type": "Feature", "properties": {"speed": 0.263}, "geometry": {"type": "MultiLineString", "coordinates": [[[-122.66, 37.14], [-122.68421654947102, 37.15787036471069]], [[-122.67979118521568, 37.148348487206356], [-122.68421654947102, 37.15787036471069], [-122.67381313131875, 37.156449487956976]]]}}, {"type": "Feature", "properties": {"speed": 0.273}, "geometry": {"type": "MultiLineString", "coordinates": [[[-122.61999999999999, 37.14], [-122.64121128328144, 37.1613828664273]], [[-122.63829572834284, 37.15129576875751], [-122.64121128328144, 37.1613828664273], [-122.63114800221517, 37.15838613918224]]]}}, {"type": "Feature", "properties": {"speed": 0.299}, "geometry": {"type": "MultiLineString", "coordinates": [[[-122.58, 37.14], [-122.6016623544693, 37.1644102217257]], [[-122.59931127806536, 37.154176823475716], [-122.6016623544693, 37.1644102217257], [-122.59178095476362, 37.16085945563135]]]}}, {"type": "Feature", "properties": {"speed": 0.28}, "geometry": {"type": "MultiLineString", "coordinates": [[[-122.53999999999999, 37.14], [-122.5569647950679, 37.164520261213184]], [[-122.55586173358128, 37.15407836218299], [-122.5569647950679, 37.164520261213184], [-122.54758225334297, 37.15980667332497]]]}}, {"type": "Feature", "properties": {"speed": 0.238}, "geometry": {"type": "MultiLineString", "coordinates": [[[-122.5, 37.14], [-122.50958315934986, 37.162508474066854]], [[-122.51060515883341, 37.152058329711124], [-122.50958315934986, 37.162508474066854], [-122.50134185476502, 37.1560022540629]]]}}, {"type": "Feature", "properties": {"speed": 0.207}, "geometry": {"type": "MultiLineString", "coordinates": [[[-122.46, 37.14], [-122.46474849855527, 37.160304741337896]], [[-122.46755188218684, 37.15018589554333], [-122.46474849855527, 37.160304741337896], [-122.45774845805977, 37.152478539637116]]]}}, {"type": "Feature", "properties": {"speed": 0.129}, "geometry": {"type": "MultiLineString", "coordinates": [[[-122.41999999999999, 37.14], [-122.41601997109129, 37.15250948011875]], [[-122.42361073763041, 37.145254808289614], [-122.41601997109129, 37.15250948011875], [-122.41401668390716, 37.142202354406024]]]}}, {"type": "Feature", "properties": {"speed": 0.093}, "geometry": {"type": "MultiLineString", "coordinates": [[[-122.38, 37.14], [-122.37223854765296, 37.146891960743815]], [[-122.38247123086646, 37.14453777420656], [-122.37223854765296, 37.146891960743815], [-122.3757863103245, 37.13700948230841]]]}}, {"type": "Feature", "properties": {"speed": 0.092}, "geometry": {"type": "MultiLineString", "coordinates": [[[-122.34, 37.14], [-122.33245315138251, 37.14695626158267]], [[-122.34264035881229, 37.144412483922856], [-122.33245315138251, 37.14695626158267], [-122.33581680795464, 37.137009613179075]]]}}, {"type": "Feature", "properties": {"speed": 0.273}, "geometry": {"type": "MultiLineString", "coordinates": [[[-122.69999999999999, 37.18000000000001], [-122.72434594556688, 37.199223859533674]], [[-122.72023364647335, 37.18956264862793], [-122.72434594556688, 37.199223859533674], [-122.71399443222893, 37.197464265371885]]]}}, {"type": "Feature", "properties": {"speed": 0.251}, "geometry": {"type": "MultiLineString", "coordinates": [[[-122.66, 37.18000000000001], [-122.67809654384851, 37.200564455538995]], [[-122.67578822851549, 37.19032132709485], [-122.67809654384851, 37.200564455538995], [-122.668230060372, 37.196972449997844]]]}}, {"type": "Feature", "properties": {"speed": 0.254}, "geometry": {"type": "MultiLineString", "coordinates": [[[-122.61999999999999, 37.18000000000001], [-122.63672572828828, 37.2016529686004]], [[-122.6350766099858, 37.191283281583694], [-122.63672572828828, 37.2016529686004], [-122.62710891512071, 37.197437887996195]]]}}, {"type": "Feature", "properties": {"speed": 0.277}, "geometry": {"type": "MultiLineString", "coordinates": [[[-122.58, 37.18000000000001], [-122.59591495238244, 37.204629296734936]], [[-122.59514196055076, 37.19415778855186], [-122.59591495238244, 37.204629296734936], [-122.58668583281013, 37.19962196691556]]]}}, {"type": "Feature", "properties": {"speed": 0.255}, "geometry": {"type": "MultiLineString", "coordinates": [[[-122.53999999999999, 37.18000000000001], [-122.55177660096436, 37.20372565306724]], [[-122.55218876742163, 37.1932337457663], [-122.55177660096436, 37.20372565306724], [-122.54317065988259, 37.19771002524489]]]}}, {"type": "Feature", "properties": {"speed": 0.185}, "geometry": {"type": "MultiLineString", "coordinates": [[[-122.5, 37.18000000000001], [-122.50486031500623, 37.19807294040919]], [[-122.50732852197703, 37.18786715997116], [-122.50486031500623, 37.19807294040919], [-122.497606024808, 37.1904818091549]]]}}, {"type": "Feature", "properties": {"speed": 0.14}, "geometry": {"type": "MultiLineString", "coordinates": [[[-122.46, 37.18000000000001], [-122.4594389473577, 37.19401351206005]], [[-122.46483751194597, 37.185007652834734], [-122.4594389473577, 37.19401351206005], [-122.45477763502174, 37.18460489009365]]]}}, {"type": "Feature", "properties": {"speed": 0.096}, "geometry": {"type": "MultiLineString", "coordinates": [[[-122.41999999999999, 37.18000000000001], [-122.41841443658805, 37.189505987167365]], [[-122.42489582778006, 37.181245141676975], [-122.41841443658805, 37.189505987167365], [-122.41496508540418, 37.17958873067122]]]}}, {"type": "Feature", "properties": {"speed": 0.036}, "geometry": {"type": "MultiLineString", "coordinates": [[[-122.38, 37.18000000000001], [-122.37702353589236, 37.18271790195257]], [[-122.38722252804716, 37.1802217931756], [-122.37702353589236, 37.18271790195257], [-122.38043367176039, 37.172787092652136]]]}}, {"type": "Feature", "properties": {"speed": 0.065}, "geometry": {"type": "MultiLineString", "coordinates": [[[-122.34, 37.18000000000001], [-122.33462185055018, 37.184939361475415]], [[-122.34481363022466, 37.182413965057656], [-122.33462185055018, 37.184939361475415], [-122.33800344479852, 37.17499879708804]]]}}, {"type": "Feature", "properties": {"speed": 0.252}, "geometry": {"type": "MultiLineString", "coordinates": [[[-122.69999999999999, 37.22], [-122.72196086756884, 37.238126908689736]], [[-122.71805891725256, 37.22837884304935], [-122.72196086756884, 37.238126908689736], [-122.71164992042118, 37.236143384321785]]]}}, {"type": "Feature", "properties": {"speed": 0.236}, "geometry": {"type": "MultiLineString", "coordinates": [[[-122.66, 37.22], [-122.67546777319163, 37.24009418979287]], [[-122.67383609550195, 37.229721744183614], [-122.67546777319163, 37.24009418979287], [-122.66585806195178, 37.23586294294512]]]}}, {"type": "Feature", "properties": {"speed": 0.228}, "geometry": {"type": "MultiLineString", "coordinates": [[[-122.61999999999999, 37.22], [-122.63237665116786, 37.24056514658034]], [[-122.6319382832024, 37.23007430135572], [-122.63237665116786, 37.24056514658034], [-122.62331205808267, 37.23526579263857]]]}}, {"type": "Feature", "properties": {"speed": 0.201}, "geometry": {"type": "MultiLineString", "coordinates": [[[-122.58, 37.22], [-122.59065682712942, 37.23819812506437]], [[-122.5903443493807, 37.22770277572971], [-122.59065682712942, 37.23819812506437], [-122.58165646274072, 37.2327904045769]]]}}, {"type": "Feature", "properties": {"speed": 0.157}, "geometry": {"type": "MultiLineString", "coordinates": [[[-122.53999999999999, 37.22], [-122.54777973327785, 37.23446605660021]], [[-122.54784879779028, 37.22396628374109], [-122.54777973327785, 37.23446605660021], [-122.53898179478514, 37.22873488933005]]]}}, {"type": "Feature", "properties": {"speed": 0.134}, "geometry": {"type": "MultiLineString", "coordinates": [[[-122.5, 37.22], [-122.50541535904631, 37.23269087567925]], [[-122.5064289130721, 37.2222399088227], [-122.50541535904631, 37.23269087567925], [-122.49716879925059, 37.22619131788387]]]}}, {"type": "Feature", "properties": {"speed": 0.157}, "geometry": {"type": "MultiLineString", "coordinates": [[[-122.46, 37.22], [-122.4636830548197, 37.23545076537877]], [[-122.46644316728397, 37.225320030993515], [-122.4636830548197, 37.23545076537877], [-122.45664963090861, 37.22765455167679]]]}}, {"type": "Feature", "properties": {"speed": 0.154}, "geometry": {"type": "MultiLineString", "coordinates": [[[-122.41999999999999, 37.22], [-122.42429208204149, 37.23506229955703]], [[-122.4266081014877, 37.22482091029948], [-122.42429208204149, 37.23506229955703], [-122.41692560078437, 37.22757999016164]]]}}, {"type": "Feature", "properties": {"speed": 0.221}, "geometry": {"type": "MultiLineString", "coordinates": [[[-122.69999999999999, 37.260000000000005], [-122.7160634741187, 37.278082065507775]], [[-122.7137070457477, 37.26784989832128], [-122.7160634741187, 37.278082065507775], [-122.7061802186371, 37.274536468084854]]]}}, {"type": "Feature", "properties": {"speed": 0.236}, "geometry": {"type": "MultiLineString", "coordinates": [[[-122.66, 37.260000000000005], [-122.67709682494402, 37.279232951104646]], [[-122.67473714333586, 37.269001533670675], [-122.67709682494402, 37.279232951104646], [-122.66721244262587, 37.275690496279424]]]}}, {"type": "Feature", "properties": {"speed": 0.183}, "geometry": {"type": "MultiLineString", "coordinates": [[[-122.61999999999999, 37.260000000000005], [-122.63638306491076, 37.27284350082279]], [[-122.63223700092539, 37.26319673175593], [-122.63638306491076, 37.27284350082279], [-122.62602546071228, 37.27112012179664]]]}}, {"type": "Feature", "properties": {"speed": 0.096}, "geometry": {"type": "MultiLineString", "coordinates": [[[-122.58, 37.260000000000005], [-122.59082411967218, 37.264275767132645]], [[-122.58410339134599, 37.25620843729152], [-122.59082411967218, 37.264275767132645], [-122.58040447067424, 37.265572268100556]]]}}, {"type": "Feature", "properties": {"speed": 0.104}, "geometry": {"type": "MultiLineString", "coordinates": [[[-122.53999999999999, 37.260000000000005], [-122.54643103849142, 37.269005411528056]], [[-122.54517253145934, 37.25858110531372], [-122.54643103849142, 37.269005411528056], [-122.53697931302392, 37.264432131995044]]]}}, {"type": "Feature", "properties": {"speed": 0.144}, "geometry": {"type": "MultiLineString", "coordinates": [[[-122.5, 37.260000000000005], [-122.50277290376835, 37.274259079471236]], [[-122.50595532737572, 37.26425297233693], [-122.50277290376835, 37.274259079471236], [-122.49607252575726, 37.26617483958684]]]}}, {"type": "Feature", "properties": {"speed": 0.175}, "geometry": {"type": "MultiLineString", "coordinates": [[[-122.46, 37.260000000000005], [-122.4565535888914, 37.277309531569486]], [[-122.46329000443568, 37.26925529631002], [-122.4565535888914, 37.277309531569486], [-122.45341588446759, 37.26728931146467]]]}}, {"type": "Feature", "properties": {"speed": 0.104}, "geometry": {"type": "MultiLineString", "coordinates": [[[-122.41999999999999, 37.260000000000005], [-122.41100560322403, 37.26757097592578]], [[-122.42129696673776, 37.26548822845469], [-122.41100560322403, 37.26757097592578], [-122.41481347909541, 37.257785778873696]]]}}, {"type": "Feature", "properties": {"speed": 0.104}, "geometry": {"type": "MultiLineString", "coordinates": [[[-122.38, 37.260000000000005], [-122.37100560322403, 37.26757097592578]], [[-122.38129696673776, 37.26548822845469], [-122.37100560322403, 37.26757097592578], [-122.37481347909542, 37.257785778873696]]]}}, {"type": "Feature", "properties": {"speed": 0.177}, "geometry": {"type": "MultiLineString", "coordinates": [[[-122.69999999999999, 37.3], [-122.7148284593597, 37.31325876172632]], [[-122.71131470521608, 37.303364140368316], [-122.7148284593597, 37.31325876172632], [-122.70460393311522, 37.3108693971505]]]}}, {"type": "Feature", "properties": {"speed": 0.178}, "geometry": {"type": "MultiLineString", "coordinates": [[[-122.66, 37.3], [-122.67853615231812, 37.309913023561236]], [[-122.6727845143883, 37.301128454071254], [-122.67853615231812, 37.309913023561236], [-122.66803656874227, 37.3100065368428]]]}}, {"type": "Feature", "properties": {"speed": 0.129}, "geometry": {"type": "MultiLineString", "coordinates": [[[-122.61999999999999, 37.3], [-122.63622565835713, 37.301039675087665]], [[-122.62735179613055, 37.29542678196704], [-122.63622565835713, 37.301039675087665], [-122.62670800343231, 37.30547411357885]]]}}, {"type": "Feature", "properties": {"speed": 0.045}, "geometry": {"type": "MultiLineString", "coordinates": [[[-122.58, 37.3], [-122.58554298982024, 37.29920802435372]], [[-122.57570899583243, 37.29552800230925], [-122.58554298982024, 37.29920802435372], [-122.57713302841886, 37.30549472056296]]]}}, {"type": "Feature", "properties": {"speed": 0.072}, "geometry": {"type": "MultiLineString", "coordinates": [[[-122.53999999999999, 37.3], [-122.5432335333526, 37.30676525942981]], [[-122.54380170621631, 37.29628064309935], [-122.5432335333526, 37.30676525942981], [-122.53471801803207, 37.300622296071154]]]}}, {"type": "Feature", "properties": {"speed": 0.157}, "geometry": {"type": "MultiLineString", "coordinates": [[[-122.5, 37.3], [-122.50265419995412, 37.3155199021101]], [[-122.50606280504851, 37.305588567289924], [-122.50265419995412, 37.3155199021101], [-122.49613894705483, 37.30728573672081]]]}}, {"type": "Feature", "properties": {"speed": 0.184}, "geometry": {"type": "MultiLineString", "coordinates": [[[-122.46, 37.3], [-122.45928714119596, 37.31837350055575]], [[-122.46467456660574, 37.30936097330453], [-122.45928714119596, 37.31837350055575], [-122.45461419938586, 37.30897064913507]]]}}, {"type": "Feature", "properties": {"speed": 0.127}, "geometry": {"type": "MultiLineString", "coordinates": [[[-122.41999999999999, 37.3], [-122.4170048307441, 37.31243798155337]], [[-122.42405618689092, 37.304657983064246], [-122.4170048307441, 37.31243798155337], [-122.41426805173927, 37.302300918828955]]]}}]}