subset,rmse_log_model,rmse_log_pers,mae_log_model,mae_log_pers,rmse_mg_model,rmse_mg_pers
train,,,,,,
val,,,,,,
test,1.8983688354492188,1.5470830202102661,1.6818076,1.256757,12.759442329406738,7.120121479034424
all,1.8983688354492188,1.5470830202102661,1.6818076,1.256757,12.759442329406738,7.120121479034424
