month,rmse,bias
5,12.759442591435592,5.682183742523193
