lead_days,rmse_log
8,0.8000098466873169
16,0.7998437881469727
24,0.7997366786003113
32,0.799271821975708
