{
  "freeze_path": "/Users/yashnilmohanty/Desktop/HABs_Research/Data/Derived/HAB_convLSTM_core_v1_clean.nc",
  "ckpt_path": "/Users/yashnilmohanty/HAB_Models/convLSTM_best.pt",
  "seq": 6,
  "lead": 1,
  "global": [
    {
      "subset": "train",
      "rmse_log_model": 0.8064181208610535,
      "rmse_log_pers": 0.8926737308502197,
      "mae_log_model": 0.607429027557373,
      "mae_log_pers": 0.6173958778381348,
      "rmse_mg_model": 5.150606155395508,
      "rmse_mg_pers": 6.298438549041748,
      "mae_mg_model": 2.248650074005127,
      "mae_mg_pers": 2.6225931644439697,
      "skill_log_pct": 9.662610054016113,
      "skill_mg_pct": 18.224079132080078
    },
    {
      "subset": "val",
      "rmse_log_model": 0.7703672647476196,
      "rmse_log_pers": 0.8542553782463074,
      "mae_log_model": 0.5791034698486328,
      "mae_log_pers": 0.5965567231178284,
      "rmse_mg_model": 4.669777870178223,
      "rmse_mg_pers": 5.800528049468994,
      "mae_mg_model": 2.0301499366760254,
      "mae_mg_pers": 2.3842711448669434,
      "skill_log_pct": 9.820026397705078,
      "skill_mg_pct": 19.493919372558594
    },
    {
      "subset": "test",
      "rmse_log_model": 0.8062106966972351,
      "rmse_log_pers": 0.888878345489502,
      "mae_log_model": 0.6039360165596008,
      "mae_log_pers": 0.6242852807044983,
      "rmse_mg_model": 5.045891761779785,
      "rmse_mg_pers": 6.138978958129883,
      "mae_mg_model": 2.251152515411377,
      "mae_mg_pers": 2.6397693157196045,
      "skill_log_pct": 9.300220489501953,
      "skill_mg_pct": 17.805683135986328
    },
    {
      "subset": "all",
      "rmse_log_model": 0.8006129860877991,
      "rmse_log_pers": 0.8859940767288208,
      "mae_log_model": 0.6023277044296265,
      "mae_log_pers": 0.6149302124977112,
      "rmse_mg_model": 5.060857772827148,
      "rmse_mg_pers": 6.198110580444336,
      "mae_mg_model": 2.213306427001953,
      "mae_mg_pers": 2.5860097408294678,
      "skill_log_pct": 9.636754035949707,
      "skill_mg_pct": 18.348377227783203
    }
  ],
  "quartiles": [
    {
      "bin": 0,
      "rmse_log_model": 0.7646285891532898,
      "rmse_log_pers": 0.8006047010421753,
      "mae_log_model": 0.5696287155151367,
      "mae_log_pers": 0.5344692468643188,
      "rmse_mg_model": 3.6866321563720703,
      "rmse_mg_pers": 4.77523946762085,
      "mae_mg_model": 1.4425418376922607,
      "mae_mg_pers": 1.6707139015197754,
      "skill_log_pct": 4.493618011474609,
      "skill_mg_pct": 22.796916961669922,
      "bin_label": "<Q1(1.13)"
    },
    {
      "bin": 1,
      "rmse_log_model": 0.7684215307235718,
      "rmse_log_pers": 0.8332163095474243,
      "mae_log_model": 0.5772536993026733,
      "mae_log_pers": 0.5748496651649475,
      "rmse_mg_model": 4.464437961578369,
      "rmse_mg_pers": 5.524281024932861,
      "mae_mg_model": 1.8679605722427368,
      "mae_mg_pers": 2.162837266921997,
      "skill_log_pct": 7.776463031768799,
      "skill_mg_pct": 19.18517303466797,
      "bin_label": "Q1-Q2(1.13-1.44)"
    },
    {
      "bin": 2,
      "rmse_log_model": 0.8144257664680481,
      "rmse_log_pers": 0.9267339706420898,
      "mae_log_model": 0.611160397529602,
      "mae_log_pers": 0.6502275466918945,
      "rmse_mg_model": 5.231689929962158,
      "rmse_mg_pers": 6.571290016174316,
      "mae_mg_model": 2.360107898712158,
      "mae_mg_pers": 2.8209986686706543,
      "skill_log_pct": 12.118709564208984,
      "skill_mg_pct": 20.38564682006836,
      "bin_label": "Q2-Q3(1.44-1.97)"
    },
    {
      "bin": 3,
      "rmse_log_model": 0.8515328764915466,
      "rmse_log_pers": 0.9721777439117432,
      "mae_log_model": 0.6510369181632996,
      "mae_log_pers": 0.6997717618942261,
      "rmse_mg_model": 6.440563678741455,
      "rmse_mg_pers": 7.554830551147461,
      "mae_mg_model": 3.178044319152832,
      "mae_mg_pers": 3.684283494949341,
      "skill_log_pct": 12.40975284576416,
      "skill_mg_pct": 14.749068260192871,
      "bin_label": ">=Q3(1.97)"
    }
  ],
  "month": [
    {
      "month": 1,
      "rmse_log_model": 0.610694408416748,
      "rmse_log_pers": 0.6525371074676514,
      "mae_log_model": 0.4531646966934204,
      "mae_log_pers": 0.461897075176239,
      "rmse_mg_model": 1.9722561836242676,
      "rmse_mg_pers": 2.3998560905456543,
      "mae_mg_model": 0.9249527454376221,
      "mae_mg_pers": 1.0260599851608276,
      "skill_log_pct": 6.412309646606445,
      "skill_mg_pct": 17.817729949951172
    },
    {
      "month": 2,
      "rmse_log_model": 0.6473228335380554,
      "rmse_log_pers": 0.7216746211051941,
      "mae_log_model": 0.4855892062187195,
      "mae_log_pers": 0.5204848051071167,
      "rmse_mg_model": 2.7326276302337646,
      "rmse_mg_pers": 3.14674711227417,
      "mae_mg_model": 1.174818515777588,
      "mae_mg_pers": 1.3155046701431274,
      "skill_log_pct": 10.302675247192383,
      "skill_mg_pct": 13.160240173339844
    },
    {
      "month": 3,
      "rmse_log_model": 0.8243818879127502,
      "rmse_log_pers": 0.9348431825637817,
      "mae_log_model": 0.621254026889801,
      "mae_log_pers": 0.6700605154037476,
      "rmse_mg_model": 5.199920177459717,
      "rmse_mg_pers": 6.028149127960205,
      "mae_mg_model": 2.385263442993164,
      "mae_mg_pers": 2.734046220779419,
      "skill_log_pct": 11.816024780273438,
      "skill_mg_pct": 13.739358901977539
    },
    {
      "month": 4,
      "rmse_log_model": 0.936275839805603,
      "rmse_log_pers": 1.0761381387710571,
      "mae_log_model": 0.7235882878303528,
      "mae_log_pers": 0.7813391089439392,
      "rmse_mg_model": 6.790757179260254,
      "rmse_mg_pers": 8.275324821472168,
      "mae_mg_model": 3.3740808963775635,
      "mae_mg_pers": 4.047085285186768,
      "skill_log_pct": 12.996685028076172,
      "skill_mg_pct": 17.939693450927734
    },
    {
      "month": 5,
      "rmse_log_model": 0.9364778995513916,
      "rmse_log_pers": 1.0764200687408447,
      "mae_log_model": 0.7158395648002625,
      "mae_log_pers": 0.7648000121116638,
      "rmse_mg_model": 6.918841361999512,
      "rmse_mg_pers": 8.621326446533203,
      "mae_mg_model": 3.3665950298309326,
      "mae_mg_pers": 4.043747901916504,
      "skill_log_pct": 13.000702857971191,
      "skill_mg_pct": 19.74736976623535
    },
    {
      "month": 6,
      "rmse_log_model": 0.892108142375946,
      "rmse_log_pers": 1.0214977264404297,
      "mae_log_model": 0.6720103025436401,
      "mae_log_pers": 0.7146593928337097,
      "rmse_mg_model": 6.476225852966309,
      "rmse_mg_pers": 8.037057876586914,
      "mae_mg_model": 3.0651612281799316,
      "mae_mg_pers": 3.6016805171966553,
      "skill_log_pct": 12.666654586791992,
      "skill_mg_pct": 19.420438766479492
    },
    {
      "month": 7,
      "rmse_log_model": 0.8448604345321655,
      "rmse_log_pers": 0.9213747978210449,
      "mae_log_model": 0.6266613602638245,
      "mae_log_pers": 0.626061201095581,
      "rmse_mg_model": 5.442437171936035,
      "rmse_mg_pers": 6.74639892578125,
      "mae_mg_model": 2.40191912651062,
      "mae_mg_pers": 2.7467942237854004,
      "skill_log_pct": 8.30436897277832,
      "skill_mg_pct": 19.32826042175293
    },
    {
      "month": 8,
      "rmse_log_model": 0.8369739055633545,
      "rmse_log_pers": 0.8989185094833374,
      "mae_log_model": 0.6317732930183411,
      "mae_log_pers": 0.6047715544700623,
      "rmse_mg_model": 5.464906215667725,
      "rmse_mg_pers": 6.471224308013916,
      "mae_mg_model": 2.376730442047119,
      "mae_mg_pers": 2.596508264541626,
      "skill_log_pct": 6.891012191772461,
      "skill_mg_pct": 15.550661087036133
    },
    {
      "month": 9,
      "rmse_log_model": 0.8035012483596802,
      "rmse_log_pers": 0.8833903670310974,
      "mae_log_model": 0.6208098530769348,
      "mae_log_pers": 0.6203683018684387,
      "rmse_mg_model": 5.152658462524414,
      "rmse_mg_pers": 6.439484119415283,
      "mae_mg_model": 2.476135492324829,
      "mae_mg_pers": 2.9908673763275146,