{
  "train": 0.7637301112146647,
  "val": 0.7341518534766268,
  "test": 0.7663904919928541
}