year	rmse	mae	r2
2016	0.21351754335280732	0.15868116915225983	0.6320120096206665
2017	0.21247225959012414	0.15355798602104187	0.6689549088478088
2018	0.2161730132574479	0.1541277915239334	0.6466184258460999
2019	0.23890320326245182	0.17506423592567444	0.6851495504379272
2020	0.20956614437740007	0.15108457207679749	0.6732273101806641
