year	rmse	mae	r2
2016	0.21286358792867413	0.15842461585998535	0.6342626810073853
2017	0.21222646161727712	0.15309622883796692	0.6697204113006592
2018	0.215946531714158	0.15373316407203674	0.6473585367202759
2019	0.23771945984304274	0.17426663637161255	0.688261866569519
2020	0.2094794141128371	0.151006281375885	0.6734977960586548
