rmse_log	mae_log	rmse_lin	r2	roc_auc	pr_auc	thr	tp	fp	tn	fn
0.23753902654235096	0.16817288100719452	0.7279812532696586	0.6021965146064758	0.9276565020197636	0.3997845872741786	0.81529	3766	5783	142459	3194
