rmse_log	mae_log	rmse_lin	r2	roc_auc	pr_auc	thr	tp	fp	tn	fn
0.2393460947766859	0.17001982033252716	0.7351862388229784	0.6117028594017029	0.9324663643047685	0.45469480120123495	0.4889944	4887	6898	143363	2932
