rmse_log	mae_log	rmse_lin	r2	roc_auc	pr_auc	thr	tp	fp	tn	fn
0.23634555846927993	0.16717126965522766	0.7232391727561982	0.6061838865280151	0.9295907392882127	0.41431571408420775	0.79961926	4084	6313	141929	2876
